{
  "f46876e4-e81b-4931-b493-6d367be385e7": {
    "assetUuid": "f46876e4-e81b-4931-b493-6d367be385e7",
    "animationUuid": "",
    "expandLevels": [
      "0"
    ]
  },
  "f2dd1719-ac66-4b94-b56c-def0c7bf8015": {
    "assetUuid": "f2dd1719-ac66-4b94-b56c-def0c7bf8015",
    "animationUuid": "",
    "expandLevels": [
      "0",
      "0_2",
      "0_3_0",
      "0_3_0_0",
      "0_3_0_0_0",
      "0_4_0",
      "0_5_0",
      "0_5_0_2_0",
      "0_5_0_2_0_0",
      "0_6"
    ]
  },
  "15b3cd06-9bab-4515-8b52-a87f168c4ef4": {
    "assetUuid": "15b3cd06-9bab-4515-8b52-a87f168c4ef4",
    "animationUuid": "",
    "expandLevels": [
      "0"
    ]
  }
}
