[
  {
    "__type__": "cc.Prefab",
    "_name": "",
    "_objFlags": 0,
    "_native": "",
    "data": {
      "__id__": 1
    },
    "optimizationPolicy": 0
  },
  {
    "__type__": "cc.Node",
    "_name": "@Revive",
    "_objFlags": 0,
    "_parent": null,
    "_children": [
      {
        "__id__": 2
      }
    ],
    "_active": true,
    "_components": [
      {
        "__id__": 158
      }
    ],
    "_prefab": {
      "__id__": 160
    },
    "_lpos": {
      "__type__": "cc.Vec3",
      "x": 0,
      "y": 0,
      "z": 0
    },
    "_lrot": {
      "__type__": "cc.Quat",
      "x": 0,
      "y": 0,
      "z": 0,
      "w": 1
    },
    "_lscale": {
      "__type__": "cc.Vec3",
      "x": 1,
      "y": 1,
      "z": 1
    },
    "_layer": 1073741824,
    "_euler": {
      "__type__": "cc.Vec3",
      "x": 0,
      "y": 0,
      "z": 0
    },
    "_id": ""
  },
  {
    "__type__": "cc.Node",
    "_name": "RootNode",
    "_objFlags": 0,
    "_parent": {
      "__id__": 1
    },
    "_children": [
      {
        "__id__": 3
      }
    ],
    "_active": true,
    "_components": [],
    "_prefab": {
      "__id__": 157
    },
    "_lpos": {
      "__type__": "cc.Vec3",
      "x": 0,
      "y": 0,
      "z": 0
    },
    "_lrot": {
      "__type__": "cc.Quat",
      "x": 0,
      "y": 0,
      "z": 0,
      "w": 1
    },
    "_lscale": {
      "__type__": "cc.Vec3",
      "x": 1,
      "y": 1,
      "z": 1
    },
    "_layer": 1073741824,
    "_euler": {
      "__type__": "cc.Vec3",
      "x": 0,
      "y": 0,
      "z": 0
    },
    "_id": ""
  },
  {
    "__type__": "cc.Node",
    "_name": "Bip001",
    "_objFlags": 0,
    "_parent": {
      "__id__": 2
    },
    "_children": [
      {
        "__id__": 4
      }
    ],
    "_active": true,
    "_components": [],
    "_prefab": {
      "__id__": 156
    },
    "_lpos": {
      "__type__": "cc.Vec3",
      "x": 0.688260614871979,
      "y": 0.120399996638298,
      "z": -0.126960173249245
    },
    "_lrot": {
      "__type__": "cc.Quat",
      "x": 0.4714414847453846,
      "y": 0.16403760266774142,
      "z": 0.8583608400932826,
      "w": -0.11853800895257832
    },
    "_lscale": {
      "__type__": "cc.Vec3",
      "x": 10,
      "y": 10,
      "z": 10
    },
    "_layer": 1073741824,
    "_euler": {
      "__type__": "cc.Vec3",
      "x": -156.80609291954153,
      "y": -121.87131009113881,
      "z": -2.7987803324215057
    },
    "_id": ""
  },
  {
    "__type__": "cc.Node",
    "_name": "Bip001 Pelvis",
    "_objFlags": 0,
    "_parent": {
      "__id__": 3
    },
    "_children": [
      {
        "__id__": 5
      }
    ],
    "_active": true,
    "_components": [],
    "_prefab": {
      "__id__": 155
    },
    "_lpos": {
      "__type__": "cc.Vec3",
      "x": 0,
      "y": 0,
      "z": 0
    },
    "_lrot": {
      "__type__": "cc.Quat",
      "x": -0.4999996423720031,
      "y": -0.5000003576277411,
      "z": -0.4999996423720031,
      "w": 0.5000003576277411
    },
    "_lscale": {
      "__type__": "cc.Vec3",
      "x": 1,
      "y": 1.00000011920929,
      "z": 1.00000011920929
    },
    "_layer": 1073741824,
    "_euler": {
      "__type__": "cc.Vec3",
      "x": -89.99991803772988,
      "y": -90,
      "z": 0
    },
    "_id": ""
  },
  {
    "__type__": "cc.Node",
    "_name": "Bip001 Spine",
    "_objFlags": 0,
    "_parent": {
      "__id__": 4
    },
    "_children": [
      {
        "__id__": 6
      },
      {
        "__id__": 138
      },
      {
        "__id__": 146
      }
    ],
    "_active": true,
    "_components": [],
    "_prefab": {
      "__id__": 154
    },
    "_lpos": {
      "__type__": "cc.Vec3",
      "x": 0.00876088161021471,
      "y": 0.00118962279520929,
      "z": 0.00000523328753843089
    },
    "_lrot": {
      "__type__": "cc.Quat",
      "x": -0.33513897529536135,
      "y": -0.26757180588684565,
      "z": -0.07965978949673527,
      "w": 0.8998563851358522
    },
    "_lscale": {
      "__type__": "cc.Vec3",
      "x": 1,
      "y": 1,
      "z": 1
    },
    "_layer": 1073741824,
    "_euler": {
      "__type__": "cc.Vec3",
      "x": -40.25584176621451,
      "y": -32.36380083449859,
      "z": 2.062104359932231
    },
    "_id": ""
  },
  {
    "__type__": "cc.Node",
    "_name": "Bip001 Spine1",
    "_objFlags": 0,
    "_parent": {
      "__id__": 5
    },
    "_children": [
      {
        "__id__": 7
      }
    ],
    "_active": true,
    "_components": [],
    "_prefab": {
      "__id__": 137
    },
    "_lpos": {
      "__type__": "cc.Vec3",
      "x": 0.0117083406075835,
      "y": -0.00000927448218135396,
      "z": 5.81741346650233e-7
    },
    "_lrot": {
      "__type__": "cc.Quat",
      "x": -0.031328890351269324,
      "y": -0.006273211887015653,
      "z": 0.0009355804613864704,
      "w": 0.999489005507904
    },
    "_lscale": {
      "__type__": "cc.Vec3",
      "x": 1,
      "y": 1.00000011920929,
      "z": 0.99999988079071
    },
    "_layer": 1073741824,
    "_euler": {
      "__type__": "cc.Vec3",
      "x": -3.589876861827891,
      "y": -0.7151514404951081,
      "z": 0.1296759470575259
    },
    "_id": ""
  },
  {
    "__type__": "cc.Node",
    "_name": "Bip001 Spine2",
    "_objFlags": 0,
    "_parent": {
      "__id__": 6
    },
    "_children": [
      {
        "__id__": 8
      },
      {
        "__id__": 100
      },
      {
        "__id__": 112
      },
      {
        "__id__": 122
      }
    ],
    "_active": true,
    "_components": [],
    "_prefab": {
      "__id__": 136
    },
    "_lpos": {
      "__type__": "cc.Vec3",
      "x": 0.0116709275171161,
      "y": -0.0000144219393405365,
      "z": 0.00000181674954546907
    },
    "_lrot": {
      "__type__": "cc.Quat",
      "x": -0.06262571204743586,
      "y": -0.012539936840736258,
      "z": 0.001870164250702918,
      "w": 0.9979565484830777
    },
    "_lscale": {
      "__type__": "cc.Vec3",
      "x": 1,
      "y": 0.999999940395355,
      "z": 1
    },
    "_layer": 1073741824,
    "_euler": {
      "__type__": "cc.Vec3",
      "x": -7.1778875586698865,
      "y": -1.4207791075847962,
      "z": 0.30385986613751187
    },
    "_id": ""
  },
  {
    "__type__": "cc.Node",
    "_name": "Bip001 Neck",
    "_objFlags": 0,
    "_parent": {
      "__id__": 7
    },
    "_children": [
      {
        "__id__": 9
      },
      {
        "__id__": 47
      },
      {
        "__id__": 89
      }
    ],
    "_active": true,
    "_components": [],
    "_prefab": {
      "__id__": 99
    },
    "_lpos": {
      "__type__": "cc.Vec3",
      "x": 0.0232594106346369,
      "y": -0.00196435325779021,
      "z": -0.00000123500819881883
    },
    "_lrot": {
      "__type__": "cc.Quat",
      "x": 0.1407804896965146,
      "y": -0.11177582727526564,
      "z": -0.07207039542955722,
      "w": 0.9810672129168148
    },
    "_lscale": {
      "__type__": "cc.Vec3",
      "x": 0.99999988079071,
      "y": 0.999999821186066,
      "z": 0.999999940395355
    },
    "_layer": 1073741824,
    "_euler": {
      "__type__": "cc.Vec3",
      "x": 15.313212139739418,
      "y": -11.658015435019148,
      "z": -9.955515247827485
    },
    "_id": ""
  },
  {
    "__type__": "cc.Node",
    "_name": "Bip001 L Clavicle",
    "_objFlags": 0,
    "_parent": {
      "__id__": 8
    },
    "_children": [
      {
        "__id__": 10
      }
    ],
    "_active": true,
    "_components": [],
    "_prefab": {
      "__id__": 46
    },
    "_lpos": {
      "__type__": "cc.Vec3",
      "x": -0.00405361177399755,
      "y": -0.0000611341019975953,
      "z": 0.00626527285203338
    },
    "_lrot": {
      "__type__": "cc.Quat",
      "x": 0.6295195092575301,
      "y": 0.38263993669259333,
      "z": 0.6529429420801627,
      "w": 0.17594709630951047
    },
    "_lscale": {
      "__type__": "cc.Vec3",
      "x": 0.999999940395355,
      "y": 1.00000011920929,
      "z": 0.999999940395355
    },
    "_layer": 1073741824,
    "_euler": {
      "__type__": "cc.Vec3",
      "x": -156.67996076206768,
      "y": -101.95034653012627,
      "z": 45.35916522038797
    },
    "_id": ""
  },
  {
    "__type__": "cc.Node",
    "_name": "Bip001 L UpperArm",
    "_objFlags": 0,
    "_parent": {
      "__id__": 9
    },
    "_children": [
      {
        "__id__": 11
      }
    ],
    "_active": true,
    "_components": [],
    "_prefab": {
      "__id__": 45
    },
    "_lpos": {
      "__type__": "cc.Vec3",
      "x": 0.0112501569092274,
      "y": -2.22044599961948e-18,
      "z": -1.77635679969558e-17
    },
    "_lrot": {
      "__type__": "cc.Quat",
      "x": -0.21729385496015602,
      "y": 0.026509921562490747,
      "z": 0.01583800625126938,
      "w": 0.9756176311513081
    },
    "_lscale": {
      "__type__": "cc.Vec3",
      "x": 1.00000035762787,
      "y": 1.00000011920929,
      "z": 1.00000011920929
    },
    "_layer": 1073741824,
    "_euler": {
      "__type__": "cc.Vec3",
      "x": -25.145029255781353,
      "y": 3.3606688234266255,
      "z": 1.1106216219534335
    },
    "_id": ""
  },
  {
    "__type__": "cc.Node",
    "_name": "Bip001 L Forearm",
    "_objFlags": 0,
    "_parent": {
      "__id__": 10
    },
    "_children": [
      {
        "__id__": 12
      }
    ],
    "_active": true,
    "_components": [],
    "_prefab": {
      "__id__": 44
    },
    "_lpos": {
      "__type__": "cc.Vec3",
      "x": 0.0209654327481985,
      "y": 4.76837147544984e-9,
      "z": -4.76837147544984e-9
    },
    "_lrot": {
      "__type__": "cc.Quat",
      "x": 2.2699559236906284e-17,
      "y": -5.776321836471835e-17,
      "z": -0.08909279611355084,
      "w": 0.9960233298877439
    },
    "_lscale": {
      "__type__": "cc.Vec3",
      "x": 1.00000011920929,
      "y": 0.99999988079071,
      "z": 1
    },
    "_layer": 1073741824,
    "_euler": {
      "__type__": "cc.Vec3",
      "x": 2.0333930689407372e-15,
      "y": -6.463720657424369e-15,
      "z": -10.22283695062286
    },
    "_id": ""
  },
  {
    "__type__": "cc.Node",
    "_name": "Bip001 L Hand",
    "_objFlags": 0,
    "_parent": {
      "__id__": 11
    },
    "_children": [
      {
        "__id__": 13
      },
      {
        "__id__": 19
      },
      {
        "__id__": 25
      },
      {
        "__id__": 31
      },
      {
        "__id__": 37
      }
    ],
    "_active": true,
    "_components": [],
    "_prefab": {
      "__id__": 43
    },
    "_lpos": {
      "__type__": "cc.Vec3",
      "x": 0.0202247854322195,
      "y": 0,
      "z": 4.76837147544984e-9
    },
    "_lrot": {
      "__type__": "cc.Quat",
      "x": 0.9088784491300012,
      "y": 0.08195380898129498,
      "z": 0.11025007856682069,
      "w": -0.3937873259470283
    },
    "_lscale": {
      "__type__": "cc.Vec3",
      "x": 0.99999988079071,
      "y": 1.00000011920929,
      "z": 1
    },
    "_layer": 1073741824,
    "_euler": {
      "__type__": "cc.Vec3",
      "x": -132.6672965948826,
      "y": -15.394623205476107,
      "z": 3.5627660919113002
    },
    "_id": ""
  },
  {
    "__type__": "cc.Node",
    "_name": "Bip001 L Finger0",
    "_objFlags": 0,
    "_parent": {
      "__id__": 12
    },
    "_children": [
      {
        "__id__": 14
      }
    ],
    "_active": true,
    "_components": [],
    "_prefab": {
      "__id__": 18
    },
    "_lpos": {
      "__type__": "cc.Vec3",
      "x": 0.00338959903456271,
      "y": 0.000751839834265411,
      "z": -0.00355530739761889
    },
    "_lrot": {
      "__type__": "cc.Quat",
      "x": 0.38587069512947814,
      "y": 0.3383041620389029,
      "z": -0.03200396523006847,
      "w": 0.8576886654241165
    },
    "_lscale": {
      "__type__": "cc.Vec3",
      "x": 0.999999821186066,
      "y": 1,
      "z": 0.99999988079071
    },
    "_layer": 1073741824,
    "_euler": {
      "__type__": "cc.Vec3",
      "x": 44.31304718680499,
      "y": 38.19235062669162,
      "z": 11.898844289140587
    },
    "_id": ""
  },
  {
    "__type__": "cc.Node",
    "_name": "Bip001 L Finger01",
    "_objFlags": 0,
    "_parent": {
      "__id__": 13
    },
    "_children": [
      {
        "__id__": 15
      }
    ],
    "_active": true,
    "_components": [],
    "_prefab": {
      "__id__": 17
    },
    "_lpos": {
      "__type__": "cc.Vec3",
      "x": 0.00378629681654274,
      "y": 0,
      "z": 0
    },
    "_lrot": {
      "__type__": "cc.Quat",
      "x": -4.6615112918215955e-8,
      "y": 6.8903282149788285e-9,
      "z": 0.17410816017388314,
      "w": 0.9847265349125428
    },
    "_lscale": {
      "__type__": "cc.Vec3",
      "x": 1,
      "y": 1.00000023841858,
      "z": 1.00000011920929
    },
    "_layer": 1073741824,
    "_euler": {
      "__type__": "cc.Vec3",
      "x": -0.000005745944518229769,
      "y": 0.0000018177526627182448,
      "z": 20.05352545722228
    },
    "_id": ""
  },
  {
    "__type__": "cc.Node",
    "_name": "Bip001 L Finger02",
    "_objFlags": 0,
    "_parent": {
      "__id__": 14
    },
    "_children": [],
    "_active": true,
    "_components": [],
    "_prefab": {
      "__id__": 16
    },
    "_lpos": {
      "__type__": "cc.Vec3",
      "x": 0.00310073606669903,
      "y": -9.53674295089968e-9,
      "z": 0
    },
    "_lrot": {
      "__type__": "cc.Quat",
      "x": -1.3065338233219957e-8,
      "y": -1.653439529834732e-8,
      "z": 0.11640221704419283,
      "w": 0.9932021565961263
    },
    "_lscale": {
      "__type__": "cc.Vec3",
      "x": 0.999999940395355,
      "y": 0.999999940395355,
      "z": 1
    },
    "_layer": 1073741824,
    "_euler": {
      "__type__": "cc.Vec3",
      "x": -0.0000013017278305239753,
      "y": -0.0000017551090860551061,
      "z": 13.369018774858537
    },
    "_id": ""
  },
  {
    "__type__": "cc.PrefabInfo",
    "root": {
      "__id__": 1
    },
    "asset": {
      "__id__": 0
    },
    "fileId": "77s2WYSz9fZrHcuRRVjE2z"
  },
  {
    "__type__": "cc.PrefabInfo",
    "root": {
      "__id__": 1
    },
    "asset": {
      "__id__": 0
    },
    "fileId": "72NuRtCPhYvq8+RlDCjL/C"
  },
  {
    "__type__": "cc.PrefabInfo",
    "root": {
      "__id__": 1
    },
    "asset": {
      "__id__": 0
    },
    "fileId": "5avUmkkHtTX45UVLUjZT/Y"
  },
  {
    "__type__": "cc.Node",
    "_name": "Bip001 L Finger1",
    "_objFlags": 0,
    "_parent": {
      "__id__": 12
    },
    "_children": [
      {
        "__id__": 20
      }
    ],
    "_active": true,
    "_components": [],
    "_prefab": {
      "__id__": 24
    },
    "_lpos": {
      "__type__": "cc.Vec3",
      "x": 0.0100068254396319,
      "y": -0.0000837492916616611,
      "z": -0.00318700773641467
    },
    "_lrot": {
      "__type__": "cc.Quat",
      "x": -0.1353385920321303,
      "y": 0.04088510275393424,
      "z": 0.21685663263506869,
      "w": 0.965911525328143
    },
    "_lscale": {
      "__type__": "cc.Vec3",
      "x": 0.999999940395355,
      "y": 1.00000011920929,
      "z": 0.999999940395355
    },
    "_layer": 1073741824,
    "_euler": {
      "__type__": "cc.Vec3",
      "x": -17.80457949445464,
      "y": 8.672906669589358,
      "z": 24.07059812768284
    },
    "_id": ""
  },
  {
    "__type__": "cc.Node",
    "_name": "Bip001 L Finger11",
    "_objFlags": 0,
    "_parent": {
      "__id__": 19
    },
    "_children": [
      {
        "__id__": 21
      }
    ],
    "_active": true,
    "_components": [],
    "_prefab": {
      "__id__": 23
    },
    "_lpos": {
      "__type__": "cc.Vec3",
      "x": 0.00425854325294495,
      "y": 1.78813930329369e-9,
      "z": 0
    },
    "_lrot": {
      "__type__": "cc.Quat",
      "x": 2.766593997490953e-8,
      "y": 1.5847506031830038e-8,
      "z": 0.39225610134187094,
      "w": 0.9198560490424982
    },
    "_lscale": {
      "__type__": "cc.Vec3",
      "x": 1,
      "y": 1.00000011920929,
      "z": 1.00000011920929
    },
    "_layer": 1073741824,
    "_euler": {
      "__type__": "cc.Vec3",
      "x": 0.0000031835409426004457,
      "y": 6.16647642691176e-7,
      "z": 46.18990729092243
    },
    "_id": ""
  },
  {
    "__type__": "cc.Node",
    "_name": "Bip001 L Finger12",
    "_objFlags": 0,
    "_parent": {
      "__id__": 20
    },
    "_children": [],
    "_active": true,
    "_components": [],
    "_prefab": {
      "__id__": 22
    },
    "_lpos": {
      "__type__": "cc.Vec3",
      "x": 0.00269486173056066,
      "y": -7.15255721317476e-9,
      "z": 9.53674295089968e-9
    },
    "_lrot": {
      "__type__": "cc.Quat",
      "x": -7.3422042404461634e-9,
      "y": 6.641077078147627e-9,
      "z": 0.11640220234493463,
      "w": 0.9932021583188635
    },
    "_lscale": {
      "__type__": "cc.Vec3",
      "x": 1,
      "y": 1.00000023841858,
      "z": 1
    },
    "_layer": 1073741824,
    "_euler": {
      "__type__": "cc.Vec3",
      "x": -9.499615925494458e-7,
      "y": 8.775544738938231e-7,
      "z": 13.369017078918862
    },
    "_id": ""
  },
  {
    "__type__": "cc.PrefabInfo",
    "root": {
      "__id__": 1
    },
    "asset": {
      "__id__": 0
    },
    "fileId": "e09/7NrsVY9JXfkQjXEtkT"
  },
  {
    "__type__": "cc.PrefabInfo",
    "root": {
      "__id__": 1
    },
    "asset": {
      "__id__": 0
    },
    "fileId": "0f0AuXDZlW6oztN6tGRmHI"
  },
  {
    "__type__": "cc.PrefabInfo",
    "root": {
      "__id__": 1
    },
    "asset": {
      "__id__": 0
    },
    "fileId": "2fXghyNZpV+Z6dihPnw9aC"
  },
  {
    "__type__": "cc.Node",
    "_name": "Bip001 L Finger2",
    "_objFlags": 0,
    "_parent": {
      "__id__": 12
    },
    "_children": [
      {
        "__id__": 26
      }
    ],
    "_active": true,
    "_components": [],
    "_prefab": {
      "__id__": 30
    },
    "_lpos": {
      "__type__": "cc.Vec3",
      "x": 0.00977932009845972,
      "y": -0.00028332113288343,
      "z": -0.000841693836264312
    },
    "_lrot": {
      "__type__": "cc.Quat",
      "x": -0.05412511300494787,
      "y": -0.052619350625835455,
      "z": 0.2556261786984161,
      "w": 0.9638241192489232
    },
    "_lscale": {
      "__type__": "cc.Vec3",
      "x": 0.999999940395355,
      "y": 1,
      "z": 1
    },
    "_layer": 1073741824,
    "_euler": {
      "__type__": "cc.Vec3",
      "x": -5.124450644540275,
      "y": -4.880807746622185,
      "z": 29.89773104932372
    },
    "_id": ""
  },
  {
    "__type__": "cc.Node",
    "_name": "Bip001 L Finger21",
    "_objFlags": 0,
    "_parent": {
      "__id__": 25
    },
    "_children": [
      {
        "__id__": 27
      }
    ],
    "_active": true,
    "_components": [],
    "_prefab": {
      "__id__": 29
    },
    "_lpos": {
      "__type__": "cc.Vec3",
      "x": 0.00446991622447968,
      "y": -1.19209286886246e-9,
      "z": 0
    },
    "_lrot": {
      "__type__": "cc.Quat",
      "x": 6.363879132059863e-9,
      "y": 6.7997944311645866e-9,
      "z": 0.17410814572443103,
      "w": 0.9847265374673317
    },
    "_lscale": {
      "__type__": "cc.Vec3",
      "x": 1.00000011920929,
      "y": 1,
      "z": 1.00000011920929
    },
    "_layer": 1073741824,
    "_euler": {
      "__type__": "cc.Vec3",
      "x": 6.200348399805215e-7,
      "y": 6.816571942678026e-7,
      "z": 20.053523775755277
    },
    "_id": ""
  },
  {
    "__type__": "cc.Node",
    "_name": "Bip001 L Finger22",
    "_objFlags": 0,
    "_parent": {
      "__id__": 26
    },
    "_children": [],
    "_active": true,
    "_components": [],
    "_prefab": {
      "__id__": 28
    },
    "_lpos": {
      "__type__": "cc.Vec3",
      "x": 0.00304985395632684,
      "y": 5.9604643443123e-10,
      "z": -9.53674295089968e-9
    },
    "_lrot": {
      "__type__": "cc.Quat",
      "x": 3.72529029846191e-9,
      "y": 7.45058059692383e-9,
      "z": -1.49011611938477e-8,
      "w": 1
    },
    "_lscale": {
      "__type__": "cc.Vec3",
      "x": 1,
      "y": 1,
      "z": 1
    },
    "_layer": 1073741824,
    "_euler": {
      "__type__": "cc.Vec3",
      "x": 4.268868358480154e-7,
      "y": 8.537736526127039e-7,
      "z": -0.000001707547289322638
    },
    "_id": ""
  },
  {
    "__type__": "cc.PrefabInfo",
    "root": {
      "__id__": 1
    },
    "asset": {
      "__id__": 0
    },
    "fileId": "b2fO/bDndQr6P3fTMLHAJP"
  },
  {
    "__type__": "cc.PrefabInfo",
    "root": {
      "__id__": 1
    },
    "asset": {
      "__id__": 0
    },
    "fileId": "6dstzZDmRcH4/3Yrqf2rZ6"
  },
  {
    "__type__": "cc.PrefabInfo",
    "root": {
      "__id__": 1
    },
    "asset": {
      "__id__": 0
    },
    "fileId": "60GVavVd5ZHKGlv0uj/QDX"
  },
  {
    "__type__": "cc.Node",
    "_name": "Bip001 L Finger3",
    "_objFlags": 0,
    "_parent": {
      "__id__": 12
    },
    "_children": [
      {
        "__id__": 32
      }
    ],
    "_active": true,
    "_components": [],
    "_prefab": {
      "__id__": 36
    },
    "_lpos": {
      "__type__": "cc.Vec3",
      "x": 0.00994965154677629,
      "y": -0.000171351435710676,
      "z": 0.00139930716250092
    },
    "_lrot": {
      "__type__": "cc.Quat",
      "x": -0.10592368924337611,
      "y": -0.03407516681827482,
      "z": 0.3063347022564231,
      "w": 0.9453983844162459
    },
    "_lscale": {
      "__type__": "cc.Vec3",
      "x": 0.999999940395355,
      "y": 1,
      "z": 0.99999988079071
    },
    "_layer": 1073741824,
    "_euler": {
      "__type__": "cc.Vec3",
      "x": -12.79637020627704,
      "y": 0.03303282959560288,
      "z": 35.90445929296123
    },
    "_id": ""
  },
  {
    "__type__": "cc.Node",
    "_name": "Bip001 L Finger31",
    "_objFlags": 0,
    "_parent": {
      "__id__": 31
    },
    "_children": [
      {
        "__id__": 33
      }
    ],
    "_active": true,
    "_components": [],
    "_prefab": {
      "__id__": 35
    },
    "_lpos": {
      "__type__": "cc.Vec3",
      "x": 0.0038995745126158,
      "y": -7.45058015283462e-10,
      "z": -9.53674295089968e-9
    },
    "_lrot": {
      "__type__": "cc.Quat",
      "x": 1.86264514923096e-9,
      "y": 1.76951289176941e-8,
      "z": 8.67361737988404e-18,
      "w": 1
    },
    "_lscale": {
      "__type__": "cc.Vec3",
      "x": 1,
      "y": 1,
      "z": 1
    },
    "_layer": 1073741824,
    "_euler": {
      "__type__": "cc.Vec3",
      "x": 2.134434115628988e-7,
      "y": 0.000002027712409847537,
      "z": 4.770832022195283e-15
    },
    "_id": ""
  },
  {
    "__type__": "cc.Node",
    "_name": "Bip001 L Finger32",
    "_objFlags": 0,
    "_parent": {
      "__id__": 32
    },
    "_children": [],
    "_active": true,
    "_components": [],
    "_prefab": {
      "__id__": 34
    },
    "_lpos": {
      "__type__": "cc.Vec3",
      "x": 0.00260700099170208,
      "y": 1.63912772244146e-9,
      "z": 9.53674295089968e-9
    },
    "_lrot": {
      "__type__": "cc.Quat",
      "x": 1.86264514923096e-9,
      "y": 1.76951289176941e-8,
      "z": -3.29597460435593e-17,
      "w": 1
    },
    "_lscale": {
      "__type__": "cc.Vec3",
      "x": 1,
      "y": 1,
      "z": 1
    },
    "_layer": 1073741824,
    "_euler": {
      "__type__": "cc.Vec3",
      "x": 2.1344341156289884e-7,
      "y": 0.000002027712409847537,
      "z": 1.1299600123008406e-29
    },
    "_id": ""
  },
  {
    "__type__": "cc.PrefabInfo",
    "root": {
      "__id__": 1
    },
    "asset": {
      "__id__": 0
    },
    "fileId": "5e22SyHpxTeoch9zGdptMD"
  },
  {
    "__type__": "cc.PrefabInfo",
    "root": {
      "__id__": 1
    },
    "asset": {
      "__id__": 0
    },
    "fileId": "eb6lrbs6RQFLLX01LpXSqN"
  },
  {
    "__type__": "cc.PrefabInfo",
    "root": {
      "__id__": 1
    },
    "asset": {
      "__id__": 0
    },
    "fileId": "f30d48d55e87J6mxqFgk+7"
  },
  {
    "__type__": "cc.Node",
    "_name": "Bip001 L Finger4",
    "_objFlags": 0,
    "_parent": {
      "__id__": 12
    },
    "_children": [
      {
        "__id__": 38
      }
    ],
    "_active": true,
    "_components": [],
    "_prefab": {
      "__id__": 42
    },
    "_lpos": {
      "__type__": "cc.Vec3",
      "x": 0.00942855887115002,
      "y": 0.00122400757391006,
      "z": 0.00280827516689897
    },
    "_lrot": {
      "__type__": "cc.Quat",
      "x": -0.13712106677914035,
      "y": -0.023193346391974963,
      "z": 0.24912338018416413,
      "w": 0.9584348820729078
    },
    "_lscale": {
      "__type__": "cc.Vec3",
      "x": 0.99999988079071,
      "y": 0.999999940395355,
      "z": 0.999999940395355
    },
    "_layer": 1073741824,
    "_euler": {
      "__type__": "cc.Vec3",
      "x": -16.687078703084275,
      "y": 1.5624436624610234,
      "z": 28.940275821145494
    },
    "_id": ""
  },
  {
    "__type__": "cc.Node",
    "_name": "Bip001 L Finger41",
    "_objFlags": 0,
    "_parent": {
      "__id__": 37
    },
    "_children": [
      {
        "__id__": 39
      }
    ],
    "_active": true,
    "_components": [],
    "_prefab": {
      "__id__": 41
    },
    "_lpos": {
      "__type__": "cc.Vec3",
      "x": 0.00284821027889848,
      "y": -1.11022299980974e-18,
      "z": 0
    },
    "_lrot": {
      "__type__": "cc.Quat",
      "x": -6.93889390390723e-18,
      "y": -1.30385160446167e-8,
      "z": 6.93889390390723e-18,
      "w": 1
    },
    "_lscale": {
      "__type__": "cc.Vec3",
      "x": 1,
      "y": 1,
      "z": 1
    },
    "_layer": 1073741824,
    "_euler": {
      "__type__": "cc.Vec3",
      "x": -7.951386599984511e-16,
      "y": -0.0000014941038809402895,
      "z": 7.951386807333077e-16
    },
    "_id": ""
  },
  {
    "__type__": "cc.Node",
    "_name": "Bip001 L Finger42",
    "_objFlags": 0,
    "_parent": {
      "__id__": 38
    },
    "_children": [],
    "_active": true,
    "_components": [],
    "_prefab": {
      "__id__": 40
    },
    "_lpos": {
      "__type__": "cc.Vec3",
      "x": 0.00182514544576406,
      "y": 1.19209286886246e-9,
      "z": 0
    },
    "_lrot": {
      "__type__": "cc.Quat",
      "x": 1.38777878078145e-17,
      "y": -1.30385160446167e-8,
      "z": 5.55111512312578e-17,
      "w": 1
    },
    "_lscale": {
      "__type__": "cc.Vec3",
      "x": 1,
      "y": 1,
      "z": 1
    },
    "_layer": 1073741824,
    "_euler": {
      "__type__": "cc.Vec3",
      "x": 1.5902774236711898e-15,
      "y": -0.0000014941038809402895,
      "z": 6.361109342192174e-15
    },
    "_id": ""
  },
  {
    "__type__": "cc.PrefabInfo",
    "root": {
      "__id__": 1
    },
    "asset": {
      "__id__": 0
    },
    "fileId": "992krbSqdcOJyDRtE/tEQy"
  },
  {
    "__type__": "cc.PrefabInfo",
    "root": {
      "__id__": 1
    },
    "asset": {
      "__id__": 0
    },
    "fileId": "08kpewTfddX6ABap/1R45X"
  },
  {
    "__type__": "cc.PrefabInfo",
    "root": {
      "__id__": 1
    },
    "asset": {
      "__id__": 0
    },
    "fileId": "9es4JkQThcl6qSK2h8RA0Q"
  },
  {
    "__type__": "cc.PrefabInfo",
    "root": {
      "__id__": 1
    },
    "asset": {
      "__id__": 0
    },
    "fileId": "b2De96C9tQ34JykfqPWy4O"
  },
  {
    "__type__": "cc.PrefabInfo",
    "root": {
      "__id__": 1
    },
    "asset": {
      "__id__": 0
    },
    "fileId": "01Ql3+QZFU9Jv7yYFdjHdq"
  },
  {
    "__type__": "cc.PrefabInfo",
    "root": {
      "__id__": 1
    },
    "asset": {
      "__id__": 0
    },
    "fileId": "dbKTtewJZQhIKfSz97rwHv"
  },
  {
    "__type__": "cc.PrefabInfo",
    "root": {
      "__id__": 1
    },
    "asset": {
      "__id__": 0
    },
    "fileId": "3d53YeC7JaeZQln0PCnKrp"
  },
  {
    "__type__": "cc.Node",
    "_name": "Bip001 R Clavicle",
    "_objFlags": 0,
    "_parent": {
      "__id__": 8
    },
    "_children": [
      {
        "__id__": 48
      }
    ],
    "_active": true,
    "_components": [],
    "_prefab": {
      "__id__": 88
    },
    "_lpos": {
      "__type__": "cc.Vec3",
      "x": -0.00605761492624879,
      "y": -0.00300469622015953,
      "z": -0.00315301399677992
    },
    "_lrot": {
      "__type__": "cc.Quat",
      "x": -0.43851934848894425,
      "y": 0.265013032980495,
      "z": 0.8052962236049842,
      "w": -0.29827313925136223
    },
    "_lscale": {
      "__type__": "cc.Vec3",
      "x": 1,
      "y": 1,
      "z": 1
    },
    "_layer": 1073741824,
    "_euler": {
      "__type__": "cc.Vec3",
      "x": -166.37348583365412,
      "y": 128.59098256589164,
      "z": -45.46508131941455
    },
    "_id": ""
  },
  {
    "__type__": "cc.Node",
    "_name": "Bip001 R UpperArm",
    "_objFlags": 0,
    "_parent": {
      "__id__": 47
    },
    "_children": [
      {
        "__id__": 49
      }
    ],
    "_active": true,
    "_components": [],
    "_prefab": {
      "__id__": 87
    },
    "_lpos": {
      "__type__": "cc.Vec3",
      "x": 0.0112501503899693,
      "y": 2.22044599961948e-18,
      "z": 0
    },
    "_lrot": {
      "__type__": "cc.Quat",
      "x": -0.5087586050797294,
      "y": -0.3847953383338363,
      "z": 0.15659524517397716,
      "w": 0.7540392287824145
    },
    "_lscale": {
      "__type__": "cc.Vec3",
      "x": 1.00000011920929,
      "y": 1.00000011920929,
      "z": 1.00000011920929
    },
    "_layer": 1073741824,
    "_euler": {
      "__type__": "cc.Vec3",
      "x": -56.17952443234632,
      "y": -32.735651979937,
      "z": 38.88017912036871
    },
    "_id": ""
  },
  {
    "__type__": "cc.Node",
    "_name": "Bip001 R Forearm",
    "_objFlags": 0,
    "_parent": {
      "__id__": 48
    },
    "_children": [
      {
        "__id__": 50
      }
    ],
    "_active": true,
    "_components": [],
    "_prefab": {
      "__id__": 86
    },
    "_lpos": {
      "__type__": "cc.Vec3",
      "x": 0.0209654327481985,
      "y": 9.53674295089968e-9,
      "z": 0
    },
    "_lrot": {
      "__type__": "cc.Quat",
      "x": 0,
      "y": 0,
      "z": -0.27264502774094085,
      "w": 0.9621146963060806
    },
    "_lscale": {
      "__type__": "cc.Vec3",
      "x": 1.00000011920929,
      "y": 1,
      "z": 1
    },
    "_layer": 1073741824,
    "_euler": {
      "__type__": "cc.Vec3",
      "x": 0,
      "y": 0,
      "z": -31.643444451032586
    },
    "_id": ""
  },
  {
    "__type__": "cc.Node",
    "_name": "Bip001 R Hand",
    "_objFlags": 0,
    "_parent": {
      "__id__": 49
    },
    "_children": [
      {
        "__id__": 51
      },
      {
        "__id__": 57
      },
      {
        "__id__": 63
      },
      {
        "__id__": 69
      },
      {
        "__id__": 75
      },
      {
        "__id__": 81
      }
    ],
    "_active": true,
    "_components": [],
    "_prefab": {
      "__id__": 85
    },
    "_lpos": {
      "__type__": "cc.Vec3",
      "x": 0.0202247947454453,
      "y": -1.43051144263495e-8,
      "z": 4.76837147544984e-9
    },
    "_lrot": {
      "__type__": "cc.Quat",
      "x": 0.49499764341577396,
      "y": 0.2540217900274948,
      "z": 0.17064124105531622,
      "w": 0.8132231121009528
    },
    "_lscale": {
      "__type__": "cc.Vec3",
      "x": 1.00000011920929,
      "y": 1,
      "z": 0.99999988079071
    },
    "_layer": 1073741824,
    "_euler": {
      "__type__": "cc.Vec3",
      "x": 57.83879069271194,
      "y": 16.725503953476835,
      "z": 31.939208501810636
    },
    "_id": ""
  },
  {
    "__type__": "cc.Node",
    "_name": "Bip001 R Finger0",
    "_objFlags": 0,
    "_parent": {
      "__id__": 50
    },
    "_children": [
      {
        "__id__": 52
      }
    ],
    "_active": true,
    "_components": [],
    "_prefab": {
      "__id__": 56
    },
    "_lpos": {
      "__type__": "cc.Vec3",
      "x": 0.00338959693908691,
      "y": 0.000751838670112193,
      "z": 0.00355531694367528
    },
    "_lrot": {
      "__type__": "cc.Quat",
      "x": -0.457175651290981,
      "y": -0.49933157358366154,
      "z": -0.02702646010905096,
      "w": 0.7354780580976605
    },
    "_lscale": {
      "__type__": "cc.Vec3",
      "x": 0.99999988079071,
      "y": 1.00000023841858,
      "z": 0.999999940395355
    },
    "_layer": 1073741824,
    "_euler": {
      "__type__": "cc.Vec3",
      "x": -50.3094997872686,
      "y": -56.63838042690438,
      "z": 24.633336108094348
    },
    "_id": ""
  },
  {
    "__type__": "cc.Node",
    "_name": "Bip001 R Finger01",
    "_objFlags": 0,
    "_parent": {
      "__id__": 51
    },
    "_children": [
      {
        "__id__": 53
      }
    ],
    "_active": true,
    "_components": [],
    "_prefab": {
      "__id__": 55
    },
    "_lpos": {
      "__type__": "cc.Vec3",
      "x": 0.00378630636259913,
      "y": 4.76837147544984e-9,
      "z": -2.38418573772492e-9
    },
    "_lrot": {
      "__type__": "cc.Quat",
      "x": -1.4382635803488873e-8,
      "y": -3.896723019228725e-9,
      "z": 0.26150459553844424,
      "w": 0.965202230888571
    },
    "_lscale": {
      "__type__": "cc.Vec3",
      "x": 0.999999940395355,
      "y": 0.99999988079071,
      "z": 1
    },
    "_layer": 1073741824,
    "_euler": {
      "__type__": "cc.Vec3",
      "x": -0.000001707547489272003,
      "y": -5.213601898722965e-14,
      "z": 30.318716526091716
    },
    "_id": ""
  },
  {
    "__type__": "cc.Node",
    "_name": "Bip001 R Finger02",
    "_objFlags": 0,
    "_parent": {
      "__id__": 52
    },
    "_children": [],
    "_active": true,
    "_components": [],
    "_prefab": {
      "__id__": 54
    },
    "_lpos": {
      "__type__": "cc.Vec3",
      "x": 0.00310072652064264,
      "y": 9.53674295089968e-9,
      "z": -2.38418573772492e-9
    },
    "_lrot": {
      "__type__": "cc.Quat",
      "x": -1.3005096861915072e-8,
      "y": -7.2740717388520985e-9,
      "z": 0.48815463144422333,
      "w": 0.872757157403796
    },
    "_lscale": {
      "__type__": "cc.Vec3",
      "x": 0.999999940395355,
      "y": 0.99999988079071,
      "z": 0.99999988079071
    },
    "_layer": 1073741824,
    "_euler": {
      "__type__": "cc.Vec3",
      "x": -0.0000017075475369983465,
      "y": 2.01358332115731e-14,
      "z": 58.4387257124478
    },
    "_id": ""
  },
  {
    "__type__": "cc.PrefabInfo",
    "root": {
      "__id__": 1
    },
    "asset": {
      "__id__": 0
    },
    "fileId": "80IS9dOuJeYKU4F7VH4Vxp"
  },
  {
    "__type__": "cc.PrefabInfo",
    "root": {
      "__id__": 1
    },
    "asset": {
      "__id__": 0
    },
    "fileId": "24V6CcxKZcqLdQGOMxfhzC"
  },
  {
    "__type__": "cc.PrefabInfo",
    "root": {
      "__id__": 1
    },
    "asset": {
      "__id__": 0
    },
    "fileId": "767oD2DUxTR4AyH02lJb8p"
  },
  {
    "__type__": "cc.Node",
    "_name": "Bip001 R Finger1",
    "_objFlags": 0,
    "_parent": {
      "__id__": 50
    },
    "_children": [
      {
        "__id__": 58
      }
    ],
    "_active": true,
    "_components": [],
    "_prefab": {
      "__id__": 62
    },
    "_lpos": {
      "__type__": "cc.Vec3",
      "x": 0.0100068282335997,
      "y": -0.0000837504849187098,
      "z": 0.00318700773641467
    },
    "_lrot": {
      "__type__": "cc.Quat",
      "x": 0.025319949412796566,
      "y": 0.028951129654057512,
      "z": 0.6500321189874682,
      "w": 0.7589327878924125
    },
    "_lscale": {
      "__type__": "cc.Vec3",
      "x": 1.00000011920929,
      "y": 1.00000011920929,
      "z": 1
    },
    "_layer": 1073741824,
    "_euler": {
      "__type__": "cc.Vec3",
      "x": 0.29609049504315266,
      "y": 4.115612464120861,
      "z": 81.16228296892118
    },
    "_id": ""
  },
  {
    "__type__": "cc.Node",
    "_name": "Bip001 R Finger11",
    "_objFlags": 0,
    "_parent": {
      "__id__": 57
    },
    "_children": [
      {
        "__id__": 59
      }
    ],
    "_active": true,
    "_components": [],
    "_prefab": {
      "__id__": 61
    },
    "_lpos": {
      "__type__": "cc.Vec3",
      "x": 0.00425854558125138,
      "y": 0,
      "z": 9.53674295089968e-9
    },
    "_lrot": {
      "__type__": "cc.Quat",
      "x": 2.592713679750691e-9,
      "y": -4.6554178623215926e-10,
      "z": 0.571008401930517,
      "w": 0.8209442154767624
    },
    "_lscale": {
      "__type__": "cc.Vec3",
      "x": 1,
      "y": 1.00000011920929,
      "z": 1
    },
    "_layer": 1073741824,
    "_euler": {
      "__type__": "cc.Vec3",
      "x": 7.886395176468983e-7,
      "y": -6.135215283226936e-7,
      "z": 69.6411493220103
    },
    "_id": ""
  },
  {
    "__type__": "cc.Node",
    "_name": "Bip001 R Finger12",
    "_objFlags": 0,
    "_parent": {
      "__id__": 58
    },
    "_children": [],
    "_active": true,
    "_components": [],
    "_prefab": {
      "__id__": 60
    },
    "_lpos": {
      "__type__": "cc.Vec3",
      "x": 0.00269485940225422,
      "y": -2.22044599961948e-18,
      "z": 0
    },
    "_lrot": {
      "__type__": "cc.Quat",
      "x": -1.816183311079352e-9,
      "y": 3.252578644103791e-9,
      "z": 0.48752796548685284,
      "w": 0.8731073719012169
    },
    "_lscale": {
      "__type__": "cc.Vec3",
      "x": 0.999999940395355,
      "y": 1,
      "z": 1
    },
    "_layer": 1073741824,
    "_euler": {
      "__type__": "cc.Vec3",
      "x": -6.927146694216463e-7,
      "y": 8.136866712992012e-7,
      "z": 58.356462026171656
    },
    "_id": ""
  },
  {
    "__type__": "cc.PrefabInfo",
    "root": {
      "__id__": 1
    },
    "asset": {
      "__id__": 0
    },
    "fileId": "5282vB4/BSvoef6Li/Nwzc"
  },
  {
    "__type__": "cc.PrefabInfo",
    "root": {
      "__id__": 1
    },
    "asset": {
      "__id__": 0
    },
    "fileId": "10l+z4LiNY0J3w9mgGkAQq"
  },
  {
    "__type__": "cc.PrefabInfo",
    "root": {
      "__id__": 1
    },
    "asset": {
      "__id__": 0
    },
    "fileId": "64wKLQeMlbvosHh2JbVRld"
  },
  {
    "__type__": "cc.Node",
    "_name": "Bip001 R Finger2",
    "_objFlags": 0,
    "_parent": {
      "__id__": 50
    },
    "_children": [
      {
        "__id__": 64
      }
    ],
    "_active": true,
    "_components": [],
    "_prefab": {
      "__id__": 68
    },
    "_lpos": {
      "__type__": "cc.Vec3",
      "x": 0.00977932475507259,
      "y": -0.000283322326140478,
      "z": 0.000841712928377092
    },
    "_lrot": {
      "__type__": "cc.Quat",
      "x": 0.07254341848153716,
      "y": 0.020875295216659304,
      "z": 0.6799509988621745,
      "w": 0.7293615794864442
    },
    "_lscale": {
      "__type__": "cc.Vec3",
      "x": 1,
      "y": 1,
      "z": 1
    },
    "_layer": 1073741824,
    "_euler": {
      "__type__": "cc.Vec3",
      "x": 50.071861550140554,
      "y": -42.487058565300735,
      "z": 84.20470248709634
    },
    "_id": ""
  },
  {
    "__type__": "cc.Node",
    "_name": "Bip001 R Finger21",
    "_objFlags": 0,
    "_parent": {
      "__id__": 63
    },
    "_children": [
      {
        "__id__": 65
      }
    ],
    "_active": true,
    "_components": [],
    "_prefab": {
      "__id__": 67
    },
    "_lpos": {
      "__type__": "cc.Vec3",
      "x": 0.00446992041543126,
      "y": 0,
      "z": 1.77635679969558e-17
    },
    "_lrot": {
      "__type__": "cc.Quat",
      "x": 2.8774351568660424e-10,
      "y": -3.661202631061596e-10,
      "z": 0.617924554359656,
      "w": 0.7862373974312216
    },
    "_lscale": {
      "__type__": "cc.Vec3",
      "x": 1.00000011920929,
      "y": 1.00000011920929,
      "z": 1
    },
    "_layer": 1073741824,
    "_euler": {
      "__type__": "cc.Vec3",
      "x": 2.1938523611598442e-7,
      "y": -2.2578144537571536e-7,
      "z": 76.32946467288812
    },
    "_id": ""
  },
  {
    "__type__": "cc.Node",
    "_name": "Bip001 R Finger22",
    "_objFlags": 0,
    "_parent": {
      "__id__": 64
    },
    "_children": [],
    "_active": true,
    "_components": [],
    "_prefab": {
      "__id__": 66
    },
    "_lpos": {
      "__type__": "cc.Vec3",
      "x": 0.00304985046386719,
      "y": 1.78813930329369e-9,
      "z": -9.53674295089968e-9
    },
    "_lrot": {
      "__type__": "cc.Quat",
      "x": 1.5281807180630016e-9,
      "y": 5.041848798661996e-9,
      "z": 0.47159654672411677,
      "w": 0.8818144346277668
    },
    "_lscale": {
      "__type__": "cc.Vec3",
      "x": 1,
      "y": 1,
      "z": 1
    },
    "_layer": 1073741824,
    "_euler": {
      "__type__": "cc.Vec3",
      "x": -2.1262160858218238e-7,
      "y": 7.688975185185835e-7,
      "z": 56.27596367205094
    },
    "_id": ""
  },
  {
    "__type__": "cc.PrefabInfo",
    "root": {
      "__id__": 1
    },
    "asset": {
      "__id__": 0
    },
    "fileId": "47Yi2bJAFSeZPZX2wDRr5P"
  },
  {
    "__type__": "cc.PrefabInfo",
    "root": {
      "__id__": 1
    },
    "asset": {
      "__id__": 0
    },
    "fileId": "33cvLpO7BUJJFqVsRQX7Ta"
  },
  {
    "__type__": "cc.PrefabInfo",
    "root": {
      "__id__": 1
    },
    "asset": {
      "__id__": 0
    },
    "fileId": "7fVO1mTjpaiqi0VaYRwudq"
  },
  {
    "__type__": "cc.Node",
    "_name": "Bip001 R Finger3",
    "_objFlags": 0,
    "_parent": {
      "__id__": 50
    },
    "_children": [
      {
        "__id__": 70
      }
    ],
    "_active": true,
    "_components": [],
    "_prefab": {
      "__id__": 74
    },
    "_lpos": {
      "__type__": "cc.Vec3",
      "x": 0.00994965247809887,
      "y": -0.00017135261441581,
      "z": -0.00139929773285985
    },
    "_lrot": {
      "__type__": "cc.Quat",
      "x": 0.10947476681232686,
      "y": -0.019905270297229435,
      "z": 0.7159769875232879,
      "w": 0.6891995422102793
    },
    "_lscale": {
      "__type__": "cc.Vec3",
      "x": 1.00000011920929,
      "y": 0.999999940395355,
      "z": 1
    },
    "_layer": 1073741824,
    "_euler": {
      "__type__": "cc.Vec3",
      "x": 105.34050299051167,
      "y": -98.04601671464388,
      "z": 79.27872103294864
    },
    "_id": ""
  },
  {
    "__type__": "cc.Node",
    "_name": "Bip001 R Finger31",
    "_objFlags": 0,
    "_parent": {
      "__id__": 69
    },
    "_children": [
      {
        "__id__": 71
      }
    ],
    "_active": true,
    "_components": [],
    "_prefab": {
      "__id__": 73
    },
    "_lpos": {
      "__type__": "cc.Vec3",
      "x": 0.00389957171864808,
      "y": -2.38418573772492e-9,
      "z": 1.77635679969558e-17
    },
    "_lrot": {
      "__type__": "cc.Quat",
      "x": -1.7568340156077695e-9,
      "y": 3.285014712192691e-9,
      "z": 0.4715965698983046,
      "w": 0.8818144222341533
    },
    "_lscale": {
      "__type__": "cc.Vec3",
      "x": 1,
      "y": 1,
      "z": 1
    },
    "_layer": 1073741824,
    "_euler": {
      "__type__": "cc.Vec3",
      "x": -6.395084842929027e-7,
      "y": 7.688975682543382e-7,
      "z": 56.27596668353072
    },
    "_id": ""
  },
  {
    "__type__": "cc.Node",
    "_name": "Bip001 R Finger32",
    "_objFlags": 0,
    "_parent": {
      "__id__": 70
    },
    "_children": [],
    "_active": true,
    "_components": [],
    "_prefab": {
      "__id__": 72
    },
    "_lpos": {
      "__type__": "cc.Vec3",
      "x": 0.0026070021558553,
      "y": 2.98023217215615e-10,
      "z": -9.53674295089968e-9
    },
    "_lrot": {
      "__type__": "cc.Quat",
      "x": -1.4512665504656337e-17,
      "y": 1.9779681818817107e-17,
      "z": 0.4715965698983046,
      "w": 0.8818144222341533
    },
    "_lscale": {
      "__type__": "cc.Vec3",
      "x": 0.99999988079071,
      "y": 0.99999988079071,
      "z": 0.999999940395355
    },
    "_layer": 1073741824,
    "_euler": {
      "__type__": "cc.Vec3",
      "x": -4.566690930285818e-15,
      "y": 5.012642392453974e-15,
      "z": 56.27596668353072
    },
    "_id": ""
  },
  {
    "__type__": "cc.PrefabInfo",
    "root": {
      "__id__": 1
    },
    "asset": {
      "__id__": 0
    },
    "fileId": "892SLK0I9RH56lR1MvuT25"
  },
  {
    "__type__": "cc.PrefabInfo",
    "root": {
      "__id__": 1
    },
    "asset": {
      "__id__": 0
    },
    "fileId": "a4PY7ypSxaE5DK464TSHE7"
  },
  {
    "__type__": "cc.PrefabInfo",
    "root": {
      "__id__": 1
    },
    "asset": {
      "__id__": 0
    },
    "fileId": "1cntGRZGdTgL+6fj4SjfiF"
  },
  {
    "__type__": "cc.Node",
    "_name": "Bip001 R Finger4",
    "_objFlags": 0,
    "_parent": {
      "__id__": 50
    },
    "_children": [
      {
        "__id__": 76
      }
    ],
    "_active": true,
    "_components": [],
    "_prefab": {
      "__id__": 80
    },
    "_lpos": {
      "__type__": "cc.Vec3",
      "x": 0.00942855607718229,
      "y": 0.00122400757391006,
      "z": -0.00280827516689897
    },
    "_lrot": {
      "__type__": "cc.Quat",
      "x": 0.13185324154696376,
      "y": -0.04421358682938904,
      "z": 0.6716751649776707,
      "w": 0.727675995334089
    },
    "_lscale": {
      "__type__": "cc.Vec3",
      "x": 1.00000011920929,
      "y": 0.999999940395355,
      "z": 1
    },
    "_layer": 1073741824,
    "_euler": {
      "__type__": "cc.Vec3",
      "x": 75.93959818392153,
      "y": -68.77222997301448,
      "z": 74.98640318310656
    },
    "_id": ""
  },
  {
    "__type__": "cc.Node",
    "_name": "Bip001 R Finger41",
    "_objFlags": 0,
    "_parent": {
      "__id__": 75
    },
    "_children": [
      {
        "__id__": 77
      }
    ],
    "_active": true,
    "_components": [],
    "_prefab": {
      "__id__": 79
    },
    "_lpos": {
      "__type__": "cc.Vec3",
      "x": 0.00284821260720491,
      "y": 4.76837147544984e-9,
      "z": -1.77635679969558e-17
    },
    "_lrot": {
      "__type__": "cc.Quat",
      "x": -1.7568342129606392e-9,
      "y": 3.285014666022883e-9,
      "z": 0.4715965930724907,
      "w": 0.8818144098405398
    },
    "_lscale": {
      "__type__": "cc.Vec3",
      "x": 0.999999940395355,
      "y": 1,
      "z": 1
    },
    "_layer": 1073741824,
    "_euler": {
      "__type__": "cc.Vec3",
      "x": -6.395085772912708e-7,
      "y": 7.688976396033096e-7,
      "z": 56.275969695010296
    },
    "_id": ""
  },
  {
    "__type__": "cc.Node",
    "_name": "Bip001 R Finger42",
    "_objFlags": 0,
    "_parent": {
      "__id__": 76
    },
    "_children": [],
    "_active": true,
    "_components": [],
    "_prefab": {
      "__id__": 78
    },
    "_lpos": {
      "__type__": "cc.Vec3",
      "x": 0.00182514183688909,
      "y": 2.68220889942938e-9,
      "z": -1.77635679969558e-17
    },
    "_lrot": {
      "__type__": "cc.Quat",
      "x": -7.0273369506094895e-9,
      "y": 1.3140059736949205e-8,
      "z": 0.4715965698983046,
      "w": 0.8818144222341533
    },
    "_lscale": {
      "__type__": "cc.Vec3",
      "x": 0.999999940395355,
      "y": 0.999999940395355,
      "z": 1
    },
    "_layer": 1073741824,
    "_euler": {
      "__type__": "cc.Vec3",
      "x": -0.000002558034185278194,
      "y": 0.000003075590521123939,
      "z": 56.2759666835307
    },
    "_id": ""
  },
  {
    "__type__": "cc.PrefabInfo",
    "root": {
      "__id__": 1
    },
    "asset": {
      "__id__": 0
    },
    "fileId": "f5mxvYcgJa3YBiX5DQRU5I"
  },
  {
    "__type__": "cc.PrefabInfo",
    "root": {
      "__id__": 1
    },
    "asset": {
      "__id__": 0
    },
    "fileId": "5ebrxfiYBeS6RSxeAd6bbS"
  },
  {
    "__type__": "cc.PrefabInfo",
    "root": {
      "__id__": 1
    },
    "asset": {
      "__id__": 0
    },
    "fileId": "e1Li+akqVXFoBf7e3SXrYM"
  },
  {
    "__type__": "cc.Node",
    "_name": "Bone023",
    "_objFlags": 0,
    "_parent": {
      "__id__": 50
    },
    "_children": [
      {
        "__id__": 82
      }
    ],
    "_active": true,
    "_components": [],
    "_prefab": {
      "__id__": 84
    },
    "_lpos": {
      "__type__": "cc.Vec3",
      "x": 0.00650709634646773,
      "y": 0.00313012581318617,
      "z": -0.00383914937265217
    },
    "_lrot": {
      "__type__": "cc.Quat",
      "x": 0.5698967541307804,
      "y": -0.43880927295383254,
      "z": 0.33400776778823976,
      "w": 0.6091821752629069
    },
    "_lscale": {
      "__type__": "cc.Vec3",
      "x": 1.00000035762787,
      "y": 1.00000059604645,
      "z": 1.00000059604645
    },
    "_layer": 1073741824,
    "_euler": {
      "__type__": "cc.Vec3",
      "x": 82.6534939424033,
      "y": -66.8285749204953,
      "z": -5.34823434570578
    },
    "_id": ""
  },
  {
    "__type__": "cc.Node",
    "_name": "Bone024",
    "_objFlags": 0,
    "_parent": {
      "__id__": 81
    },
    "_children": [],
    "_active": true,
    "_components": [],
    "_prefab": {
      "__id__": 83
    },
    "_lpos": {
      "__type__": "cc.Vec3",
      "x": 0.092080369591713,
      "y": 2.38418564890708e-8,
      "z": -4.76837147544984e-9
    },
    "_lrot": {
      "__type__": "cc.Quat",
      "x": 1.12757034210299e-17,
      "y": 3.72529074255112e-9,
      "z": -3.02679858954491e-9,
      "w": 1
    },
    "_lscale": {
      "__type__": "cc.Vec3",
      "x": 1,
      "y": 1,
      "z": 1
    },
    "_layer": 1073741824,
    "_euler": {
      "__type__": "cc.Vec3",
      "x": 2.5842010222953177e-15,
      "y": 4.268868740146714e-7,
      "z": -3.4684556923414747e-7
    },
    "_id": ""
  },
  {
    "__type__": "cc.PrefabInfo",
    "root": {
      "__id__": 1
    },
    "asset": {
      "__id__": 0
    },
    "fileId": "32TXM8RNlc8pxWkCjM3Y16"
  },
  {
    "__type__": "cc.PrefabInfo",
    "root": {
      "__id__": 1
    },
    "asset": {
      "__id__": 0
    },
    "fileId": "fdqoZOgexeOLDGiG+8YChC"
  },
  {
    "__type__": "cc.PrefabInfo",
    "root": {
      "__id__": 1
    },
    "asset": {
      "__id__": 0
    },
    "fileId": "e05jfXV9tQ/qW/AYa9EZ0k"
  },
  {
    "__type__": "cc.PrefabInfo",
    "root": {
      "__id__": 1
    },
    "asset": {
      "__id__": 0
    },
    "fileId": "360XVGd61X+6XDmuRsD12C"
  },
  {
    "__type__": "cc.PrefabInfo",
    "root": {
      "__id__": 1
    },
    "asset": {
      "__id__": 0
    },
    "fileId": "0cbzlGtN5bsoY9CbLIoycS"
  },
  {
    "__type__": "cc.PrefabInfo",
    "root": {
      "__id__": 1
    },
    "asset": {
      "__id__": 0
    },
    "fileId": "ffpti8tO5Y3aFhiRHWd+O9"
  },
  {
    "__type__": "cc.Node",
    "_name": "Bip001 Head",
    "_objFlags": 0,
    "_parent": {
      "__id__": 8
    },
    "_children": [
      {
        "__id__": 90
      }
    ],
    "_active": true,
    "_components": [],
    "_prefab": {
      "__id__": 98
    },
    "_lpos": {
      "__type__": "cc.Vec3",
      "x": 0.00533298496156931,
      "y": -1.19209286886246e-9,
      "z": -8.88178399847791e-18
    },
    "_lrot": {
      "__type__": "cc.Quat",
      "x": 0.34571031301481936,
      "y": 0.12198087027529535,
      "z": 0.22228001421707033,
      "w": 0.9034360198939027
    },
    "_lscale": {
      "__type__": "cc.Vec3",
      "x": 1,
      "y": 1,
      "z": 0.999999940395355
    },
    "_layer": 1073741824,
    "_euler": {
      "__type__": "cc.Vec3",
      "x": 40.744033213422384,
      "y": 4.377931271700838,
      "z": 29.07615074767792
    },
    "_id": ""
  },
  {
    "__type__": "cc.Node",
    "_name": "Bone019",
    "_objFlags": 0,
    "_parent": {
      "__id__": 89
    },
    "_children": [
      {
        "__id__": 91
      }
    ],
    "_active": true,
    "_components": [],
    "_prefab": {
      "__id__": 97
    },
    "_lpos": {
      "__type__": "cc.Vec3",
      "x": 0.0198721885681152,
      "y": 0.0040457914583385,
      "z": -0.00165448186453432
    },
    "_lrot": {
      "__type__": "cc.Quat",
      "x": -0.48171158305695777,
      "y": 0.5250500025581032,
      "z": 0.4708463413932003,
      "w": 0.5201732099590801
    },
    "_lscale": {
      "__type__": "cc.Vec3",
      "x": 0.999999821186066,
      "y": 0.99999988079071,
      "z": 1.00000011920929
    },
    "_layer": 1073741824,
    "_euler": {
      "__type__": "cc.Vec3",
      "x": -84.69098849378936,
      "y": 89.6990177075986,
      "z": -0.9168879292922069
    },
    "_id": ""
  },
  {
    "__type__": "cc.Node",
    "_name": "Bone020",
    "_objFlags": 0,
    "_parent": {
      "__id__": 90
    },
    "_children": [
      {
        "__id__": 92
      }
    ],
    "_active": true,
    "_components": [],
    "_prefab": {
      "__id__": 96
    },
    "_lpos": {
      "__type__": "cc.Vec3",
      "x": 0.00768426805734634,
      "y": -9.53674295089968e-9,
      "z": -4.76837147544984e-9
    },
    "_lrot": {
      "__type__": "cc.Quat",
      "x": -0.24866107702908563,
      "y": -0.06414465760137401,
      "z": 0.37584550090511876,
      "w": 0.8903894042054399
    },
    "_lscale": {
      "__type__": "cc.Vec3",
      "x": 0.99999988079071,
      "y": 0.99999988079071,
      "z": 1
    },
    "_layer": 1073741824,
    "_euler": {
      "__type__": "cc.Vec3",
      "x": -33.604232719681995,
      "y": 5.851627086043255,
      "z": 44.523220003127534
    },
    "_id": ""
  },
  {
    "__type__": "cc.Node",
    "_name": "Bone021",
    "_objFlags": 0,
    "_parent": {
      "__id__": 91
    },
    "_children": [
      {
        "__id__": 93
      }
    ],
    "_active": true,
    "_components": [],
    "_prefab": {
      "__id__": 95
    },
    "_lpos": {
      "__type__": "cc.Vec3",
      "x": 0.0080131096765399,
      "y": -2.38418573772492e-9,
      "z": 1.77635679969558e-17
    },
    "_lrot": {
      "__type__": "cc.Quat",
      "x": 0.015156558086169024,
      "y": 0.03238834505389407,
      "z": 0.3304410046764756,
      "w": 0.9431489894391298
    },
    "_lscale": {
      "__type__": "cc.Vec3",
      "x": 1.00000023841858,
      "y": 1.00000023841858,
      "z": 1
    },
    "_layer": 1073741824,
    "_euler": {
      "__type__": "cc.Vec3",
      "x": 0.5269784183419595,
      "y": 3.7488998167570577,
      "z": 38.63024031844888
    },
    "_id": ""
  },
  {
    "__type__": "cc.Node",
    "_name": "Bone022",
    "_objFlags": 0,
    "_parent": {
      "__id__": 92
    },
    "_children": [],
    "_active": true,
    "_components": [],
    "_prefab": {
      "__id__": 94
    },
    "_lpos": {
      "__type__": "cc.Vec3",
      "x": 0.00787744484841824,
      "y": 5.96046412226769e-9,
      "z": 9.53674295089968e-9
    },
    "_lrot": {
      "__type__": "cc.Quat",
      "x": 4.4703480028829144e-8,
      "y": -5.2154057073039214e-8,
      "z": 5.215406062575291e-8,
      "w": 0.9999999999999964
    },
    "_lscale": {
      "__type__": "cc.Vec3",
      "x": 1.00000011920929,
      "y": 1.00000011920929,
      "z": 1.00000011920929
    },
    "_layer": 1073741824,
    "_euler": {
      "__type__": "cc.Vec3",
      "x": 0.000005122641782092859,
      "y": -0.000005976414976705709,
      "z": 0.000005976414849483588
    },
    "_id": ""
  },
  {
    "__type__": "cc.PrefabInfo",
    "root": {
      "__id__": 1
    },
    "asset": {
      "__id__": 0
    },
    "fileId": "94zsiA9nVeD6+i57VQdriG"
  },
  {
    "__type__": "cc.PrefabInfo",
    "root": {
      "__id__": 1
    },
    "asset": {
      "__id__": 0
    },
    "fileId": "98nn79wXhSE5tUbYvdWtj1"
  },
  {
    "__type__": "cc.PrefabInfo",
    "root": {
      "__id__": 1
    },
    "asset": {
      "__id__": 0
    },
    "fileId": "93nYmHdHxQ4YoD2/hi1HTn"
  },
  {
    "__type__": "cc.PrefabInfo",
    "root": {
      "__id__": 1
    },
    "asset": {
      "__id__": 0
    },
    "fileId": "dfXSpFoeZbqplaBaspYDrN"
  },
  {
    "__type__": "cc.PrefabInfo",
    "root": {
      "__id__": 1
    },
    "asset": {
      "__id__": 0
    },
    "fileId": "e7H4kLrChUQ4/RHa2eBmsR"
  },
  {
    "__type__": "cc.PrefabInfo",
    "root": {
      "__id__": 1
    },
    "asset": {
      "__id__": 0
    },
    "fileId": "1eClkqs35Q+4wALEBkrUbU"
  },
  {
    "__type__": "cc.Node",
    "_name": "Bone008",
    "_objFlags": 0,
    "_parent": {
      "__id__": 7
    },
    "_children": [
      {
        "__id__": 101
      }
    ],
    "_active": true,
    "_components": [],
    "_prefab": {
      "__id__": 111
    },
    "_lpos": {
      "__type__": "cc.Vec3",
      "x": 0.0170686822384596,
      "y": -0.0102890999987721,
      "z": 0.00822293292731047
    },
    "_lrot": {
      "__type__": "cc.Quat",
      "x": 0.00780035188755548,
      "y": -0.05407812859939918,
      "z": 0.9542427731478993,
      "w": -0.29399904831924883
    },
    "_lscale": {
      "__type__": "cc.Vec3",
      "x": 1.00000047683716,
      "y": 1.00000035762787,
      "z": 0.999999821186066
    },
    "_layer": 1073741824,
    "_euler": {
      "__type__": "cc.Vec3",
      "x": 173.152611439412,
      "y": 178.82855629699185,
      "z": -34.189832008595424
    },
    "_id": ""
  },
  {
    "__type__": "cc.Node",
    "_name": "Bone009",
    "_objFlags": 0,
    "_parent": {
      "__id__": 100
    },
    "_children": [
      {
        "__id__": 102
      }
    ],
    "_active": true,
    "_components": [],
    "_prefab": {
      "__id__": 110
    },
    "_lpos": {
      "__type__": "cc.Vec3",
      "x": 0.0114417839795351,
      "y": 6.19888282926695e-8,
      "z": 2.38418573772492e-9
    },
    "_lrot": {
      "__type__": "cc.Quat",
      "x": 0.04084117292134366,
      "y": -0.034298475446051795,
      "z": -0.16888199556696493,
      "w": 0.984192300696264
    },
    "_lscale": {
      "__type__": "cc.Vec3",
      "x": 1,
      "y": 1,
      "z": 1
    },
    "_layer": 1073741824,
    "_euler": {
      "__type__": "cc.Vec3",
      "x": 4.188163197083765,
      "y": -3.2686092479546285,
      "z": -19.58629968106591
    },
    "_id": ""
  },
  {
    "__type__": "cc.Node",
    "_name": "Bone010",
    "_objFlags": 0,
    "_parent": {
      "__id__": 101
    },
    "_children": [
      {
        "__id__": 103
      }
    ],
    "_active": true,
    "_components": [],
    "_prefab": {
      "__id__": 109
    },
    "_lpos": {
      "__type__": "cc.Vec3",
      "x": 0.0214765314012766,
      "y": -8.88178399847791e-18,
      "z": 4.76837147544984e-9
    },
    "_lrot": {
      "__type__": "cc.Quat",
      "x": 0.009300178641440221,
      "y": -0.06913447971420335,
      "z": -0.00007131529696989719,
      "w": 0.9975639955942738
    },
    "_lscale": {
      "__type__": "cc.Vec3",
      "x": 1.00000011920929,
      "y": 1.00000011920929,
      "z": 1
    },
    "_layer": 1073741824,
    "_euler": {
      "__type__": "cc.Vec3",
      "x": 1.0626228902993624,
      "y": -7.928136868491714,
      "z": -0.08183038543256901
    },
    "_id": ""
  },
  {
    "__type__": "cc.Node",
    "_name": "Bone011",
    "_objFlags": 0,
    "_parent": {
      "__id__": 102
    },
    "_children": [
      {
        "__id__": 104
      }
    ],
    "_active": true,
    "_components": [],
    "_prefab": {
      "__id__": 108
    },
    "_lpos": {
      "__type__": "cc.Vec3",
      "x": 0.0254594031721354,
      "y": 2.95639040359674e-7,
      "z": -7.15255721317476e-9
    },
    "_lrot": {
      "__type__": "cc.Quat",
      "x": 0.00003277869480485058,
      "y": 0.05477662024330485,
      "z": 0.002764575655285639,
      "w": 0.9984948061566091
    },
    "_lscale": {
      "__type__": "cc.Vec3",
      "x": 0.99999988079071,
      "y": 0.99999988079071,
      "z": 1
    },
    "_layer": 1073741824,
    "_euler": {
      "__type__": "cc.Vec3",
      "x": -0.013602770560014315,
      "y": 6.280143127599163,
      "z": 0.31652755332709903
    },
    "_id": ""
  },
  {
    "__type__": "cc.Node",
    "_name": "Bone012",
    "_objFlags": 0,
    "_parent": {
      "__id__": 103
    },
    "_children": [
      {
        "__id__": 105
      }
    ],
    "_active": true,
    "_components": [],
    "_prefab": {
      "__id__": 107
    },
    "_lpos": {
      "__type__": "cc.Vec3",
      "x": 0.0228057280182838,
      "y": 0,
      "z": -4.76837147544984e-9
    },
    "_lrot": {
      "__type__": "cc.Quat",
      "x": 0.009201311303556852,
      "y": 0.1585430914987408,
      "z": -0.052051375404306266,
      "w": 0.9859361431283655
    },
    "_lscale": {
      "__type__": "cc.Vec3",
      "x": 0.999999940395355,
      "y": 0.999999940395355,
      "z": 1
    },
    "_layer": 1073741824,
    "_euler": {
      "__type__": "cc.Vec3",
      "x": 1.9955660142029439,
      "y": 18.370202893662842,
      "z": -5.723107870109289
    },
    "_id": ""
  },
  {
    "__type__": "cc.Node",
    "_name": "Bone013",
    "_objFlags": 0,
    "_parent": {
      "__id__": 104
    },
    "_children": [],
    "_active": true,
    "_components": [],
    "_prefab": {
      "__id__": 106
    },
    "_lpos": {
      "__type__": "cc.Vec3",
      "x": 0.0270075220614672,
      "y": 4.76837147544984e-9,
      "z": 4.76837147544984e-9
    },
    "_lrot": {
      "__type__": "cc.Quat",
      "x": -0.004539984246692092,
      "y": -0.3083259143766083,
      "z": 0.02497537230403952,
      "w": 0.9509420328522359
    },
    "_lscale": {
      "__type__": "cc.Vec3",
      "x": 1,
      "y": 1,
      "z": 1
    },
    "_layer": 1073741824,
    "_euler": {
      "__type__": "cc.Vec3",
      "x": 0.3881911333476221,
      "y": -35.938484161172816,
      "z": 2.883185893829645
    },
    "_id": ""
  },
  {
    "__type__": "cc.PrefabInfo",
    "root": {
      "__id__": 1
    },
    "asset": {
      "__id__": 0
    },
    "fileId": "40I5CtmJJfX64NQxNpOkzK"
  },
  {
    "__type__": "cc.PrefabInfo",
    "root": {
      "__id__": 1
    },
    "asset": {
      "__id__": 0
    },
    "fileId": "6fgLv5KKdTALUdrJnTMFQk"
  },
  {
    "__type__": "cc.PrefabInfo",
    "root": {
      "__id__": 1
    },
    "asset": {
      "__id__": 0
    },
    "fileId": "a1lU5YqVNU/J2Z0lBZLgiX"
  },
  {
    "__type__": "cc.PrefabInfo",
    "root": {
      "__id__": 1
    },
    "asset": {
      "__id__": 0
    },
    "fileId": "3eyXk/YtlZULL+KjJRzdId"
  },
  {
    "__type__": "cc.PrefabInfo",
    "root": {
      "__id__": 1
    },
    "asset": {
      "__id__": 0
    },
    "fileId": "45bp/iF01WAqlX6Rzxjic5"
  },
  {
    "__type__": "cc.PrefabInfo",
    "root": {
      "__id__": 1
    },
    "asset": {
      "__id__": 0
    },
    "fileId": "6bDhFiPihU36RQpJFsXZOF"
  },
  {
    "__type__": "cc.Node",
    "_name": "Bone014",
    "_objFlags": 0,
    "_parent": {
      "__id__": 7
    },
    "_children": [
      {
        "__id__": 113
      }
    ],
    "_active": true,
    "_components": [],
    "_prefab": {
      "__id__": 121
    },
    "_lpos": {
      "__type__": "cc.Vec3",
      "x": 0.016142301261425,
      "y": -0.00850710459053516,
      "z": 0.0127223059535027
    },
    "_lrot": {
      "__type__": "cc.Quat",
      "x": 0.04023110442357754,
      "y": 0.02546132695763139,
      "z": 0.9627420778628677,
      "w": -0.2661970521600561
    },
    "_lscale": {
      "__type__": "cc.Vec3",
      "x": 1.00000023841858,
      "y": 1,
      "z": 0.999999761581421
    },
    "_layer": 1073741824,
    "_euler": {
      "__type__": "cc.Vec3",
      "x": -175.30083254885278,
      "y": -173.92370140848257,
      "z": -30.697775349133558
    },
    "_id": ""
  },
  {
    "__type__": "cc.Node",
    "_name": "Bone018",
    "_objFlags": 0,
    "_parent": {
      "__id__": 112
    },
    "_children": [
      {
        "__id__": 114
      }
    ],
    "_active": true,
    "_components": [],
    "_prefab": {
      "__id__": 120
    },
    "_lpos": {
      "__type__": "cc.Vec3",
      "x": 0.0120178936049342,
      "y": 9.53674295089968e-9,
      "z": 2.38418573772492e-9
    },
    "_lrot": {
      "__type__": "cc.Quat",
      "x": -0.0000792740009126084,
      "y": -0.04584287735485435,
      "z": -0.12315402611874116,
      "w": 0.9913281546300422
    },
    "_lscale": {
      "__type__": "cc.Vec3",
      "x": 1.00000011920929,
      "y": 0.99999988079071,
      "z": 1
    },
    "_layer": 1073741824,
    "_euler": {
      "__type__": "cc.Vec3",
      "x": -0.6764477001048584,
      "y": -5.379239973072585,
      "z": -14.132483668235972
    },
    "_id": ""
  },
  {
    "__type__": "cc.Node",
    "_name": "Bone015",
    "_objFlags": 0,
    "_parent": {
      "__id__": 113
    },
    "_children": [
      {
        "__id__": 115
      }
    ],
    "_active": true,
    "_components": [],
    "_prefab": {
      "__id__": 119
    },
    "_lpos": {
      "__type__": "cc.Vec3",
      "x": 0.0159172862768173,
      "y": -8.88178399847791e-18,
      "z": 2.38418573772492e-9
    },
    "_lrot": {
      "__type__": "cc.Quat",
      "x": 0.02281087773359501,
      "y": -0.09764507199509401,
      "z": -0.0057286060094557225,
      "w": 0.9949433586115767
    },
    "_lscale": {
      "__type__": "cc.Vec3",
      "x": 0.999999940395355,
      "y": 1,
      "z": 1.00000011920929
    },
    "_layer": 1073741824,
    "_euler": {
      "__type__": "cc.Vec3",
      "x": 2.537765756620434,
      "y": -11.190148009015882,
      "z": -0.9084062970545331
    },
    "_id": ""
  },
  {
    "__type__": "cc.Node",
    "_name": "Bone016",
    "_objFlags": 0,
    "_parent": {
      "__id__": 114
    },
    "_children": [
      {
        "__id__": 116
      }
    ],
    "_active": true,
    "_components": [],
    "_prefab": {
      "__id__": 118
    },
    "_lpos": {
      "__type__": "cc.Vec3",
      "x": 0.0171141903847456,
      "y": 9.53674295089968e-9,
      "z": 0
    },
    "_lrot": {
      "__type__": "cc.Quat",
      "x": -0.08889444389713774,
      "y": 0.11791464229616451,
      "z": -0.03523229148694033,
      "w": 0.9884091261279236
    },
    "_lscale": {
      "__type__": "cc.Vec3",
      "x": 1.00000035762787,
      "y": 1.00000035762787,
      "z": 1
    },
    "_layer": 1073741824,
    "_euler": {
      "__type__": "cc.Vec3",
      "x": -9.678001614860316,
      "y": 13.16575196638949,
      "z": -5.198801585872994
    },
    "_id": ""
  },
  {
    "__type__": "cc.Node",
    "_name": "Bone017",
    "_objFlags": 0,
    "_parent": {
      "__id__": 115
    },
    "_children": [],
    "_active": true,
    "_components": [],
    "_prefab": {
      "__id__": 117
    },
    "_lpos": {
      "__type__": "cc.Vec3",
      "x": 0.0160191580653191,
      "y": 4.76837147544984e-9,
      "z": -7.15255721317476e-9
    },
    "_lrot": {
      "__type__": "cc.Quat",
      "x": 0.03324998557588082,
      "y": -0.2931419326109321,
      "z": 0.013255794592085311,
      "w": 0.9553986234625126
    },
    "_lscale": {
      "__type__": "cc.Vec3",
      "x": 1,
      "y": 1,
      "z": 1
    },
    "_layer": 1073741824,
    "_euler": {
      "__type__": "cc.Vec3",
      "x": 4.089051999486524,
      "y": -34.12677246700423,
      "z": 0.3343345594322865
    },
    "_id": ""
  },
  {
    "__type__": "cc.PrefabInfo",
    "root": {
      "__id__": 1
    },
    "asset": {
      "__id__": 0
    },
    "fileId": "65Tob9oPxTd6PEfHee3F2r"
  },
  {
    "__type__": "cc.PrefabInfo",
    "root": {
      "__id__": 1
    },
    "asset": {
      "__id__": 0
    },
    "fileId": "17fDIfZblampw12QJYCkBz"
  },
  {
    "__type__": "cc.PrefabInfo",
    "root": {
      "__id__": 1
    },
    "asset": {
      "__id__": 0
    },
    "fileId": "8cXnqvP/ZXvrxn7ZMiIvPp"
  },
  {
    "__type__": "cc.PrefabInfo",
    "root": {
      "__id__": 1
    },
    "asset": {
      "__id__": 0
    },
    "fileId": "33kFTJT0dcdp7g1CbeQTHF"
  },
  {
    "__type__": "cc.PrefabInfo",
    "root": {
      "__id__": 1
    },
    "asset": {
      "__id__": 0
    },
    "fileId": "a3WNOjijxferPLXWjVC1p2"
  },
  {
    "__type__": "cc.Node",
    "_name": "Bone001",
    "_objFlags": 0,
    "_parent": {
      "__id__": 7
    },
    "_children": [
      {
        "__id__": 123
      }
    ],
    "_active": true,
    "_components": [],
    "_prefab": {
      "__id__": 135
    },
    "_lpos": {
      "__type__": "cc.Vec3",
      "x": 0.017323998734355,
      "y": -0.0105658043175936,
      "z": -1.43051144263495e-8
    },
    "_lrot": {
      "__type__": "cc.Quat",
      "x": -0.2681121205998969,
      "y": 0.9628549131533894,
      "z": 0.0068773398488290735,
      "w": 0.03128912271715466
    },
    "_lscale": {
      "__type__": "cc.Vec3",
      "x": 1.00000047683716,
      "y": 1.00000071525574,
      "z": 1
    },
    "_layer": 1073741824,
    "_euler": {
      "__type__": "cc.Vec3",
      "x": -2.0083403583951154,
      "y": 175.71944800209224,
      "z": -31.05601087673862
    },
    "_id": ""
  },
  {
    "__type__": "cc.Node",
    "_name": "Bone002",
    "_objFlags": 0,
    "_parent": {
      "__id__": 122
    },
    "_children": [
      {
        "__id__": 124
      }
    ],
    "_active": true,
    "_components": [],
    "_prefab": {
      "__id__": 134
    },
    "_lpos": {
      "__type__": "cc.Vec3",
      "x": 0.0109487771987915,
      "y": 4.76837147544984e-9,
      "z": 0
    },
    "_lrot": {
      "__type__": "cc.Quat",
      "x": -0.0019028181180679557,
      "y": 0.043064855499344266,
      "z": 0.10616172963584689,
      "w": 0.9934140549965839
    },
    "_lscale": {
      "__type__": "cc.Vec3",
      "x": 1,
      "y": 1,
      "z": 1
    },
    "_layer": 1073741824,
    "_euler": {
      "__type__": "cc.Vec3",
      "x": -0.7575428976308889,
      "y": 5.04521516448958,
      "z": 12.166965370537751
    },
    "_id": ""
  },
  {
    "__type__": "cc.Node",
    "_name": "Bone003",
    "_objFlags": 0,
    "_parent": {
      "__id__": 123
    },
    "_children": [
      {
        "__id__": 125
      }
    ],
    "_active": true,
    "_components": [],
    "_prefab": {
      "__id__": 133
    },
    "_lpos": {
      "__type__": "cc.Vec3",
      "x": 0.0214635320007801,
      "y": 0,
      "z": -4.76837147544984e-9
    },
    "_lrot": {
      "__type__": "cc.Quat",
      "x": 0.003678990100105762,
      "y": 0.041009333405811,
      "z": 0.030796461123572552,
      "w": 0.998677263978568
    },
    "_lscale": {
      "__type__": "cc.Vec3",
      "x": 1.00000023841858,
      "y": 1.00000023841858,
      "z": 1
    },
    "_layer": 1073741824,
    "_euler": {
      "__type__": "cc.Vec3",
      "x": 0.2768314885595232,
      "y": 4.694341326852093,
      "z": 3.5438945446363483
    },
    "_id": ""
  },
  {
    "__type__": "cc.Node",
    "_name": "Bone004",
    "_objFlags": 0,
    "_parent": {
      "__id__": 124
    },
    "_children": [
      {
        "__id__": 126
      }
    ],
    "_active": true,
    "_components": [],
    "_prefab": {
      "__id__": 132
    },
    "_lpos": {
      "__type__": "cc.Vec3",
      "x": 0.0237103216350079,
      "y": 4.76837147544984e-9,
      "z": -8.88178399847791e-18
    },
    "_lrot": {
      "__type__": "cc.Quat",
      "x": -0.003077650365111483,
      "y": -0.0032749165886341233,
      "z": 0.010551632115899075,
      "w": 0.9999342308618393
    },
    "_lscale": {
      "__type__": "cc.Vec3",
      "x": 0.999999821186066,
      "y": 0.999999821186066,
      "z": 1
    },
    "_layer": 1073741824,
    "_euler": {
      "__type__": "cc.Vec3",
      "x": -0.348769727419633,
      "y": -0.37161735363195086,
      "z": 1.2102934298087125
    },
    "_id": ""
  },
  {
    "__type__": "cc.Node",
    "_name": "Bone005",
    "_objFlags": 0,
    "_parent": {
      "__id__": 125
    },
    "_children": [
      {
        "__id__": 127
      }
    ],
    "_active": true,
    "_components": [],
    "_prefab": {
      "__id__": 131
    },
    "_lpos": {
      "__type__": "cc.Vec3",
      "x": 0.0237607955932617,
      "y": 0,
      "z": -8.88178399847791e-18
    },
    "_lrot": {
      "__type__": "cc.Quat",
      "x": -0.0006812449938555451,
      "y": -0.10306333641901809,
      "z": 0.019381087069165692,
      "w": 0.9944857254156321
    },
    "_lscale": {
      "__type__": "cc.Vec3",
      "x": 0.999999701976776,
      "y": 0.999999701976776,
      "z": 1
    },
    "_layer": 1073741824,
    "_euler": {
      "__type__": "cc.Vec3",
      "x": 0.15137334343316386,
      "y": -11.836359746686908,
      "z": 2.2172612902610442
    },
    "_id": ""
  },
  {
    "__type__": "cc.Node",
    "_name": "Bone006",
    "_objFlags": 0,
    "_parent": {
      "__id__": 126
    },
    "_children": [
      {
        "__id__": 128
      }
    ],
    "_active": true,
    "_components": [],
    "_prefab": {
      "__id__": 130
    },
    "_lpos": {
      "__type__": "cc.Vec3",
      "x": 0.0272344909608364,
      "y": 1.95503233157979e-7,
      "z": 0
    },
    "_lrot": {
      "__type__": "cc.Quat",
      "x": -0.0024336749419028073,
      "y": -0.1548091513341488,
      "z": -0.010224991756397841,
      "w": 0.9878884822858598
    },
    "_lscale": {
      "__type__": "cc.Vec3",
      "x": 1.00000035762787,
      "y": 1.00000035762787,
      "z": 1
    },
    "_layer": 1073741824,
    "_euler": {
      "__type__": "cc.Vec3",
      "x": -0.4569817765802209,
      "y": -17.816891899236342,
      "z": -1.114404010548706
    },
    "_id": ""
  },
  {
    "__type__": "cc.Node",
    "_name": "Bone007",
    "_objFlags": 0,
    "_parent": {
      "__id__": 127
    },
    "_children": [],
    "_active": true,
    "_components": [],
    "_prefab": {
      "__id__": 129
    },
    "_lpos": {
      "__type__": "cc.Vec3",
      "x": 0.0267726443707943,
      "y": 2.38418564890708e-8,
      "z": 4.76837147544984e-9
    },
    "_lrot": {
      "__type__": "cc.Quat",
      "x": -0.0003417914658540893,
      "y": 0.030835973999916926,
      "z": -0.000519324749516286,
      "w": 0.9995242649320099
    },
    "_lscale": {
      "__type__": "cc.Vec3",
      "x": 1,
      "y": 1,
      "z": 1
    },
    "_layer": 1073741824,
    "_euler": {
      "__type__": "cc.Vec3",
      "x": -0.03731275167757202,
      "y": 3.534083478638133,
      "z": -0.060689667546340614
    },
    "_id": ""
  },
  {
    "__type__": "cc.PrefabInfo",
    "root": {
      "__id__": 1
    },
    "asset": {
      "__id__": 0
    },
    "fileId": "de705E7pBfAriQ/ljFhVpK"
  },
  {
    "__type__": "cc.PrefabInfo",
    "root": {
      "__id__": 1
    },
    "asset": {
      "__id__": 0
    },
    "fileId": "e0aVZ6/6dTxbvaRtkqYIbT"
  },
  {
    "__type__": "cc.PrefabInfo",
    "root": {
      "__id__": 1
    },
    "asset": {
      "__id__": 0
    },
    "fileId": "9dCg2SZfdc1YXoJR+H/gI1"
  },
  {
    "__type__": "cc.PrefabInfo",
    "root": {
      "__id__": 1
    },
    "asset": {
      "__id__": 0
    },
    "fileId": "d8UuUCp/1dvYB7QEsQhjG3"
  },
  {
    "__type__": "cc.PrefabInfo",
    "root": {
      "__id__": 1
    },
    "asset": {
      "__id__": 0
    },
    "fileId": "c0NaicJcNT4LdVY0s79CEG"
  },
  {
    "__type__": "cc.PrefabInfo",
    "root": {
      "__id__": 1
    },
    "asset": {
      "__id__": 0
    },
    "fileId": "d8xpAUJUdRSYGuloPOdizd"
  },
  {
    "__type__": "cc.PrefabInfo",
    "root": {
      "__id__": 1
    },
    "asset": {
      "__id__": 0
    },
    "fileId": "beFspDJo5RDrt+pN3TUsv9"
  },
  {
    "__type__": "cc.PrefabInfo",
    "root": {
      "__id__": 1
    },
    "asset": {
      "__id__": 0
    },
    "fileId": "1d0IMfR2NWwoDsWn62ZGSK"
  },
  {
    "__type__": "cc.PrefabInfo",
    "root": {
      "__id__": 1
    },
    "asset": {
      "__id__": 0
    },
    "fileId": "35glGtAMVetIiVi5aI6APj"
  },
  {
    "__type__": "cc.Node",
    "_name": "Bip001 L Thigh",
    "_objFlags": 0,
    "_parent": {
      "__id__": 5
    },
    "_children": [
      {
        "__id__": 139
      }
    ],
    "_active": true,
    "_components": [],
    "_prefab": {
      "__id__": 145
    },
    "_lpos": {
      "__type__": "cc.Vec3",
      "x": -0.00281143188476563,
      "y": -0.00858235359191895,
      "z": 0.00845032185316086
    },
    "_lrot": {
      "__type__": "cc.Quat",
      "x": 0.5100274089488978,
      "y": 0.8045359259389304,
      "z": 0.16387659322509704,
      "w": -0.25639510172270824
    },
    "_lscale": {
      "__type__": "cc.Vec3",
      "x": 0.999999940395355,
      "y": 1.00000011920929,
      "z": 1.00000011920929
    },
    "_layer": 1073741824,
    "_euler": {
      "__type__": "cc.Vec3",
      "x": -50.953045228623004,
      "y": -120.99531739087209,
      "z": 47.44567426086981
    },
    "_id": ""
  },
  {
    "__type__": "cc.Node",
    "_name": "Bip001 L Calf",
    "_objFlags": 0,
    "_parent": {
      "__id__": 138
    },
    "_children": [
      {
        "__id__": 140
      }
    ],
    "_active": true,
    "_components": [],
    "_prefab": {
      "__id__": 144
    },
    "_lpos": {
      "__type__": "cc.Vec3",
      "x": 0.0380643978714943,
      "y": 4.44089199923895e-18,
      "z": -8.94069651646845e-10
    },
    "_lrot": {
      "__type__": "cc.Quat",
      "x": -1.686325974913454e-17,
      "y": 1.2688647919162744e-17,
      "z": -0.4617031838394788,
      "w": 0.8870344807460918
    },
    "_lscale": {
      "__type__": "cc.Vec3",
      "x": 0.999999940395355,
      "y": 1,
      "z": 0.999999940395355
    },
    "_layer": 1073741824,
    "_euler": {
      "__type__": "cc.Vec3",
      "x": -1.817751865624368e-15,
      "y": 6.930397144031709e-16,
      "z": -54.9941311248137
    },
    "_id": ""
  },
  {
    "__type__": "cc.Node",
    "_name": "Bip001 L Foot",
    "_objFlags": 0,
    "_parent": {
      "__id__": 139
    },
    "_children": [
      {
        "__id__": 141
      }
    ],
    "_active": true,
    "_components": [],
    "_prefab": {
      "__id__": 143
    },
    "_lpos": {
      "__type__": "cc.Vec3",
      "x": 0.0413631536066532,
      "y": 1.34110444971469e-9,
      "z": 2.98023217215615e-10
    },
    "_lrot": {
      "__type__": "cc.Quat",
      "x": -0.06371969032329292,
      "y": 0.024888768978566792,
      "z": 0.293520870022996,
      "w": 0.9535018873105487
    },
    "_lscale": {
      "__type__": "cc.Vec3",
      "x": 0.99999988079071,
      "y": 1,
      "z": 0.99999988079071
    },
    "_layer": 1073741824,
    "_euler": {
      "__type__": "cc.Vec3",
      "x": -9.430304650273065,
      "y": 5.863201774923787,
      "z": 33.819168823185656
    },
    "_id": ""
  },
  {
    "__type__": "cc.Node",
    "_name": "Bip001 L Toe0",
    "_objFlags": 0,
    "_parent": {
      "__id__": 140
    },
    "_children": [],
    "_active": true,
    "_components": [],
    "_prefab": {
      "__id__": 142
    },
    "_lpos": {
      "__type__": "cc.Vec3",
      "x": 0.0137450965121388,
      "y": 0.0128078740090132,
      "z": 0
    },
    "_lrot": {
      "__type__": "cc.Quat",
      "x": 1.5805067747495836e-8,
      "y": -1.5278232274336435e-7,
      "z": 0.707106781186539,
      "w": 0.707106781186539
    },
    "_lscale": {
      "__type__": "cc.Vec3",
      "x": 1,
      "y": 1,
      "z": 1.00000011920929
    },
    "_layer": 1073741824,
    "_euler": {
      "__type__": "cc.Vec3",
      "x": 0,
      "y": 0.0000025613208667870398,
      "z": 90
    },
    "_id": ""
  },
  {
    "__type__": "cc.PrefabInfo",
    "root": {
      "__id__": 1
    },
    "asset": {
      "__id__": 0
    },
    "fileId": "1cZP8Adylc3pA/2FEizSws"
  },
  {
    "__type__": "cc.PrefabInfo",
    "root": {
      "__id__": 1
    },
    "asset": {
      "__id__": 0
    },
    "fileId": "80PC7Nc7lefqp+gqbY8ie5"
  },
  {
    "__type__": "cc.PrefabInfo",
    "root": {
      "__id__": 1
    },
    "asset": {
      "__id__": 0
    },
    "fileId": "d0tRo+J+pccLWjh3BqJ1Ku"
  },
  {
    "__type__": "cc.PrefabInfo",
    "root": {
      "__id__": 1
    },
    "asset": {
      "__id__": 0
    },
    "fileId": "b1AzOwN+dSc5hdF/imxBKG"
  },
  {
    "__type__": "cc.Node",
    "_name": "Bip001 R Thigh",
    "_objFlags": 0,
    "_parent": {
      "__id__": 5
    },
    "_children": [
      {
        "__id__": 147
      }
    ],
    "_active": true,
    "_components": [],
    "_prefab": {
      "__id__": 153
    },
    "_lpos": {
      "__type__": "cc.Vec3",
      "x": -0.012070226483047,
      "y": 0.00111915590241551,
      "z": -0.002491335850209
    },
    "_lrot": {
      "__type__": "cc.Quat",
      "x": 0.33775013700282136,
      "y": 0.8468700055082734,
      "z": 0.297331184281328,
      "w": -0.28342583788154446
    },
    "_lscale": {
      "__type__": "cc.Vec3",
      "x": 0.999999821186066,
      "y": 1,
      "z": 1.00000011920929
    },
    "_layer": 1073741824,
    "_euler": {
      "__type__": "cc.Vec3",
      "x": -49.433138444188465,
      "y": -131.9119021196254,
      "z": 23.79830575646794
    },
    "_id": ""
  },
  {
    "__type__": "cc.Node",
    "_name": "Bip001 R Calf",
    "_objFlags": 0,
    "_parent": {
      "__id__": 146
    },
    "_children": [
      {
        "__id__": 148
      }
    ],
    "_active": true,
    "_components": [],
    "_prefab": {
      "__id__": 152
    },
    "_lpos": {
      "__type__": "cc.Vec3",
      "x": 0.038064394146204,
      "y": -4.47034809170077e-9,
      "z": -5.9604643443123e-10
    },
    "_lrot": {
      "__type__": "cc.Quat",
      "x": -2.6485963018406825e-17,
      "y": 8.47791734600925e-18,
      "z": -0.36366964011563185,
      "w": 0.9315279882312538
    },
    "_lscale": {
      "__type__": "cc.Vec3",
      "x": 1.00000011920929,
      "y": 0.999999940395355,
      "z": 1
    },
    "_layer": 1073741824,
    "_euler": {
      "__type__": "cc.Vec3",
      "x": -3.3636765127616305e-15,
      "y": -2.7027557311005807e-16,
      "z": -42.65146599181705
    },
    "_id": ""
  },
  {
    "__type__": "cc.Node",
    "_name": "Bip001 R Foot",
    "_objFlags": 0,
    "_parent": {
      "__id__": 147
    },
    "_children": [
      {
        "__id__": 149
      }
    ],
    "_active": true,
    "_components": [],
    "_prefab": {
      "__id__": 151
    },
    "_lpos": {
      "__type__": "cc.Vec3",
      "x": 0.0413631573319435,
      "y": 2.38418573772492e-9,
      "z": 1.19209286886246e-9
    },
    "_lrot": {
      "__type__": "cc.Quat",
      "x": 0.0703660936748357,
      "y": -0.01447521835951832,
      "z": 0.33042860805286645,
      "w": 0.941092990035859
    },
    "_lscale": {
      "__type__": "cc.Vec3",
      "x": 1.00000011920929,
      "y": 1,
      "z": 1
    },
    "_layer": 1073741824,
    "_euler": {
      "__type__": "cc.Vec3",
      "x": 10.426498341771364,
      "y": -5.392763573011744,
      "z": 38.308172550126784
    },
    "_id": ""
  },
  {
    "__type__": "cc.Node",
    "_name": "Bip001 R Toe0",
    "_objFlags": 0,
    "_parent": {
      "__id__": 148
    },
    "_children": [],
    "_active": true,
    "_components": [],
    "_prefab": {
      "__id__": 150
    },
    "_lpos": {
      "__type__": "cc.Vec3",
      "x": 0.0137450965121388,
      "y": 0.0128078730776906,
      "z": 0
    },
    "_lrot": {
      "__type__": "cc.Quat",
      "x": 1.3224439933571805e-8,
      "y": 1.3117123113715934e-8,
      "z": 0.7042201610458401,
      "w": 0.7099816650988748
    },
    "_lscale": {
      "__type__": "cc.Vec3",
      "x": 0.999999940395355,
      "y": 0.999999940395355,
      "z": 0.999999940395355
    },
    "_layer": 1073741824,
    "_euler": {
      "__type__": "cc.Vec3",
      "x": 0.0000021344385858897797,
      "y": -4.362308251580512e-12,
      "z": 89.53315285917175
    },
    "_id": ""
  },
  {
    "__type__": "cc.PrefabInfo",
    "root": {
      "__id__": 1
    },
    "asset": {
      "__id__": 0
    },
    "fileId": "d4uJTXBXlVH6wC95S8/I4f"
  },
  {
    "__type__": "cc.PrefabInfo",
    "root": {
      "__id__": 1
    },
    "asset": {
      "__id__": 0
    },
    "fileId": "28fw+WP05ZyZl1S9xMC9aV"
  },
  {
    "__type__": "cc.PrefabInfo",
    "root": {
      "__id__": 1
    },
    "asset": {
      "__id__": 0
    },
    "fileId": "de50SOH81XM7zskVfy0vLW"
  },
  {
    "__type__": "cc.PrefabInfo",
    "root": {
      "__id__": 1
    },
    "asset": {
      "__id__": 0
    },
    "fileId": "d2B+HJ6fBSQYFZ0/bwyvbe"
  },
  {
    "__type__": "cc.PrefabInfo",
    "root": {
      "__id__": 1
    },
    "asset": {
      "__id__": 0
    },
    "fileId": "54jBVqqMxZrpWenhtDHoik"
  },
  {
    "__type__": "cc.PrefabInfo",
    "root": {
      "__id__": 1
    },
    "asset": {
      "__id__": 0
    },
    "fileId": "24eZt0mlZZhZ8CWfX09fIa"
  },
  {
    "__type__": "cc.PrefabInfo",
    "root": {
      "__id__": 1
    },
    "asset": {
      "__id__": 0
    },
    "fileId": "42N3nOxdNVF4z/o2biNW6x"
  },
  {
    "__type__": "cc.PrefabInfo",
    "root": {
      "__id__": 1
    },
    "asset": {
      "__id__": 0
    },
    "fileId": "7bxqhVkARRBpRg4vQeaO9n"
  },
  {
    "__type__": "cc.Animation",
    "_name": "",
    "_objFlags": 0,
    "node": {
      "__id__": 1
    },
    "_enabled": true,
    "__prefab": {
      "__id__": 159
    },
    "playOnLoad": false,
    "_clips": [
      {
        "__uuid__": "71c3211a-f657-43c3-8f55-0bf53020ae8b@e59c7",
        "__expectedType__": "cc.AnimationClip"
      }
    ],
    "_defaultClip": {
      "__uuid__": "71c3211a-f657-43c3-8f55-0bf53020ae8b@e59c7",
      "__expectedType__": "cc.AnimationClip"
    },
    "_id": ""
  },
  {
    "__type__": "cc.CompPrefabInfo",
    "fileId": "51CfXabnBe97FmJiH74c5O"
  },
  {
    "__type__": "cc.PrefabInfo",
    "root": {
      "__id__": 1
    },
    "asset": {
      "__id__": 0
    },
    "fileId": "d4wcpExVRU2L+WQ9Hqhbeq"
  }
]