{
  "gizmos-infos": {
    "is2D": false,
    "is3DIcon": false,
    "iconSize": 2,
    "gridVisible": true,
    "gridColor": [
      150,
      150,
      150,
      255
    ],
    "isIconGizmo3D": false,
    "iconGizmoSize": 2,
    "isGridVisible": true
  },
  "camera-infos": {
    "f46876e4-e81b-4931-b493-6d367be385e7": {
      "position": {
        "x": 50,
        "y": 50,
        "z": 50
      },
      "rotation": {
        "x": -0.27984814233312133,
        "y": 0.3647051996310009,
        "z": 0.11591689595929514,
        "w": 0.8804762392171493
      },
      "viewCenter": {
        "x": 0,
        "y": 0,
        "z": 0
      }
    },
    "f2dd1719-ac66-4b94-b56c-def0c7bf8015": {
      "position": {
        "x": -2.647353648854846,
        "y": 2.741683512753184,
        "z": 1.1782535291320642
      },
      "rotation": {
        "x": -0.10949619881385331,
        "y": -0.5400324011174122,
        "z": -0.07111807428016215,
        "w": 0.8314552349341249
      },
      "viewCenter": {
        "x": 0,
        "y": 1.965,
        "z": 0
      }
    },
    "15b3cd06-9bab-4515-8b52-a87f168c4ef4": {
      "position": {
        "x": 0.015370245652261527,
        "y": -0.09203115306228948,
        "z": 7.67198210584217
      },
      "rotation": {
        "x": 0.005997534617570819,
        "y": 0.0010016932955792188,
        "z": -0.000006007801283159313,
        "w": 0.9999815129055931
      },
      "viewCenter": {
        "x": 0,
        "y": 0,
        "z": 0
      }
    }
  },
  "camera-uuids": [
    "f2dd1719-ac66-4b94-b56c-def0c7bf8015"
  ],
  "float-window": {
    "position": {
      "cc": {
        "Camera": {
          "dock": false,
          "top": null,
          "bottom": 10,
          "left": null,
          "right": 10
        }
      }
    }
  }
}
