{
  "__type__": "cc.EffectAsset",
  "_name": "editor/terrain-image-brush",
  "_objFlags": 0,
  "_native": "",
  "techniques": [
    {
      "name": "transparent",
      "passes": [
        {
          "blendState": {
            "targets": [
              {
                "blend": true,
                "blendSrc": 2,
                "blendDst": 4,
                "blendDstAlpha": 4
              }
            ]
          },
          "program": "editor/terrain-image-brush|terrain-brush-vs:vert|terrain-brush-fs:frag",
          "depthStencilState": {
            "depthTest": true,
            "depthWrite": false
          },
          "properties": {
            "BrushPos": {
              "value": [
                0,
                0,
                0,
                1
              ],
              "type": 16
            },
            "BrushParams": {
              "value": [
                2.5,
                2.5,
                0,
                0
              ],
              "type": 16
            },
            "BrushImage": {
              "value": "grey",
              "type": 28
            }
          }
        }
      ]
    }
  ],
  "shaders": [
    {
      "hash": 368958663,
      "glsl4": {
        "vert": "\nprecision mediump float;\nlayout(set = 0, binding = 0) uniform CCGlobal {\n  highp   vec4 cc_time;\n  mediump vec4 cc_screenSize;\n  mediump vec4 cc_nativeSize;\n};\nlayout(set = 0, binding = 1) uniform CCCamera {\n  highp   mat4 cc_matView;\n  highp   mat4 cc_matViewInv;\n  highp   mat4 cc_matProj;\n  highp   mat4 cc_matProjInv;\n  highp   mat4 cc_matViewProj;\n  highp   mat4 cc_matViewProjInv;\n  highp   vec4 cc_cameraPos;\n  mediump vec4 cc_screenScale;\n  mediump vec4 cc_exposure;\n  mediump vec4 cc_mainLitDir;\n  mediump vec4 cc_mainLitColor;\n  mediump vec4 cc_ambientSky;\n  mediump vec4 cc_ambientGround;\n  mediump vec4 cc_fogColor;\n  mediump vec4 cc_fogBase;\n  mediump vec4 cc_fogAdd;\n};\nlayout(set = 2, binding = 0) uniform CCLocal {\n  highp mat4 cc_matWorld;\n  highp mat4 cc_matWorldIT;\n  highp vec4 cc_lightingMapUVParam;\n};\nlayout(location = 0) in vec3 a_position;\nlayout(location = 0) out vec4 wposition;\nvec4 vert () {\n  vec3 worldPos;\n  worldPos.x = cc_matWorld[3][0] + a_position.x;\n  worldPos.y = cc_matWorld[3][1] + a_position.y;\n  worldPos.z = cc_matWorld[3][2] + a_position.z;\n  worldPos.y += 0.01;\n  vec4 pos = vec4(worldPos, 1);\n  pos = cc_matViewProj * pos;\n  wposition = vec4(worldPos, 1);\n  return pos;\n}\nvoid main() { gl_Position = vert(); }",
        "frag": "\nprecision mediump float;\nlayout(set = 0, binding = 0) uniform CCGlobal {\n  highp   vec4 cc_time;\n  mediump vec4 cc_screenSize;\n  mediump vec4 cc_nativeSize;\n};\nlayout(set = 0, binding = 1) uniform CCCamera {\n  highp   mat4 cc_matView;\n  highp   mat4 cc_matViewInv;\n  highp   mat4 cc_matProj;\n  highp   mat4 cc_matProjInv;\n  highp   mat4 cc_matViewProj;\n  highp   mat4 cc_matViewProjInv;\n  highp   vec4 cc_cameraPos;\n  mediump vec4 cc_screenScale;\n  mediump vec4 cc_exposure;\n  mediump vec4 cc_mainLitDir;\n  mediump vec4 cc_mainLitColor;\n  mediump vec4 cc_ambientSky;\n  mediump vec4 cc_ambientGround;\n  mediump vec4 cc_fogColor;\n  mediump vec4 cc_fogBase;\n  mediump vec4 cc_fogAdd;\n};\nvec3 SRGBToLinear (vec3 gamma) {\n  return gamma * gamma;\n}\nvec4 CCFragOutput (vec4 color) {\n  #if CC_USE_HDR\n    color.rgb = mix(color.rgb, SRGBToLinear(color.rgb) * cc_exposure.w, vec3(cc_exposure.z));\n  #endif\n  return color;\n}\nlayout(location = 0) in vec4 wposition;\nlayout(set = 1, binding = 0) uniform TexCoords {\n  vec4 BrushPos;\n  vec4 BrushParams;\n};\nlayout(set = 1, binding = 1) uniform sampler2D BrushImage;\nvec4 frag () {\n  float Radius = BrushParams.x;\n  float Falloff = BrushParams.y;\n  float DeltaU = BrushPos.x - wposition.x;\n  float DeltaV = BrushPos.z - wposition.z;\n  float k = 0.0;\n  if (abs(DeltaU) < Radius && abs(DeltaV) < Radius) {\n    float u = DeltaU / Radius * 0.5 + 0.5;\n    float v = DeltaV / Radius * 0.5 + 0.5;\n    k = texture(BrushImage, vec2(u, v)).r;\n  }\n  vec4 color = vec4(0, 0, 0, 0);\n  color.rgb = vec3(100, 100, 135) / 255.0;\n  color.a = 0.85 * k;\n  return CCFragOutput(color);\n}\nlayout(location = 0) out vec4 cc_FragColor;\nvoid main() { cc_FragColor = frag(); }"
      },
      "glsl3": {
        "vert": "\nprecision mediump float;\nlayout(std140) uniform CCGlobal {\n  highp   vec4 cc_time;\n  mediump vec4 cc_screenSize;\n  mediump vec4 cc_nativeSize;\n};\nlayout(std140) uniform CCCamera {\n  highp   mat4 cc_matView;\n  highp   mat4 cc_matViewInv;\n  highp   mat4 cc_matProj;\n  highp   mat4 cc_matProjInv;\n  highp   mat4 cc_matViewProj;\n  highp   mat4 cc_matViewProjInv;\n  highp   vec4 cc_cameraPos;\n  mediump vec4 cc_screenScale;\n  mediump vec4 cc_exposure;\n  mediump vec4 cc_mainLitDir;\n  mediump vec4 cc_mainLitColor;\n  mediump vec4 cc_ambientSky;\n  mediump vec4 cc_ambientGround;\n  mediump vec4 cc_fogColor;\n  mediump vec4 cc_fogBase;\n  mediump vec4 cc_fogAdd;\n};\nlayout(std140) uniform CCLocal {\n  highp mat4 cc_matWorld;\n  highp mat4 cc_matWorldIT;\n  highp vec4 cc_lightingMapUVParam;\n};\nin vec3 a_position;\nout vec4 wposition;\nvec4 vert () {\n  vec3 worldPos;\n  worldPos.x = cc_matWorld[3][0] + a_position.x;\n  worldPos.y = cc_matWorld[3][1] + a_position.y;\n  worldPos.z = cc_matWorld[3][2] + a_position.z;\n  worldPos.y += 0.01;\n  vec4 pos = vec4(worldPos, 1);\n  pos = cc_matViewProj * pos;\n  wposition = vec4(worldPos, 1);\n  return pos;\n}\nvoid main() { gl_Position = vert(); }",
        "frag": "\nprecision mediump float;\nlayout(std140) uniform CCGlobal {\n  highp   vec4 cc_time;\n  mediump vec4 cc_screenSize;\n  mediump vec4 cc_nativeSize;\n};\nlayout(std140) uniform CCCamera {\n  highp   mat4 cc_matView;\n  highp   mat4 cc_matViewInv;\n  highp   mat4 cc_matProj;\n  highp   mat4 cc_matProjInv;\n  highp   mat4 cc_matViewProj;\n  highp   mat4 cc_matViewProjInv;\n  highp   vec4 cc_cameraPos;\n  mediump vec4 cc_screenScale;\n  mediump vec4 cc_exposure;\n  mediump vec4 cc_mainLitDir;\n  mediump vec4 cc_mainLitColor;\n  mediump vec4 cc_ambientSky;\n  mediump vec4 cc_ambientGround;\n  mediump vec4 cc_fogColor;\n  mediump vec4 cc_fogBase;\n  mediump vec4 cc_fogAdd;\n};\nvec3 SRGBToLinear (vec3 gamma) {\n  return gamma * gamma;\n}\nvec4 CCFragOutput (vec4 color) {\n  #if CC_USE_HDR\n    color.rgb = mix(color.rgb, SRGBToLinear(color.rgb) * cc_exposure.w, vec3(cc_exposure.z));\n  #endif\n  return color;\n}\nin vec4 wposition;\nlayout(std140) uniform TexCoords {\n  vec4 BrushPos;\n  vec4 BrushParams;\n};\nuniform sampler2D BrushImage;\nvec4 frag () {\n  float Radius = BrushParams.x;\n  float Falloff = BrushParams.y;\n  float DeltaU = BrushPos.x - wposition.x;\n  float DeltaV = BrushPos.z - wposition.z;\n  float k = 0.0;\n  if (abs(DeltaU) < Radius && abs(DeltaV) < Radius) {\n    float u = DeltaU / Radius * 0.5 + 0.5;\n    float v = DeltaV / Radius * 0.5 + 0.5;\n    k = texture(BrushImage, vec2(u, v)).r;\n  }\n  vec4 color = vec4(0, 0, 0, 0);\n  color.rgb = vec3(100, 100, 135) / 255.0;\n  color.a = 0.85 * k;\n  return CCFragOutput(color);\n}\nlayout(location = 0) out vec4 cc_FragColor;\nvoid main() { cc_FragColor = frag(); }"
      },
      "glsl1": {
        "vert": "\nprecision mediump float;\nuniform highp mat4 cc_matViewProj;\nuniform highp mat4 cc_matWorld;\nattribute vec3 a_position;\nvarying vec4 wposition;\nvec4 vert () {\n  vec3 worldPos;\n  worldPos.x = cc_matWorld[3][0] + a_position.x;\n  worldPos.y = cc_matWorld[3][1] + a_position.y;\n  worldPos.z = cc_matWorld[3][2] + a_position.z;\n  worldPos.y += 0.01;\n  vec4 pos = vec4(worldPos, 1);\n  pos = cc_matViewProj * pos;\n  wposition = vec4(worldPos, 1);\n  return pos;\n}\nvoid main() { gl_Position = vert(); }",
        "frag": "\nprecision mediump float;\nuniform mediump vec4 cc_exposure;\nvec3 SRGBToLinear (vec3 gamma) {\n  return gamma * gamma;\n}\nvec4 CCFragOutput (vec4 color) {\n  #if CC_USE_HDR\n    color.rgb = mix(color.rgb, SRGBToLinear(color.rgb) * cc_exposure.w, vec3(cc_exposure.z));\n  #endif\n  return color;\n}\nvarying vec4 wposition;\n   uniform vec4 BrushPos;\n   uniform vec4 BrushParams;\nuniform sampler2D BrushImage;\nvec4 frag () {\n  float Radius = BrushParams.x;\n  float Falloff = BrushParams.y;\n  float DeltaU = BrushPos.x - wposition.x;\n  float DeltaV = BrushPos.z - wposition.z;\n  float k = 0.0;\n  if (abs(DeltaU) < Radius && abs(DeltaV) < Radius) {\n    float u = DeltaU / Radius * 0.5 + 0.5;\n    float v = DeltaV / Radius * 0.5 + 0.5;\n    k = texture2D(BrushImage, vec2(u, v)).r;\n  }\n  vec4 color = vec4(0, 0, 0, 0);\n  color.rgb = vec3(100, 100, 135) / 255.0;\n  color.a = 0.85 * k;\n  return CCFragOutput(color);\n}\nvoid main() { gl_FragColor = frag(); }"
      },
      "builtins": {
        "globals": {
          "blocks": [
            {
              "name": "CCGlobal",
              "defines": []
            },
            {
              "name": "CCCamera",
              "defines": []
            }
          ],
          "samplerTextures": []
        },
        "locals": {
          "blocks": [
            {
              "name": "CCLocal",
              "defines": []
            }
          ],
          "samplerTextures": []
        },
        "statistics": {
          "CC_EFFECT_USED_VERTEX_UNIFORM_VECTORS": 46,
          "CC_EFFECT_USED_FRAGMENT_UNIFORM_VECTORS": 39
        }
      },
      "defines": [
        {
          "name": "CC_USE_HDR",
          "type": "boolean",
          "defines": []
        }
      ],
      "blocks": [
        {
          "name": "TexCoords",
          "members": [
            {
              "name": "BrushPos",
              "type": 16,
              "count": 1
            },
            {
              "name": "BrushParams",
              "type": 16,
              "count": 1
            }
          ],
          "defines": [],
          "stageFlags": 16,
          "binding": 0
        }
      ],
      "samplerTextures": [
        {
          "name": "BrushImage",
          "type": 28,
          "count": 1,
          "defines": [],
          "stageFlags": 16,
          "binding": 1
        }
      ],
      "attributes": [
        {
          "name": "a_position",
          "type": 15,
          "count": 1,
          "defines": [],
          "stageFlags": 1,
          "format": 32,
          "location": 0
        }
      ],
      "varyings": [
        {
          "name": "wposition",
          "type": 16,
          "count": 1,
          "defines": [],
          "stageFlags": 1,
          "location": 0
        }
      ],
      "name": "editor/terrain-image-brush|terrain-brush-vs:vert|terrain-brush-fs:frag"
    }
  ],
  "combinations": [],
  "hideInEditor": true
}