[
  {
    "__type__": "cc.Prefab",
    "_name": "",
    "_objFlags": 0,
    "_native": "",
    "data": {
      "__id__": 1
    },
    "optimizationPolicy": 0
  },
  {
    "__type__": "cc.Node",
    "_name": "@jumpC",
    "_objFlags": 0,
    "_parent": null,
    "_children": [
      {
        "__id__": 2
      }
    ],
    "_active": true,
    "_components": [
      {
        "__id__": 158
      }
    ],
    "_prefab": {
      "__id__": 160
    },
    "_lpos": {
      "__type__": "cc.Vec3",
      "x": 0,
      "y": 0,
      "z": 0
    },
    "_lrot": {
      "__type__": "cc.Quat",
      "x": 0,
      "y": 0,
      "z": 0,
      "w": 1
    },
    "_lscale": {
      "__type__": "cc.Vec3",
      "x": 1,
      "y": 1,
      "z": 1
    },
    "_layer": 1073741824,
    "_euler": {
      "__type__": "cc.Vec3",
      "x": 0,
      "y": 0,
      "z": 0
    },
    "_id": ""
  },
  {
    "__type__": "cc.Node",
    "_name": "RootNode",
    "_objFlags": 0,
    "_parent": {
      "__id__": 1
    },
    "_children": [
      {
        "__id__": 3
      }
    ],
    "_active": true,
    "_components": [],
    "_prefab": {
      "__id__": 157
    },
    "_lpos": {
      "__type__": "cc.Vec3",
      "x": 0,
      "y": 0,
      "z": 0
    },
    "_lrot": {
      "__type__": "cc.Quat",
      "x": 0,
      "y": 0,
      "z": 0,
      "w": 1
    },
    "_lscale": {
      "__type__": "cc.Vec3",
      "x": 1,
      "y": 1,
      "z": 1
    },
    "_layer": 1073741824,
    "_euler": {
      "__type__": "cc.Vec3",
      "x": 0,
      "y": 0,
      "z": 0
    },
    "_id": ""
  },
  {
    "__type__": "cc.Node",
    "_name": "Bip001",
    "_objFlags": 0,
    "_parent": {
      "__id__": 2
    },
    "_children": [
      {
        "__id__": 4
      }
    ],
    "_active": true,
    "_components": [],
    "_prefab": {
      "__id__": 156
    },
    "_lpos": {
      "__type__": "cc.Vec3",
      "x": -0.0029500222299248,
      "y": 0.944144725799561,
      "z": 0.00969716534018517
    },
    "_lrot": {
      "__type__": "cc.Quat",
      "x": -0.4862139269693943,
      "y": -0.4842349633376956,
      "z": -0.5103930877865656,
      "w": 0.5182773518513387
    },
    "_lscale": {
      "__type__": "cc.Vec3",
      "x": 10,
      "y": 9.99999904632568,
      "z": 10
    },
    "_layer": 1073741824,
    "_euler": {
      "__type__": "cc.Vec3",
      "x": -89.64474531427499,
      "y": -89.42429351619613,
      "z": -3.3345937260416316
    },
    "_id": ""
  },
  {
    "__type__": "cc.Node",
    "_name": "Bip001 Pelvis",
    "_objFlags": 0,
    "_parent": {
      "__id__": 3
    },
    "_children": [
      {
        "__id__": 5
      }
    ],
    "_active": true,
    "_components": [],
    "_prefab": {
      "__id__": 155
    },
    "_lpos": {
      "__type__": "cc.Vec3",
      "x": 0,
      "y": 0,
      "z": 0
    },
    "_lrot": {
      "__type__": "cc.Quat",
      "x": -0.4999996423720031,
      "y": -0.5000003576277411,
      "z": -0.4999996423720031,
      "w": 0.5000003576277411
    },
    "_lscale": {
      "__type__": "cc.Vec3",
      "x": 1,
      "y": 1,
      "z": 1
    },
    "_layer": 1073741824,
    "_euler": {
      "__type__": "cc.Vec3",
      "x": -89.99991803772988,
      "y": -90,
      "z": 0
    },
    "_id": ""
  },
  {
    "__type__": "cc.Node",
    "_name": "Bip001 Spine",
    "_objFlags": 0,
    "_parent": {
      "__id__": 4
    },
    "_children": [
      {
        "__id__": 6
      },
      {
        "__id__": 138
      },
      {
        "__id__": 146
      }
    ],
    "_active": true,
    "_components": [],
    "_prefab": {
      "__id__": 154
    },
    "_lpos": {
      "__type__": "cc.Vec3",
      "x": 0.00876531563699245,
      "y": 0.00118752242997289,
      "z": 5.95860178975727e-8
    },
    "_lrot": {
      "__type__": "cc.Quat",
      "x": -0.0024957108030683574,
      "y": -0.003025511824240899,
      "z": 0.07657755365935784,
      "w": 0.9970559141699814
    },
    "_lscale": {
      "__type__": "cc.Vec3",
      "x": 1.00000011920929,
      "y": 1,
      "z": 1
    },
    "_layer": 1073741824,
    "_euler": {
      "__type__": "cc.Vec3",
      "x": -0.26166647664463916,
      "y": -0.3276220937348726,
      "z": 8.78454742182146
    },
    "_id": ""
  },
  {
    "__type__": "cc.Node",
    "_name": "Bip001 Spine1",
    "_objFlags": 0,
    "_parent": {
      "__id__": 5
    },
    "_children": [
      {
        "__id__": 7
      }
    ],
    "_active": true,
    "_components": [],
    "_prefab": {
      "__id__": 137
    },
    "_lpos": {
      "__type__": "cc.Vec3",
      "x": 0.011708440259099,
      "y": -0.00000928997997107217,
      "z": -4.8428772103648e-9
    },
    "_lrot": {
      "__type__": "cc.Quat",
      "x": 0.00026033592358065157,
      "y": -0.0003613716197488043,
      "z": 0.006068421678365692,
      "w": 0.9999814877756953
    },
    "_lscale": {
      "__type__": "cc.Vec3",
      "x": 0.999999940395355,
      "y": 0.99999988079071,
      "z": 1.00000011920929
    },
    "_layer": 1073741824,
    "_euler": {
      "__type__": "cc.Vec3",
      "x": 0.030085258403428745,
      "y": -0.04159347265152838,
      "z": 0.6953833187473182
    },
    "_id": ""
  },
  {
    "__type__": "cc.Node",
    "_name": "Bip001 Spine2",
    "_objFlags": 0,
    "_parent": {
      "__id__": 6
    },
    "_children": [
      {
        "__id__": 8
      },
      {
        "__id__": 100
      },
      {
        "__id__": 112
      },
      {
        "__id__": 122
      }
    ],
    "_active": true,
    "_components": [],
    "_prefab": {
      "__id__": 136
    },
    "_lpos": {
      "__type__": "cc.Vec3",
      "x": 0.0116712572053075,
      "y": -0.0000145316116686445,
      "z": -1.49011611938477e-8
    },
    "_lrot": {
      "__type__": "cc.Quat",
      "x": 0.0005206607649708275,
      "y": -0.0007227297037619847,
      "z": 0.012136585781750992,
      "w": 0.9999259521883135
    },
    "_lscale": {
      "__type__": "cc.Vec3",
      "x": 1,
      "y": 1,
      "z": 1
    },
    "_layer": 1073741824,
    "_euler": {
      "__type__": "cc.Vec3",
      "x": 0.06068193410218311,
      "y": -0.08356134476152209,
      "z": 1.3907407453086043
    },
    "_id": ""
  },
  {
    "__type__": "cc.Node",
    "_name": "Bip001 Neck",
    "_objFlags": 0,
    "_parent": {
      "__id__": 7
    },
    "_children": [
      {
        "__id__": 9
      },
      {
        "__id__": 47
      },
      {
        "__id__": 89
      }
    ],
    "_active": true,
    "_components": [],
    "_prefab": {
      "__id__": 99
    },
    "_lpos": {
      "__type__": "cc.Vec3",
      "x": 0.02326082251966,
      "y": -0.0019644545391202,
      "z": -3.13594938461392e-7
    },
    "_lrot": {
      "__type__": "cc.Quat",
      "x": 0.03828023384003375,
      "y": -0.005210968679286122,
      "z": 0.1106066632157643,
      "w": 0.9931131031029903
    },
    "_lscale": {
      "__type__": "cc.Vec3",
      "x": 1.00000011920929,
      "y": 1.00000023841858,
      "z": 1.00000011920929
    },
    "_layer": 1073741824,
    "_euler": {
      "__type__": "cc.Vec3",
      "x": 4.537499577641046,
      "y": -1.105174232325583,
      "z": 12.667387498015591
    },
    "_id": ""
  },
  {
    "__type__": "cc.Node",
    "_name": "Bip001 L Clavicle",
    "_objFlags": 0,
    "_parent": {
      "__id__": 8
    },
    "_children": [
      {
        "__id__": 10
      }
    ],
    "_active": true,
    "_components": [],
    "_prefab": {
      "__id__": 46
    },
    "_lpos": {
      "__type__": "cc.Vec3",
      "x": -0.00540835363790393,
      "y": 0.00060994626255706,
      "z": 0.00510615203529596
    },
    "_lrot": {
      "__type__": "cc.Quat",
      "x": 0.5219088233056869,
      "y": -0.15634290982751828,
      "z": 0.8379729448431229,
      "w": 0.03113548479279437
    },
    "_lscale": {
      "__type__": "cc.Vec3",
      "x": 0.999999940395355,
      "y": 0.999999940395355,
      "z": 1.00000011920929
    },
    "_layer": 1073741824,
    "_euler": {
      "__type__": "cc.Vec3",
      "x": 162.76126676857507,
      "y": -117.1359043687099,
      "z": -6.373662001092317
    },
    "_id": ""
  },
  {
    "__type__": "cc.Node",
    "_name": "Bip001 L UpperArm",
    "_objFlags": 0,
    "_parent": {
      "__id__": 9
    },
    "_children": [
      {
        "__id__": 11
      }
    ],
    "_active": true,
    "_components": [],
    "_prefab": {
      "__id__": 45
    },
    "_lpos": {
      "__type__": "cc.Vec3",
      "x": 0.0112501522526145,
      "y": 2.38418573772492e-9,
      "z": -9.53674295089968e-9
    },
    "_lrot": {
      "__type__": "cc.Quat",
      "x": -0.08866500798035203,
      "y": 0.07740956495585957,
      "z": 0.17609339840342333,
      "w": 0.9773113069293334
    },
    "_lscale": {
      "__type__": "cc.Vec3",
      "x": 0.999999940395355,
      "y": 1.00000011920929,
      "z": 1
    },
    "_layer": 1073741824,
    "_euler": {
      "__type__": "cc.Vec3",
      "x": -12.269407421034483,
      "y": 11.151206828181028,
      "z": 19.29725037289687
    },
    "_id": ""
  },
  {
    "__type__": "cc.Node",
    "_name": "Bip001 L Forearm",
    "_objFlags": 0,
    "_parent": {
      "__id__": 10
    },
    "_children": [
      {
        "__id__": 12
      }
    ],
    "_active": true,
    "_components": [],
    "_prefab": {
      "__id__": 44
    },
    "_lpos": {
      "__type__": "cc.Vec3",
      "x": 0.0209654327481985,
      "y": 1.19209286886246e-9,
      "z": -9.53674295089968e-9
    },
    "_lrot": {
      "__type__": "cc.Quat",
      "x": 3.0810111528897773e-17,
      "y": 8.595762159404547e-18,
      "z": -0.5564413567004832,
      "w": 0.8308868855345627
    },
    "_lscale": {
      "__type__": "cc.Vec3",
      "x": 1.00000011920929,
      "y": 1.00000011920929,
      "z": 1
    },
    "_layer": 1073741824,
    "_euler": {
      "__type__": "cc.Vec3",
      "x": 9.144172176730207e-15,
      "y": 7.309295000942962e-15,
      "z": -67.62009868122662
    },
    "_id": ""
  },
  {
    "__type__": "cc.Node",
    "_name": "Bip001 L Hand",
    "_objFlags": 0,
    "_parent": {
      "__id__": 11
    },
    "_children": [
      {
        "__id__": 13
      },
      {
        "__id__": 19
      },
      {
        "__id__": 25
      },
      {
        "__id__": 31
      },
      {
        "__id__": 37
      }
    ],
    "_active": true,
    "_components": [],
    "_prefab": {
      "__id__": 43
    },
    "_lpos": {
      "__type__": "cc.Vec3",
      "x": 0.0202247928828001,
      "y": 4.44089199923895e-18,
      "z": 9.53674295089968e-9
    },
    "_lrot": {
      "__type__": "cc.Quat",
      "x": -0.7309798131041885,
      "y": -0.10538094676448019,
      "z": -0.16121697709907057,
      "w": 0.6546544547990376
    },
    "_lscale": {
      "__type__": "cc.Vec3",
      "x": 1,
      "y": 0.999999940395355,
      "z": 1.00000011920929
    },
    "_layer": 1073741824,
    "_euler": {
      "__type__": "cc.Vec3",
      "x": -96.94066505712539,
      "y": -21.97968742620362,
      "z": -3.268786012893627
    },
    "_id": ""
  },
  {
    "__type__": "cc.Node",
    "_name": "Bip001 L Finger0",
    "_objFlags": 0,
    "_parent": {
      "__id__": 12
    },
    "_children": [
      {
        "__id__": 14
      }
    ],
    "_active": true,
    "_components": [],
    "_prefab": {
      "__id__": 18
    },
    "_lpos": {
      "__type__": "cc.Vec3",
      "x": 0.00338960159569979,
      "y": 0.000751848216168582,
      "z": -0.00355531205423176
    },
    "_lrot": {
      "__type__": "cc.Quat",
      "x": 0.32273069980141544,
      "y": 0.5766725710994276,
      "z": -0.022712892594246407,
      "w": 0.7501851542501133
    },
    "_lscale": {
      "__type__": "cc.Vec3",
      "x": 0.999999821186066,
      "y": 1,
      "z": 0.999999821186066
    },
    "_layer": 1073741824,
    "_euler": {
      "__type__": "cc.Vec3",
      "x": 32.84437051852841,
      "y": 69.22107771151543,
      "z": 19.76372326584868
    },
    "_id": ""
  },
  {
    "__type__": "cc.Node",
    "_name": "Bip001 L Finger01",
    "_objFlags": 0,
    "_parent": {
      "__id__": 13
    },
    "_children": [
      {
        "__id__": 15
      }
    ],
    "_active": true,
    "_components": [],
    "_prefab": {
      "__id__": 17
    },
    "_lpos": {
      "__type__": "cc.Vec3",
      "x": 0.00378630519844592,
      "y": 1.77635679969558e-17,
      "z": 1.77635679969558e-17
    },
    "_lrot": {
      "__type__": "cc.Quat",
      "x": 0.014463644365202668,
      "y": -0.05212340091925742,
      "z": 0.2669941464707011,
      "w": 0.9621788190449162
    },
    "_lscale": {
      "__type__": "cc.Vec3",
      "x": 1.00000011920929,
      "y": 0.999999940395355,
      "z": 1
    },
    "_layer": 1073741824,
    "_euler": {
      "__type__": "cc.Vec3",
      "x": 3.7163888948341106,
      "y": -7.226180253256067,
      "z": 30.816115060535367
    },
    "_id": ""
  },
  {
    "__type__": "cc.Node",
    "_name": "Bip001 L Finger02",
    "_objFlags": 0,
    "_parent": {
      "__id__": 14
    },
    "_children": [],
    "_active": true,
    "_components": [],
    "_prefab": {
      "__id__": 16
    },
    "_lpos": {
      "__type__": "cc.Vec3",
      "x": 0.00310072884894907,
      "y": -9.53674295089968e-9,
      "z": 9.53674295089968e-9
    },
    "_lrot": {
      "__type__": "cc.Quat",
      "x": 0.0031722227771442883,
      "y": -0.05399986017046803,
      "z": 0.05855860224475,
      "w": 0.9968173564938378
    },
    "_lscale": {
      "__type__": "cc.Vec3",
      "x": 1,
      "y": 1.00000011920929,
      "z": 1
    },
    "_layer": 1073741824,
    "_euler": {
      "__type__": "cc.Vec3",
      "x": 0.729689329393338,
      "y": -6.244237264088236,
      "z": 6.684488963720092
    },
    "_id": ""
  },
  {
    "__type__": "cc.PrefabInfo",
    "root": {
      "__id__": 1
    },
    "asset": {
      "__id__": 0
    },
    "fileId": "acHNGwrZtTv7qtlKd/yIq3"
  },
  {
    "__type__": "cc.PrefabInfo",
    "root": {
      "__id__": 1
    },
    "asset": {
      "__id__": 0
    },
    "fileId": "256FscaKJdqo83cUEHfIPy"
  },
  {
    "__type__": "cc.PrefabInfo",
    "root": {
      "__id__": 1
    },
    "asset": {
      "__id__": 0
    },
    "fileId": "0cRExHxLhavKfi7b+ElPjM"
  },
  {
    "__type__": "cc.Node",
    "_name": "Bip001 L Finger1",
    "_objFlags": 0,
    "_parent": {
      "__id__": 12
    },
    "_children": [
      {
        "__id__": 20
      }
    ],
    "_active": true,
    "_components": [],
    "_prefab": {
      "__id__": 24
    },
    "_lpos": {
      "__type__": "cc.Vec3",
      "x": 0.0100068235769868,
      "y": -0.0000837326006148942,
      "z": -0.0031870030798018
    },
    "_lrot": {
      "__type__": "cc.Quat",
      "x": -0.003023921050857711,
      "y": -0.038342185374915655,
      "z": 0.06827096651114237,
      "w": 0.9969251766576007
    },
    "_lscale": {
      "__type__": "cc.Vec3",
      "x": 1,
      "y": 1,
      "z": 0.99999988079071
    },
    "_layer": 1073741824,
    "_euler": {
      "__type__": "cc.Vec3",
      "x": -0.04591770320725799,
      "y": -4.401925925095817,
      "z": 7.836921172555137
    },
    "_id": ""
  },
  {
    "__type__": "cc.Node",
    "_name": "Bip001 L Finger11",
    "_objFlags": 0,
    "_parent": {
      "__id__": 19
    },
    "_children": [
      {
        "__id__": 21
      }
    ],
    "_active": true,
    "_components": [],
    "_prefab": {
      "__id__": 23
    },
    "_lpos": {
      "__type__": "cc.Vec3",
      "x": 0.00425854418426752,
      "y": -9.53674295089968e-9,
      "z": 8.88178399847791e-18
    },
    "_lrot": {
      "__type__": "cc.Quat",
      "x": 2.8451077574357338e-8,
      "y": 8.872126031458551e-9,
      "z": 0.297699119815684,
      "w": 0.9546597477954991
    },
    "_lscale": {
      "__type__": "cc.Vec3",
      "x": 1,
      "y": 1,
      "z": 0.999999940395355
    },
    "_layer": 1073741824,
    "_euler": {
      "__type__": "cc.Vec3",
      "x": 0.000003415094548179717,
      "y": 1.1809549053216212e-13,
      "z": 34.638918429267726
    },
    "_id": ""
  },
  {
    "__type__": "cc.Node",
    "_name": "Bip001 L Finger12",
    "_objFlags": 0,
    "_parent": {
      "__id__": 20
    },
    "_children": [],
    "_active": true,
    "_components": [],
    "_prefab": {
      "__id__": 22
    },
    "_lpos": {
      "__type__": "cc.Vec3",
      "x": 0.00269485707394779,
      "y": -1.77635679969558e-17,
      "z": 0
    },
    "_lrot": {
      "__type__": "cc.Quat",
      "x": -1.900197101336781e-8,
      "y": 2.737056903504995e-8,
      "z": 0.14271869851066923,
      "w": 0.9897632914467073
    },
    "_lscale": {
      "__type__": "cc.Vec3",
      "x": 1,
      "y": 1,
      "z": 0.999999940395355
    },
    "_layer": 1073741824,
    "_euler": {
      "__type__": "cc.Vec3",
      "x": -0.0000027133374072527057,
      "y": 0.000003560124113506574,
      "z": 16.410392607821574
    },
    "_id": ""
  },
  {
    "__type__": "cc.PrefabInfo",
    "root": {
      "__id__": 1
    },
    "asset": {
      "__id__": 0
    },
    "fileId": "cbEpfyyFlRRLKdhzsGVM7k"
  },
  {
    "__type__": "cc.PrefabInfo",
    "root": {
      "__id__": 1
    },
    "asset": {
      "__id__": 0
    },
    "fileId": "6dSn3gaahdvJRGZsWqpFS7"
  },
  {
    "__type__": "cc.PrefabInfo",
    "root": {
      "__id__": 1
    },
    "asset": {
      "__id__": 0
    },
    "fileId": "c4C5nlNFpUXKvazDpTfYi+"
  },
  {
    "__type__": "cc.Node",
    "_name": "Bip001 L Finger2",
    "_objFlags": 0,
    "_parent": {
      "__id__": 12
    },
    "_children": [
      {
        "__id__": 26
      }
    ],
    "_active": true,
    "_components": [],
    "_prefab": {
      "__id__": 30
    },
    "_lpos": {
      "__type__": "cc.Vec3",
      "x": 0.00977932941168547,
      "y": -0.000283317553112283,
      "z": -0.000841703382320702
    },
    "_lrot": {
      "__type__": "cc.Quat",
      "x": -0.05412509811561044,
      "y": -0.052619361813201884,
      "z": 0.2556261787542602,
      "w": 0.9638241194594801
    },
    "_lscale": {
      "__type__": "cc.Vec3",
      "x": 1,
      "y": 1,
      "z": 0.999999821186066
    },
    "_layer": 1073741824,
    "_euler": {
      "__type__": "cc.Vec3",
      "x": -5.124448361121847,
      "y": -4.880809682637569,
      "z": 29.897731040030973
    },
    "_id": ""
  },
  {
    "__type__": "cc.Node",
    "_name": "Bip001 L Finger21",
    "_objFlags": 0,
    "_parent": {
      "__id__": 25
    },
    "_children": [
      {
        "__id__": 27
      }
    ],
    "_active": true,
    "_components": [],
    "_prefab": {
      "__id__": 29
    },
    "_lpos": {
      "__type__": "cc.Vec3",
      "x": 0.00446992367506027,
      "y": -9.53674295089968e-9,
      "z": -8.88178399847791e-18
    },
    "_lrot": {
      "__type__": "cc.Quat",
      "x": -1.366582683378569e-17,
      "y": -2.4162355009228193e-18,
      "z": 0.17410811682552524,
      "w": 0.9847265425769072
    },
    "_lscale": {
      "__type__": "cc.Vec3",
      "x": 1,
      "y": 0.999999940395355,
      "z": 1
    },
    "_layer": 1073741824,
    "_euler": {
      "__type__": "cc.Vec3",
      "x": -1.5902774400961246e-15,
      "y": 1.7568472871986154e-23,
      "z": 20.053520412820962
    },
    "_id": ""
  },
  {
    "__type__": "cc.Node",
    "_name": "Bip001 L Finger22",
    "_objFlags": 0,
    "_parent": {
      "__id__": 26
    },
    "_children": [],
    "_active": true,
    "_components": [],
    "_prefab": {
      "__id__": 28
    },
    "_lpos": {
      "__type__": "cc.Vec3",
      "x": 0.00304985046386719,
      "y": 0,
      "z": 0
    },
    "_lrot": {
      "__type__": "cc.Quat",
      "x": -2.77555723069065e-17,
      "y": 5.55111512312578e-17,
      "z": -1.49011611938477e-8,
      "w": 1
    },
    "_lscale": {
      "__type__": "cc.Vec3",
      "x": 1,
      "y": 1.00000011920929,
      "z": 1
    },
    "_layer": 1073741824,
    "_euler": {
      "__type__": "cc.Vec3",
      "x": -3.1805542075239423e-15,
      "y": 6.361109315533081e-15,
      "z": -0.000001707547292503193
    },
    "_id": ""
  },
  {
    "__type__": "cc.PrefabInfo",
    "root": {
      "__id__": 1
    },
    "asset": {
      "__id__": 0
    },
    "fileId": "c6YpW2NYFfZ5JULdq4Fm4m"
  },
  {
    "__type__": "cc.PrefabInfo",
    "root": {
      "__id__": 1
    },
    "asset": {
      "__id__": 0
    },
    "fileId": "11+LuTTmNfuKFkvVpMChyV"
  },
  {
    "__type__": "cc.PrefabInfo",
    "root": {
      "__id__": 1
    },
    "asset": {
      "__id__": 0
    },
    "fileId": "37ZyW0hxpeQ7OWRMnVLymt"
  },
  {
    "__type__": "cc.Node",
    "_name": "Bip001 L Finger3",
    "_objFlags": 0,
    "_parent": {
      "__id__": 12
    },
    "_children": [
      {
        "__id__": 32
      }
    ],
    "_active": true,
    "_components": [],
    "_prefab": {
      "__id__": 36
    },
    "_lpos": {
      "__type__": "cc.Vec3",
      "x": 0.00994965527206659,
      "y": -0.000171346662682481,
      "z": 0.00139930250588804
    },
    "_lrot": {
      "__type__": "cc.Quat",
      "x": -0.105923675530216,
      "y": -0.03407515229928802,
      "z": 0.3063346758898378,
      "w": 0.9453983950194849
    },
    "_lscale": {
      "__type__": "cc.Vec3",
      "x": 1,
      "y": 0.99999988079071,
      "z": 0.999999940395355
    },
    "_layer": 1073741824,
    "_euler": {
      "__type__": "cc.Vec3",
      "x": -12.796368713018689,
      "y": 0.03303372955011112,
      "z": 35.90445594234839
    },
    "_id": ""
  },
  {
    "__type__": "cc.Node",
    "_name": "Bip001 L Finger31",
    "_objFlags": 0,
    "_parent": {
      "__id__": 31
    },
    "_children": [
      {
        "__id__": 33
      }
    ],
    "_active": true,
    "_components": [],
    "_prefab": {
      "__id__": 35
    },
    "_lpos": {
      "__type__": "cc.Vec3",
      "x": 0.00389957171864808,
      "y": 0,
      "z": 4.76837147544984e-9
    },
    "_lrot": {
      "__type__": "cc.Quat",
      "x": -2.77555756156289e-17,
      "y": 1.49011611938477e-8,
      "z": -2.77555756156289e-17,
      "w": 1
    },
    "_lscale": {
      "__type__": "cc.Vec3",
      "x": 1,
      "y": 1,
      "z": 1
    },
    "_layer": 1073741824,
    "_euler": {
      "__type__": "cc.Vec3",
      "x": -3.1805546340695574e-15,
      "y": 0.000001707547292503193,
      "z": -3.1805547288574733e-15
    },
    "_id": ""
  },
  {
    "__type__": "cc.Node",
    "_name": "Bip001 L Finger32",
    "_objFlags": 0,
    "_parent": {
      "__id__": 32
    },
    "_children": [],
    "_active": true,
    "_components": [],
    "_prefab": {
      "__id__": 34
    },
    "_lpos": {
      "__type__": "cc.Vec3",
      "x": 0.00260700704529881,
      "y": -1.77635679969558e-17,
      "z": -4.76837147544984e-9
    },
    "_lrot": {
      "__type__": "cc.Quat",
      "x": -1.38777878078145e-17,
      "y": 1.49011611938477e-8,
      "z": 2.06795153138257e-25,
      "w": 1
    },
    "_lscale": {
      "__type__": "cc.Vec3",
      "x": 1,
      "y": 1,
      "z": 1
    },
    "_layer": 1073741824,
    "_euler": {
      "__type__": "cc.Vec3",
      "x": -1.5902773407317637e-15,
      "y": 0.000001707547292503193,
      "z": -1.3154465848356959e-37
    },
    "_id": ""
  },
  {
    "__type__": "cc.PrefabInfo",
    "root": {
      "__id__": 1
    },
    "asset": {
      "__id__": 0
    },
    "fileId": "178iwEW2hZ9Iq7ceHzjNVZ"
  },
  {
    "__type__": "cc.PrefabInfo",
    "root": {
      "__id__": 1
    },
    "asset": {
      "__id__": 0
    },
    "fileId": "44OHajN3hUIIYDZCggs4b7"
  },
  {
    "__type__": "cc.PrefabInfo",
    "root": {
      "__id__": 1
    },
    "asset": {
      "__id__": 0
    },
    "fileId": "d65LcPt5FfvqAfW0FWZlf2"
  },
  {
    "__type__": "cc.Node",
    "_name": "Bip001 L Finger4",
    "_objFlags": 0,
    "_parent": {
      "__id__": 12
    },
    "_children": [
      {
        "__id__": 38
      }
    ],
    "_active": true,
    "_components": [],
    "_prefab": {
      "__id__": 42
    },
    "_lpos": {
      "__type__": "cc.Vec3",
      "x": 0.00942855793982744,
      "y": 0.00122401234693825,
      "z": 0.00280827982351184
    },
    "_lrot": {
      "__type__": "cc.Quat",
      "x": -0.13712105164320437,
      "y": -0.023193348214909214,
      "z": 0.2491233946587847,
      "w": 0.9584348804319087
    },
    "_lscale": {
      "__type__": "cc.Vec3",
      "x": 0.999999940395355,
      "y": 0.999999940395355,
      "z": 0.999999821186066
    },
    "_layer": 1073741824,
    "_euler": {
      "__type__": "cc.Vec3",
      "x": -16.68707687131292,
      "y": 1.5624432310301888,
      "z": 28.940277570949075
    },
    "_id": ""
  },
  {
    "__type__": "cc.Node",
    "_name": "Bip001 L Finger41",
    "_objFlags": 0,
    "_parent": {
      "__id__": 37
    },
    "_children": [
      {
        "__id__": 39
      }
    ],
    "_active": true,
    "_components": [],
    "_prefab": {
      "__id__": 41
    },
    "_lpos": {
      "__type__": "cc.Vec3",
      "x": 0.00284821493551135,
      "y": 0,
      "z": -8.88178399847791e-18
    },
    "_lrot": {
      "__type__": "cc.Quat",
      "x": 1.4901159417490797e-8,
      "y": -1.4901159417490797e-8,
      "z": 2.4980012760110097e-16,
      "w": 0.9999999999999998
    },
    "_lscale": {
      "__type__": "cc.Vec3",
      "x": 1.00000011920929,
      "y": 1.00000011920929,
      "z": 1.00000011920929
    },
    "_layer": 1073741824,
    "_euler": {
      "__type__": "cc.Vec3",
      "x": 0.000001707547088947686,
      "y": -0.000001707547088947686,
      "z": 3.180554681463212e-15
    },
    "_id": ""
  },
  {
    "__type__": "cc.Node",
    "_name": "Bip001 L Finger42",
    "_objFlags": 0,
    "_parent": {
      "__id__": 38
    },
    "_children": [],
    "_active": true,
    "_components": [],
    "_prefab": {
      "__id__": 40
    },
    "_lpos": {
      "__type__": "cc.Vec3",
      "x": 0.00182514183688909,
      "y": 1.77635679969558e-17,
      "z": 9.53674295089968e-9
    },
    "_lrot": {
      "__type__": "cc.Quat",
      "x": 1.4901159417490797e-8,
      "y": -1.4901159417490797e-8,
      "z": 2.3592233979328696e-16,
      "w": 0.9999999999999998
    },
    "_lscale": {
      "__type__": "cc.Vec3",
      "x": 1.00000011920929,
      "y": 1.00000011920929,
      "z": 1.00000011920929
    },
    "_layer": 1073741824,
    "_euler": {
      "__type__": "cc.Vec3",
      "x": 0.000001707547088947686,
      "y": -0.000001707547088947686,
      "z": 1.5902773407315042e-15
    },
    "_id": ""
  },
  {
    "__type__": "cc.PrefabInfo",
    "root": {
      "__id__": 1
    },
    "asset": {
      "__id__": 0
    },
    "fileId": "cexMy1U3tRfq86FgQDq4TP"
  },
  {
    "__type__": "cc.PrefabInfo",
    "root": {
      "__id__": 1
    },
    "asset": {
      "__id__": 0
    },
    "fileId": "09msRHG4pawpi7An4gmTg/"
  },
  {
    "__type__": "cc.PrefabInfo",
    "root": {
      "__id__": 1
    },
    "asset": {
      "__id__": 0
    },
    "fileId": "69XQXKUtlb7Y2CDS6snnEj"
  },
  {
    "__type__": "cc.PrefabInfo",
    "root": {
      "__id__": 1
    },
    "asset": {
      "__id__": 0
    },
    "fileId": "91qozer0hbq7Yc9OKYlRp2"
  },
  {
    "__type__": "cc.PrefabInfo",
    "root": {
      "__id__": 1
    },
    "asset": {
      "__id__": 0
    },
    "fileId": "e4BllB92ZbKZOcxRuGLB7c"
  },
  {
    "__type__": "cc.PrefabInfo",
    "root": {
      "__id__": 1
    },
    "asset": {
      "__id__": 0
    },
    "fileId": "a2O451uBJew7XDZGyTNwY5"
  },
  {
    "__type__": "cc.PrefabInfo",
    "root": {
      "__id__": 1
    },
    "asset": {
      "__id__": 0
    },
    "fileId": "c7dJz/Uv5VWp0ytWFIYVFz"
  },
  {
    "__type__": "cc.Node",
    "_name": "Bip001 R Clavicle",
    "_objFlags": 0,
    "_parent": {
      "__id__": 8
    },
    "_children": [
      {
        "__id__": 48
      }
    ],
    "_active": true,
    "_components": [],
    "_prefab": {
      "__id__": 88
    },
    "_lpos": {
      "__type__": "cc.Vec3",
      "x": -0.00559782981872559,
      "y": -0.000143995275720954,
      "z": -0.00493279751390219
    },
    "_lrot": {
      "__type__": "cc.Quat",
      "x": -0.5069137113819578,
      "y": 0.2192076698629383,
      "z": 0.8335861992334255,
      "w": -0.010978849384256495
    },
    "_lscale": {
      "__type__": "cc.Vec3",
      "x": 1,
      "y": 0.999999940395355,
      "z": 1
    },
    "_layer": 1073741824,
    "_euler": {
      "__type__": "cc.Vec3",
      "x": -158.58967724381608,
      "y": 120.03521741263016,
      "z": -13.918554366967705
    },
    "_id": ""
  },
  {
    "__type__": "cc.Node",
    "_name": "Bip001 R UpperArm",
    "_objFlags": 0,
    "_parent": {
      "__id__": 47
    },
    "_children": [
      {
        "__id__": 49
      }
    ],
    "_active": true,
    "_components": [],
    "_prefab": {
      "__id__": 87
    },
    "_lpos": {
      "__type__": "cc.Vec3",
      "x": 0.0112501522526145,
      "y": 4.44089199923895e-18,
      "z": -1.77635679969558e-17
    },
    "_lrot": {
      "__type__": "cc.Quat",
      "x": 0.08341918913670826,
      "y": -0.08409640221175506,
      "z": 0.17433536111142897,
      "w": 0.9775357875213371
    },
    "_lscale": {
      "__type__": "cc.Vec3",
      "x": 1,
      "y": 1,
      "z": 1
    },
    "_layer": 1073741824,
    "_euler": {
      "__type__": "cc.Vec3",
      "x": 11.747057154631662,
      "y": -11.814428312606537,
      "z": 19.07512401194197
    },
    "_id": ""
  },
  {
    "__type__": "cc.Node",
    "_name": "Bip001 R Forearm",
    "_objFlags": 0,
    "_parent": {
      "__id__": 48
    },
    "_children": [
      {
        "__id__": 50
      }
    ],
    "_active": true,
    "_components": [],
    "_prefab": {
      "__id__": 86
    },
    "_lpos": {
      "__type__": "cc.Vec3",
      "x": 0.0209654401987791,
      "y": 0,
      "z": 1.77635679969558e-17
    },
    "_lrot": {
      "__type__": "cc.Quat",
      "x": -2.3087933971574276e-17,
      "y": 2.935107042002988e-18,
      "z": -0.5564413567004832,
      "w": 0.8308868855345627
    },
    "_lscale": {
      "__type__": "cc.Vec3",
      "x": 1.00000011920929,
      "y": 1.00000023841858,
      "z": 1
    },
    "_layer": 1073741824,
    "_euler": {
      "__type__": "cc.Vec3",
      "x": -5.2820251429265395e-15,
      "y": -3.1325548520720283e-15,
      "z": -67.62009868122662
    },
    "_id": ""
  },
  {
    "__type__": "cc.Node",
    "_name": "Bip001 R Hand",
    "_objFlags": 0,
    "_parent": {
      "__id__": 49
    },
    "_children": [
      {
        "__id__": 51
      },
      {
        "__id__": 57
      },
      {
        "__id__": 63
      },
      {
        "__id__": 69
      },
      {
        "__id__": 75
      },
      {
        "__id__": 81
      }
    ],
    "_active": true,
    "_components": [],
    "_prefab": {
      "__id__": 85
    },
    "_lpos": {
      "__type__": "cc.Vec3",
      "x": 0.0202247854322195,
      "y": 4.44089199923895e-18,
      "z": -9.53674295089968e-9
    },
    "_lrot": {
      "__type__": "cc.Quat",
      "x": 0.7442069589665209,
      "y": 0.05886784148414463,
      "z": -0.22003568531405743,
      "w": 0.6279131123437173
    },
    "_lscale": {
      "__type__": "cc.Vec3",
      "x": 1.00000011920929,
      "y": 1.00000011920929,
      "z": 1.00000011920929
    },
    "_layer": 1073741824,
    "_euler": {
      "__type__": "cc.Vec3",
      "x": 102.0204696367502,
      "y": 24.127983910528915,
      "z": -10.877328192342327
    },
    "_id": ""
  },
  {
    "__type__": "cc.Node",
    "_name": "Bip001 R Finger0",
    "_objFlags": 0,
    "_parent": {
      "__id__": 50
    },
    "_children": [
      {
        "__id__": 52
      }
    ],
    "_active": true,
    "_components": [],
    "_prefab": {
      "__id__": 56
    },
    "_lpos": {
      "__type__": "cc.Vec3",
      "x": 0.0033895920496434,
      "y": 0.000751838670112193,
      "z": 0.00355531205423176
    },
    "_lrot": {
      "__type__": "cc.Quat",
      "x": -0.25489568963891707,
      "y": -0.6499405567927663,
      "z": -0.09906387427648117,
      "w": 0.7090781401599849
    },
    "_lscale": {
      "__type__": "cc.Vec3",
      "x": 0.99999988079071,
      "y": 1,
      "z": 0.999999821186066
    },
    "_layer": 1073741824,
    "_euler": {
      "__type__": "cc.Vec3",
      "x": -29.962479143153846,
      "y": -82.06411549972741,
      "z": 11.002162085162386
    },
    "_id": ""
  },
  {
    "__type__": "cc.Node",
    "_name": "Bip001 R Finger01",
    "_objFlags": 0,
    "_parent": {
      "__id__": 51
    },
    "_children": [
      {
        "__id__": 53
      }
    ],
    "_active": true,
    "_components": [],
    "_prefab": {
      "__id__": 55
    },
    "_lpos": {
      "__type__": "cc.Vec3",
      "x": 0.00378630636259913,
      "y": -1.77635679969558e-17,
      "z": 0
    },
    "_lrot": {
      "__type__": "cc.Quat",
      "x": -0.002367568226928583,
      "y": 0.04742278207962587,
      "z": 0.4487867700023088,
      "w": 0.8923765513679828
    },
    "_lscale": {
      "__type__": "cc.Vec3",
      "x": 1.00000011920929,
      "y": 1.00000011920929,
      "z": 0.999999940395355
    },
    "_layer": 1073741824,
    "_euler": {
      "__type__": "cc.Vec3",
      "x": -4.480231209374501,
      "y": 8.328387647985302,
      "z": 53.20168879911147
    },
    "_id": ""
  },
  {
    "__type__": "cc.Node",
    "_name": "Bip001 R Finger02",
    "_objFlags": 0,
    "_parent": {
      "__id__": 52
    },
    "_children": [],
    "_active": true,
    "_components": [],
    "_prefab": {
      "__id__": 54
    },
    "_lpos": {
      "__type__": "cc.Vec3",
      "x": 0.00310073141008615,
      "y": 4.76837147544984e-9,
      "z": 0
    },
    "_lrot": {
      "__type__": "cc.Quat",
      "x": 0.019135830998017182,
      "y": 0.04339317994232172,
      "z": 0.507115366038479,
      "w": 0.8605724010414048
    },
    "_lscale": {
      "__type__": "cc.Vec3",
      "x": 1,
      "y": 1,
      "z": 1
    },
    "_layer": 1073741824,
    "_euler": {
      "__type__": "cc.Vec3",
      "x": -1.3083172290919893,
      "y": 6.54365745464665,
      "z": 60.983458622690335
    },
    "_id": ""
  },
  {
    "__type__": "cc.PrefabInfo",
    "root": {
      "__id__": 1
    },
    "asset": {
      "__id__": 0
    },
    "fileId": "8bXDQDKzlRubpH8SSXCDov"
  },
  {
    "__type__": "cc.PrefabInfo",
    "root": {
      "__id__": 1
    },
    "asset": {
      "__id__": 0
    },
    "fileId": "858Pgb6B1c9r4Eny70du8d"
  },
  {
    "__type__": "cc.PrefabInfo",
    "root": {
      "__id__": 1
    },
    "asset": {
      "__id__": 0
    },
    "fileId": "19AaTNEdVUzr94maeS8lEM"
  },
  {
    "__type__": "cc.Node",
    "_name": "Bip001 R Finger1",
    "_objFlags": 0,
    "_parent": {
      "__id__": 50
    },
    "_children": [
      {
        "__id__": 58
      }
    ],
    "_active": true,
    "_components": [],
    "_prefab": {
      "__id__": 62
    },
    "_lpos": {
      "__type__": "cc.Vec3",
      "x": 0.0100068189203739,
      "y": -0.0000837516781757586,
      "z": 0.0031870030798018
    },
    "_lrot": {
      "__type__": "cc.Quat",
      "x": 0.025452889553713262,
      "y": 0.02883431693803935,
      "z": 0.653516830340345,
      "w": 0.7559341803636027
    },
    "_lscale": {
      "__type__": "cc.Vec3",
      "x": 1,
      "y": 1,
      "z": 1
    },
    "_layer": 1073741824,
    "_euler": {
      "__type__": "cc.Vec3",
      "x": 0.3147464955231335,
      "y": 4.096745673539736,
      "z": 81.68947406135646
    },
    "_id": ""
  },
  {
    "__type__": "cc.Node",
    "_name": "Bip001 R Finger11",
    "_objFlags": 0,
    "_parent": {
      "__id__": 57
    },
    "_children": [
      {
        "__id__": 59
      }
    ],
    "_active": true,
    "_components": [],
    "_prefab": {
      "__id__": 61
    },
    "_lpos": {
      "__type__": "cc.Vec3",
      "x": 0.00425854651257396,
      "y": -4.76837147544984e-9,
      "z": 0
    },
    "_lrot": {
      "__type__": "cc.Quat",
      "x": -1.8507678549618543e-8,
      "y": 2.3359026213943422e-8,
      "z": 0.6210147009756761,
      "w": 0.7837989162866269
    },
    "_lscale": {
      "__type__": "cc.Vec3",
      "x": 1.00000011920929,
      "y": 1.00000011920929,
      "z": 1.00000011920929
    },
    "_layer": 1073741824,
    "_euler": {
      "__type__": "cc.Vec3",
      "x": -0.000014538119551756892,
      "y": 0.00001493384713113238,
      "z": 76.78054247027502
    },
    "_id": ""
  },
  {
    "__type__": "cc.Node",
    "_name": "Bip001 R Finger12",
    "_objFlags": 0,
    "_parent": {
      "__id__": 58
    },
    "_children": [],
    "_active": true,
    "_components": [],
    "_prefab": {
      "__id__": 60
    },
    "_lpos": {
      "__type__": "cc.Vec3",
      "x": 0.00269487383775413,
      "y": -9.53674295089968e-9,
      "z": -4.76837147544984e-9
    },
    "_lrot": {
      "__type__": "cc.Quat",
      "x": -2.6375150590446638e-8,
      "y": -1.3875504110804976e-8,
      "z": 0.46558471875637,
      "w": 0.8850033161861887
    },
    "_lscale": {
      "__type__": "cc.Vec3",
      "x": 1,
      "y": 1.00000011920929,
      "z": 1
    },
    "_layer": 1073741824,
    "_euler": {
      "__type__": "cc.Vec3",
      "x": -0.0000034150941162681897,
      "y": -1.6589587683293715e-14,
      "z": 55.496141213924155
    },
    "_id": ""
  },
  {
    "__type__": "cc.PrefabInfo",
    "root": {
      "__id__": 1
    },
    "asset": {
      "__id__": 0
    },
    "fileId": "43ZXR2zOZSjJuqkzXEjYQ5"
  },
  {
    "__type__": "cc.PrefabInfo",
    "root": {
      "__id__": 1
    },
    "asset": {
      "__id__": 0
    },
    "fileId": "cfxnxP6ytQ07BQW/LGpxB4"
  },
  {
    "__type__": "cc.PrefabInfo",
    "root": {
      "__id__": 1
    },
    "asset": {
      "__id__": 0
    },
    "fileId": "82J6Y0KzVTFZOIgGdrRsU+"
  },
  {
    "__type__": "cc.Node",
    "_name": "Bip001 R Finger2",
    "_objFlags": 0,
    "_parent": {
      "__id__": 50
    },
    "_children": [
      {
        "__id__": 64
      }
    ],
    "_active": true,
    "_components": [],
    "_prefab": {
      "__id__": 68
    },
    "_lpos": {
      "__type__": "cc.Vec3",
      "x": 0.00977932475507259,
      "y": -0.000283327099168673,
      "z": 0.00084169622277841
    },
    "_lrot": {
      "__type__": "cc.Quat",
      "x": 0.07254341847025426,
      "y": 0.02087530266399296,
      "z": 0.6799509987564197,
      "w": 0.7293615793730045
    },
    "_lscale": {
      "__type__": "cc.Vec3",
      "x": 0.999999940395355,
      "y": 1,
      "z": 1
    },
    "_layer": 1073741824,
    "_euler": {
      "__type__": "cc.Vec3",
      "x": 50.071857724792636,
      "y": -42.487054136794484,
      "z": 84.2047029248696
    },
    "_id": ""
  },
  {
    "__type__": "cc.Node",
    "_name": "Bip001 R Finger21",
    "_objFlags": 0,
    "_parent": {
      "__id__": 63
    },
    "_children": [
      {
        "__id__": 65
      }
    ],
    "_active": true,
    "_components": [],
    "_prefab": {
      "__id__": 67
    },
    "_lpos": {
      "__type__": "cc.Vec3",
      "x": 0.0044699190184474,
      "y": 4.76837147544984e-9,
      "z": 9.53674295089968e-9
    },
    "_lrot": {
      "__type__": "cc.Quat",
      "x": -4.435533420744898e-8,
      "y": -1.5907525533803267e-8,
      "z": 0.6179245543596553,
      "w": 0.7862373974312207
    },
    "_lscale": {
      "__type__": "cc.Vec3",
      "x": 1.00000011920929,
      "y": 1.00000023841858,
      "z": 1.00000011920929
    },
    "_layer": 1073741824,
    "_euler": {
      "__type__": "cc.Vec3",
      "x": -0.00001214296791007537,
      "y": 0.0000072250059610867076,
      "z": 76.32946467288795
    },
    "_id": ""
  },
  {
    "__type__": "cc.Node",
    "_name": "Bip001 R Finger22",
    "_objFlags": 0,
    "_parent": {
      "__id__": 64
    },
    "_children": [],
    "_active": true,
    "_components": [],
    "_prefab": {
      "__id__": 66
    },
    "_lpos": {
      "__type__": "cc.Vec3",
      "x": 0.00304985046386719,
      "y": 9.53674295089968e-9,
      "z": -4.76837147544984e-9
    },
    "_lrot": {
      "__type__": "cc.Quat",
      "x": 6.986238992934133e-17,
      "y": -5.706400679715088e-17,
      "z": 0.4715965930724907,
      "w": 0.8818144098405398
    },
    "_lscale": {
      "__type__": "cc.Vec3",
      "x": 0.999999940395355,
      "y": 1,
      "z": 1
    },
    "_layer": 1073741824,
    "_euler": {
      "__type__": "cc.Vec3",
      "x": 1.8269824401322482e-14,
      "y": -1.7186201855787353e-14,
      "z": 56.275969695010296
    },
    "_id": ""
  },
  {
    "__type__": "cc.PrefabInfo",
    "root": {
      "__id__": 1
    },
    "asset": {
      "__id__": 0
    },
    "fileId": "88t+GeqNBcMKzWKtLacUen"
  },
  {
    "__type__": "cc.PrefabInfo",
    "root": {
      "__id__": 1
    },
    "asset": {
      "__id__": 0
    },
    "fileId": "24pXbwkD5TiIMy12q0hydN"
  },
  {
    "__type__": "cc.PrefabInfo",
    "root": {
      "__id__": 1
    },
    "asset": {
      "__id__": 0
    },
    "fileId": "40Qi4dfERQxZvOhI8kz6FY"
  },
  {
    "__type__": "cc.Node",
    "_name": "Bip001 R Finger3",
    "_objFlags": 0,
    "_parent": {
      "__id__": 50
    },
    "_children": [
      {
        "__id__": 70
      }
    ],
    "_active": true,
    "_components": [],
    "_prefab": {
      "__id__": 74
    },
    "_lpos": {
      "__type__": "cc.Vec3",
      "x": 0.00994965061545372,
      "y": -0.000171365740243345,
      "z": -0.00139930483419448
    },
    "_lrot": {
      "__type__": "cc.Quat",
      "x": 0.1094747861499737,
      "y": -0.01990529718092635,
      "z": 0.7159769569337397,
      "w": 0.6891995701402157
    },
    "_lscale": {
      "__type__": "cc.Vec3",
      "x": 0.999999940395355,
      "y": 1,
      "z": 0.999999940395355
    },
    "_layer": 1073741824,
    "_euler": {
      "__type__": "cc.Vec3",
      "x": 105.34047377776628,
      "y": -98.04598810101626,
      "z": 79.27871831455887
    },
    "_id": ""
  },
  {
    "__type__": "cc.Node",
    "_name": "Bip001 R Finger31",
    "_objFlags": 0,
    "_parent": {
      "__id__": 69
    },
    "_children": [
      {
        "__id__": 71
      }
    ],
    "_active": true,
    "_components": [],
    "_prefab": {
      "__id__": 73
    },
    "_lpos": {
      "__type__": "cc.Vec3",
      "x": 0.00389957427978516,
      "y": 4.76837147544984e-9,
      "z": -8.88178399847791e-18
    },
    "_lrot": {
      "__type__": "cc.Quat",
      "x": 2.0167395194648e-8,
      "y": -6.112723760430449e-9,
      "z": 0.47159654672411666,
      "w": 0.8818144346277665
    },
    "_lscale": {
      "__type__": "cc.Vec3",
      "x": 0.999999940395355,
      "y": 1,
      "z": 1
    },
    "_layer": 1073741824,
    "_euler": {
      "__type__": "cc.Vec3",
      "x": 0.000004265581105787925,
      "y": -0.0000030755902357280702,
      "z": 56.275963672050885
    },
    "_id": ""
  },
  {
    "__type__": "cc.Node",
    "_name": "Bip001 R Finger32",
    "_objFlags": 0,
    "_parent": {
      "__id__": 70
    },
    "_children": [],
    "_active": true,
    "_components": [],
    "_prefab": {
      "__id__": 72
    },
    "_lpos": {
      "__type__": "cc.Vec3",
      "x": 0.00260699260979891,
      "y": -4.76837147544984e-9,
      "z": -4.76837147544984e-9
    },
    "_lrot": {
      "__type__": "cc.Quat",
      "x": -1.4054672322395934e-8,
      "y": 2.628011806689996e-8,
      "z": 0.4715965467241166,
      "w": 0.8818144346277664
    },
    "_lscale": {
      "__type__": "cc.Vec3",
      "x": 1,
      "y": 1.00000011920929,
      "z": 1
    },
    "_layer": 1073741824,
    "_euler": {
      "__type__": "cc.Vec3",
      "x": -0.0000051160674536638075,
      "y": 0.000006151180148148638,
      "z": 56.2759636720508
    },
    "_id": ""
  },
  {
    "__type__": "cc.PrefabInfo",
    "root": {
      "__id__": 1
    },
    "asset": {
      "__id__": 0
    },
    "fileId": "a479Z6Nu1TuasBwrg6Hxay"
  },
  {
    "__type__": "cc.PrefabInfo",
    "root": {
      "__id__": 1
    },
    "asset": {
      "__id__": 0
    },
    "fileId": "09YtmPbntdeot0bhsv9Plf"
  },
  {
    "__type__": "cc.PrefabInfo",
    "root": {
      "__id__": 1
    },
    "asset": {
      "__id__": 0
    },
    "fileId": "e3K4DDK9Jaz6okQfO4Jdkj"
  },
  {
    "__type__": "cc.Node",
    "_name": "Bip001 R Finger4",
    "_objFlags": 0,
    "_parent": {
      "__id__": 50
    },
    "_children": [
      {
        "__id__": 76
      }
    ],
    "_active": true,
    "_components": [],
    "_prefab": {
      "__id__": 80
    },
    "_lpos": {
      "__type__": "cc.Vec3",
      "x": 0.00942856259644032,
      "y": 0.00122400280088186,
      "z": -0.00280827982351184
    },
    "_lrot": {
      "__type__": "cc.Quat",
      "x": 0.1318532416338331,
      "y": -0.0442135719573568,
      "z": 0.6716751654201929,
      "w": 0.7276759958135064
    },
    "_lscale": {
      "__type__": "cc.Vec3",
      "x": 0.99999988079071,
      "y": 0.999999821186066,
      "z": 1.00000011920929
    },
    "_layer": 1073741824,
    "_euler": {
      "__type__": "cc.Vec3",
      "x": 75.93959739100943,
      "y": -68.77222796462772,
      "z": 74.98640433372346
    },
    "_id": ""
  },
  {
    "__type__": "cc.Node",
    "_name": "Bip001 R Finger41",
    "_objFlags": 0,
    "_parent": {
      "__id__": 75
    },
    "_children": [
      {
        "__id__": 77
      }
    ],
    "_active": true,
    "_components": [],
    "_prefab": {
      "__id__": 79
    },
    "_lpos": {
      "__type__": "cc.Vec3",
      "x": 0.00284820538945496,
      "y": -4.76837147544984e-9,
      "z": 8.88178399847791e-18
    },
    "_lrot": {
      "__type__": "cc.Quat",
      "x": -7.0273356183418575e-9,
      "y": 1.3140057960592301e-8,
      "z": 0.4715965698983046,
      "w": 0.8818144222341533
    },
    "_lscale": {
      "__type__": "cc.Vec3",
      "x": 1.00000011920929,
      "y": 1.00000011920929,
      "z": 1.00000011920929
    },
    "_layer": 1073741824,
    "_euler": {
      "__type__": "cc.Vec3",
      "x": -0.000002558033769891896,
      "y": 0.0000030755900681371764,
      "z": 56.2759666835307
    },
    "_id": ""
  },
  {
    "__type__": "cc.Node",
    "_name": "Bip001 R Finger42",
    "_objFlags": 0,
    "_parent": {
      "__id__": 76
    },
    "_children": [],
    "_active": true,
    "_components": [],
    "_prefab": {
      "__id__": 78
    },
    "_lpos": {
      "__type__": "cc.Vec3",
      "x": 0.00182514183688909,
      "y": 0,
      "z": 4.76837147544984e-9
    },
    "_lrot": {
      "__type__": "cc.Quat",
      "x": 6.203996970556008e-17,
      "y": 1.7035975245354933e-18,
      "z": 0.47159654672411677,
      "w": 0.8818144346277668
    },
    "_lscale": {
      "__type__": "cc.Vec3",
      "x": 0.99999988079071,
      "y": 0.999999940395355,
      "z": 1
    },
    "_layer": 1073741824,
    "_euler": {
      "__type__": "cc.Vec3",
      "x": 1.112581901842965e-14,
      "y": -5.728733545183702e-15,
      "z": 56.27596367205094
    },
    "_id": ""
  },
  {
    "__type__": "cc.PrefabInfo",
    "root": {
      "__id__": 1
    },
    "asset": {
      "__id__": 0
    },
    "fileId": "8cF76fMPhXDKfxsILsKd2N"
  },
  {
    "__type__": "cc.PrefabInfo",
    "root": {
      "__id__": 1
    },
    "asset": {
      "__id__": 0
    },
    "fileId": "db0KJ5YBpTuIGiJKp29jcW"
  },
  {
    "__type__": "cc.PrefabInfo",
    "root": {
      "__id__": 1
    },
    "asset": {
      "__id__": 0
    },
    "fileId": "9eKJLz+CteYanpxlt0Aafb"
  },
  {
    "__type__": "cc.Node",
    "_name": "Bone023",
    "_objFlags": 0,
    "_parent": {
      "__id__": 50
    },
    "_children": [
      {
        "__id__": 82
      }
    ],
    "_active": true,
    "_components": [],
    "_prefab": {
      "__id__": 84
    },
    "_lpos": {
      "__type__": "cc.Vec3",
      "x": 0.00650709122419357,
      "y": 0.00313011161051691,
      "z": -0.003839161247015
    },
    "_lrot": {
      "__type__": "cc.Quat",
      "x": 0.5698967725964152,
      "y": -0.43880916796271535,
      "z": 0.3340078382153123,
      "w": 0.6091821950014568
    },
    "_lscale": {
      "__type__": "cc.Vec3",
      "x": 1.00000023841858,
      "y": 1.00000035762787,
      "z": 1.00000023841858
    },
    "_layer": 1073741824,
    "_euler": {
      "__type__": "cc.Vec3",
      "x": 82.65350198493466,
      "y": -66.82856974170497,
      "z": -5.348222695231964
    },
    "_id": ""
  },
  {
    "__type__": "cc.Node",
    "_name": "Bone024",
    "_objFlags": 0,
    "_parent": {
      "__id__": 81
    },
    "_children": [],
    "_active": true,
    "_components": [],
    "_prefab": {
      "__id__": 83
    },
    "_lpos": {
      "__type__": "cc.Vec3",
      "x": 0.0920803844928741,
      "y": 2.8610228852699e-8,
      "z": -9.53674295089968e-9
    },
    "_lrot": {
      "__type__": "cc.Quat",
      "x": -9.31322574615479e-10,
      "y": -1.49011611938477e-8,
      "z": -2.32830671409445e-10,
      "w": 1
    },
    "_lscale": {
      "__type__": "cc.Vec3",
      "x": 1,
      "y": 1,
      "z": 1
    },
    "_layer": 1073741824,
    "_euler": {
      "__type__": "cc.Vec3",
      "x": -1.0672170617901867e-7,
      "y": -0.0000017075472925280412,
      "z": -2.6680428035639618e-8
    },
    "_id": ""
  },
  {
    "__type__": "cc.PrefabInfo",
    "root": {
      "__id__": 1
    },
    "asset": {
      "__id__": 0
    },
    "fileId": "91PpJj9FVfq5iEf+hDdlVp"
  },
  {
    "__type__": "cc.PrefabInfo",
    "root": {
      "__id__": 1
    },
    "asset": {
      "__id__": 0
    },
    "fileId": "abIJ7iluBfD5k74Qm/Q6kG"
  },
  {
    "__type__": "cc.PrefabInfo",
    "root": {
      "__id__": 1
    },
    "asset": {
      "__id__": 0
    },
    "fileId": "e78TfgGYpZO5AJwnttcZRe"
  },
  {
    "__type__": "cc.PrefabInfo",
    "root": {
      "__id__": 1
    },
    "asset": {
      "__id__": 0
    },
    "fileId": "a8sh02PmxTGrq6iaYQv9sV"
  },
  {
    "__type__": "cc.PrefabInfo",
    "root": {
      "__id__": 1
    },
    "asset": {
      "__id__": 0
    },
    "fileId": "a2O5HkLgJdzaxsTB20wDke"
  },
  {
    "__type__": "cc.PrefabInfo",
    "root": {
      "__id__": 1
    },
    "asset": {
      "__id__": 0
    },
    "fileId": "ebEhO6n9JQAYI2FJILqjE2"
  },
  {
    "__type__": "cc.Node",
    "_name": "Bip001 Head",
    "_objFlags": 0,
    "_parent": {
      "__id__": 8
    },
    "_children": [
      {
        "__id__": 90
      }
    ],
    "_active": true,
    "_components": [],
    "_prefab": {
      "__id__": 98
    },
    "_lpos": {
      "__type__": "cc.Vec3",
      "x": 0.00533297518268228,
      "y": 4.76837147544984e-9,
      "z": -1.49011608607807e-10
    },
    "_lrot": {
      "__type__": "cc.Quat",
      "x": -0.03060479313051916,
      "y": 0.005128048888289454,
      "z": 0.06520593990602323,
      "w": 0.9973892094628904
    },
    "_lscale": {
      "__type__": "cc.Vec3",
      "x": 1.00000011920929,
      "y": 1,
      "z": 0.999999940395355
    },
    "_layer": 1073741824,
    "_euler": {
      "__type__": "cc.Vec3",
      "x": -3.5686696721158127,
      "y": 0.8217527209696308,
      "z": 7.455580321017121
    },
    "_id": ""
  },
  {
    "__type__": "cc.Node",
    "_name": "Bone019",
    "_objFlags": 0,
    "_parent": {
      "__id__": 89
    },
    "_children": [
      {
        "__id__": 91
      }
    ],
    "_active": true,
    "_components": [],
    "_prefab": {
      "__id__": 97
    },
    "_lpos": {
      "__type__": "cc.Vec3",
      "x": 0.019872197881341,
      "y": 0.00404580589383841,
      "z": -0.00165447348263115
    },
    "_lrot": {
      "__type__": "cc.Quat",
      "x": -0.4817105600402581,
      "y": 0.5250508860139845,
      "z": 0.4708452291891725,
      "w": 0.5201742723274826
    },
    "_lscale": {
      "__type__": "cc.Vec3",
      "x": 0.999999761581421,
      "y": 0.999999701976776,
      "z": 1
    },
    "_layer": 1073741824,
    "_euler": {
      "__type__": "cc.Vec3",
      "x": -84.6907545068658,
      "y": 89.69900399677263,
      "z": -0.9168841200964
    },
    "_id": ""
  },
  {
    "__type__": "cc.Node",
    "_name": "Bone020",
    "_objFlags": 0,
    "_parent": {
      "__id__": 90
    },
    "_children": [
      {
        "__id__": 92
      }
    ],
    "_active": true,
    "_components": [],
    "_prefab": {
      "__id__": 96
    },
    "_lpos": {
      "__type__": "cc.Vec3",
      "x": 0.00768426759168506,
      "y": 0,
      "z": 4.76837147544984e-9
    },
    "_lrot": {
      "__type__": "cc.Quat",
      "x": -0.24866108810476445,
      "y": -0.06414466406513254,
      "z": 0.3758455249253124,
      "w": 0.8903893905074016
    },
    "_lscale": {
      "__type__": "cc.Vec3",
      "x": 0.99999988079071,
      "y": 0.99999988079071,
      "z": 1
    },
    "_layer": 1073741824,
    "_euler": {
      "__type__": "cc.Vec3",
      "x": -33.60423514848566,
      "y": 5.851628236352328,
      "z": 44.52322298565605
    },
    "_id": ""
  },
  {
    "__type__": "cc.Node",
    "_name": "Bone021",
    "_objFlags": 0,
    "_parent": {
      "__id__": 91
    },
    "_children": [
      {
        "__id__": 93
      }
    ],
    "_active": true,
    "_components": [],
    "_prefab": {
      "__id__": 95
    },
    "_lpos": {
      "__type__": "cc.Vec3",
      "x": 0.00801309570670128,
      "y": 4.76837147544984e-9,
      "z": 1.77635679969558e-17
    },
    "_lrot": {
      "__type__": "cc.Quat",
      "x": 0.015156553437940668,
      "y": 0.03238833017064987,
      "z": 0.33044100485927624,
      "w": 0.9431489899608818
    },
    "_lscale": {
      "__type__": "cc.Vec3",
      "x": 1.00000023841858,
      "y": 1.00000023841858,
      "z": 1
    },
    "_layer": 1073741824,
    "_euler": {
      "__type__": "cc.Vec3",
      "x": 0.5269784969437137,
      "y": 3.748897980888933,
      "z": 38.63024031385598
    },
    "_id": ""
  },
  {
    "__type__": "cc.Node",
    "_name": "Bone022",
    "_objFlags": 0,
    "_parent": {
      "__id__": 92
    },
    "_children": [],
    "_active": true,
    "_components": [],
    "_prefab": {
      "__id__": 94
    },
    "_lpos": {
      "__type__": "cc.Vec3",
      "x": 0.00787743553519249,
      "y": 5.96046412226769e-9,
      "z": -1.77635679969558e-17
    },
    "_lrot": {
      "__type__": "cc.Quat",
      "x": 3.725289587919171e-8,
      "y": -4.470347647611549e-8,
      "z": 3.9115544581136306e-8,
      "w": 0.9999999999999976
    },
    "_lscale": {
      "__type__": "cc.Vec3",
      "x": 1.00000011920929,
      "y": 1.00000011920929,
      "z": 1.00000011920929
    },
    "_layer": 1073741824,
    "_euler": {
      "__type__": "cc.Vec3",
      "x": 0.000004268867617410864,
      "y": -0.0000051226412302666355,
      "z": 0.000004482311044876635
    },
    "_id": ""
  },
  {
    "__type__": "cc.PrefabInfo",
    "root": {
      "__id__": 1
    },
    "asset": {
      "__id__": 0
    },
    "fileId": "36byHKuidTKLo0sH27vsdn"
  },
  {
    "__type__": "cc.PrefabInfo",
    "root": {
      "__id__": 1
    },
    "asset": {
      "__id__": 0
    },
    "fileId": "9fjQhT71RfY77sw+KNpL02"
  },
  {
    "__type__": "cc.PrefabInfo",
    "root": {
      "__id__": 1
    },
    "asset": {
      "__id__": 0
    },
    "fileId": "c0UgomTXFRQ4zhSJ6cnR9L"
  },
  {
    "__type__": "cc.PrefabInfo",
    "root": {
      "__id__": 1
    },
    "asset": {
      "__id__": 0
    },
    "fileId": "22rM5ewh9XD7g/scdepvrM"
  },
  {
    "__type__": "cc.PrefabInfo",
    "root": {
      "__id__": 1
    },
    "asset": {
      "__id__": 0
    },
    "fileId": "8cTkUDIX5cu7jQ4+3lXM/T"
  },
  {
    "__type__": "cc.PrefabInfo",
    "root": {
      "__id__": 1
    },
    "asset": {
      "__id__": 0
    },
    "fileId": "4c9CSKKW1ZYpR/2ZdVTsyX"
  },
  {
    "__type__": "cc.Node",
    "_name": "Bone008",
    "_objFlags": 0,
    "_parent": {
      "__id__": 7
    },
    "_children": [
      {
        "__id__": 101
      }
    ],
    "_active": true,
    "_components": [],
    "_prefab": {
      "__id__": 111
    },
    "_lpos": {
      "__type__": "cc.Vec3",
      "x": 0.0170686822384596,
      "y": -0.0102891037240624,
      "z": 0.00822294410318136
    },
    "_lrot": {
      "__type__": "cc.Quat",
      "x": 0.007800440116045327,
      "y": -0.05407813433652482,
      "z": 0.9542428025175499,
      "w": -0.2939989495969825
    },
    "_lscale": {
      "__type__": "cc.Vec3",
      "x": 1.00000023841858,
      "y": 1.00000011920929,
      "z": 0.99999988079071
    },
    "_layer": 1073741824,
    "_euler": {
      "__type__": "cc.Vec3",
      "x": 173.15261487832967,
      "y": 178.82856865587107,
      "z": -34.18982082147037
    },
    "_id": ""
  },
  {
    "__type__": "cc.Node",
    "_name": "Bone009",
    "_objFlags": 0,
    "_parent": {
      "__id__": 100
    },
    "_children": [
      {
        "__id__": 102
      }
    ],
    "_active": true,
    "_components": [],
    "_prefab": {
      "__id__": 110
    },
    "_lpos": {
      "__type__": "cc.Vec3",
      "x": 0.0114417737349868,
      "y": 5.72204577053981e-8,
      "z": 0
    },
    "_lrot": {
      "__type__": "cc.Quat",
      "x": 0.040841146743283256,
      "y": -0.034298505163529676,
      "z": -0.16888201005036393,
      "w": 0.9841922982616709
    },
    "_lscale": {
      "__type__": "cc.Vec3",
      "x": 1,
      "y": 1,
      "z": 1
    },
    "_layer": 1073741824,
    "_euler": {
      "__type__": "cc.Vec3",
      "x": 4.18815941510764,
      "y": -3.268613302489564,
      "z": -19.586301403229935
    },
    "_id": ""
  },
  {
    "__type__": "cc.Node",
    "_name": "Bone010",
    "_objFlags": 0,
    "_parent": {
      "__id__": 101
    },
    "_children": [
      {
        "__id__": 103
      }
    ],
    "_active": true,
    "_components": [],
    "_prefab": {
      "__id__": 109
    },
    "_lpos": {
      "__type__": "cc.Vec3",
      "x": 0.0214765165001154,
      "y": -4.76837147544984e-9,
      "z": 2.38418573772492e-9
    },
    "_lrot": {
      "__type__": "cc.Quat",
      "x": 0.009300205647466924,
      "y": -0.06913447969690259,
      "z": -0.00007130218567672477,
      "w": 0.9975639953446355
    },
    "_lscale": {
      "__type__": "cc.Vec3",
      "x": 1.00000011920929,
      "y": 1.00000011920929,
      "z": 1
    },
    "_layer": 1073741824,
    "_euler": {
      "__type__": "cc.Vec3",
      "x": 1.0626260815462465,
      "y": -7.928136878127672,
      "z": -0.0818291005751105
    },
    "_id": ""
  },
  {
    "__type__": "cc.Node",
    "_name": "Bone011",
    "_objFlags": 0,
    "_parent": {
      "__id__": 102
    },
    "_children": [
      {
        "__id__": 104
      }
    ],
    "_active": true,
    "_components": [],
    "_prefab": {
      "__id__": 108
    },
    "_lpos": {
      "__type__": "cc.Vec3",
      "x": 0.0254593994468451,
      "y": 2.90870673325117e-7,
      "z": -4.76837147544984e-9
    },
    "_lrot": {
      "__type__": "cc.Quat",
      "x": 0.000032811011041492924,
      "y": 0.05477658310864288,
      "z": 0.0027645325875840015,
      "w": 0.9984948083119671
    },
    "_lscale": {
      "__type__": "cc.Vec3",
      "x": 0.99999988079071,
      "y": 0.99999988079071,
      "z": 1
    },
    "_layer": 1073741824,
    "_euler": {
      "__type__": "cc.Vec3",
      "x": -0.01359879079364656,
      "y": 6.280138853570106,
      "z": 0.31652282887856015
    },
    "_id": ""
  },
  {
    "__type__": "cc.Node",
    "_name": "Bone012",
    "_objFlags": 0,
    "_parent": {
      "__id__": 103
    },
    "_children": [
      {
        "__id__": 105
      }
    ],
    "_active": true,
    "_components": [],
    "_prefab": {
      "__id__": 107
    },
    "_lpos": {
      "__type__": "cc.Vec3",
      "x": 0.0228057373315096,
      "y": 8.88178399847791e-18,
      "z": -8.88178399847791e-18
    },
    "_lrot": {
      "__type__": "cc.Quat",
      "x": 0.00920132808979318,
      "y": 0.15854306208290372,
      "z": -0.05205141650938599,
      "w": 0.9859361455318123
    },
    "_lscale": {
      "__type__": "cc.Vec3",
      "x": 0.999999940395355,
      "y": 0.999999940395355,
      "z": 1
    },
    "_layer": 1073741824,
    "_euler": {
      "__type__": "cc.Vec3",
      "x": 1.9955685138442276,
      "y": 18.37019971908152,
      "z": -5.723112276507866
    },
    "_id": ""
  },
  {
    "__type__": "cc.Node",
    "_name": "Bone013",
    "_objFlags": 0,
    "_parent": {
      "__id__": 104
    },
    "_children": [],
    "_active": true,
    "_components": [],
    "_prefab": {
      "__id__": 106
    },
    "_lpos": {
      "__type__": "cc.Vec3",
      "x": 0.0270075220614672,
      "y": 0,
      "z": 1.19209286886246e-9
    },
    "_lrot": {
      "__type__": "cc.Quat",
      "x": -0.004539992628633641,
      "y": -0.30832591437921875,
      "z": 0.024975370441605783,
      "w": 0.9509420328602871
    },
    "_lscale": {
      "__type__": "cc.Vec3",
      "x": 1,
      "y": 1,
      "z": 1
    },
    "_layer": 1073741824,
    "_euler": {
      "__type__": "cc.Vec3",
      "x": 0.38819015293694853,
      "y": -35.938484136816065,
      "z": 2.8831859871698895
    },
    "_id": ""
  },
  {
    "__type__": "cc.PrefabInfo",
    "root": {
      "__id__": 1
    },
    "asset": {
      "__id__": 0
    },
    "fileId": "73Al3PiSVdFbJXLs64FYPQ"
  },
  {
    "__type__": "cc.PrefabInfo",
    "root": {
      "__id__": 1
    },
    "asset": {
      "__id__": 0
    },
    "fileId": "0aQLFK32RaArc16ig/hDTH"
  },
  {
    "__type__": "cc.PrefabInfo",
    "root": {
      "__id__": 1
    },
    "asset": {
      "__id__": 0
    },
    "fileId": "7aMEaVKaddBoObk8gmwQW1"
  },
  {
    "__type__": "cc.PrefabInfo",
    "root": {
      "__id__": 1
    },
    "asset": {
      "__id__": 0
    },
    "fileId": "f3OcfSUHNb4bF1HK2aWJYJ"
  },
  {
    "__type__": "cc.PrefabInfo",
    "root": {
      "__id__": 1
    },
    "asset": {
      "__id__": 0
    },
    "fileId": "edngk1N+Rb4Y60RjGkJJLC"
  },
  {
    "__type__": "cc.PrefabInfo",
    "root": {
      "__id__": 1
    },
    "asset": {
      "__id__": 0
    },
    "fileId": "aep+Sx5aRQn5c42z2BL2VB"
  },
  {
    "__type__": "cc.Node",
    "_name": "Bone014",
    "_objFlags": 0,
    "_parent": {
      "__id__": 7
    },
    "_children": [
      {
        "__id__": 113
      }
    ],
    "_active": true,
    "_components": [],
    "_prefab": {
      "__id__": 121
    },
    "_lpos": {
      "__type__": "cc.Vec3",
      "x": 0.0161423105746508,
      "y": -0.00850710645318031,
      "z": 0.0127223171293736
    },
    "_lrot": {
      "__type__": "cc.Quat",
      "x": 0.04023111621205794,
      "y": 0.025461334795918243,
      "z": 0.9627420925227914,
      "w": -0.26619699660886265
    },
    "_lscale": {
      "__type__": "cc.Vec3",
      "x": 1.00000023841858,
      "y": 1.00000011920929,
      "z": 0.999999821186066
    },
    "_layer": 1073741824,
    "_euler": {
      "__type__": "cc.Vec3",
      "x": -175.3008316955769,
      "y": -173.92370014110912,
      "z": -30.697768659917678
    },
    "_id": ""
  },
  {
    "__type__": "cc.Node",
    "_name": "Bone018",
    "_objFlags": 0,
    "_parent": {
      "__id__": 112
    },
    "_children": [
      {
        "__id__": 114
      }
    ],
    "_active": true,
    "_components": [],
    "_prefab": {
      "__id__": 120
    },
    "_lpos": {
      "__type__": "cc.Vec3",
      "x": 0.0120178796350956,
      "y": 9.53674295089968e-9,
      "z": 4.44089199923895e-18
    },
    "_lrot": {
      "__type__": "cc.Quat",
      "x": -0.00007927649669288733,
      "y": -0.045842862527064265,
      "z": -0.12315401886526628,
      "w": 0.9913281562166464
    },
    "_lscale": {
      "__type__": "cc.Vec3",
      "x": 1.00000011920929,
      "y": 0.99999988079071,
      "z": 1
    },
    "_layer": 1073741824,
    "_euler": {
      "__type__": "cc.Vec3",
      "x": -0.6764477349090405,
      "y": -5.379238253543508,
      "z": -14.132482828248282
    },
    "_id": ""
  },
  {
    "__type__": "cc.Node",
    "_name": "Bone015",
    "_objFlags": 0,
    "_parent": {
      "__id__": 113
    },
    "_children": [
      {
        "__id__": 115
      }
    ],
    "_active": true,
    "_components": [],
    "_prefab": {
      "__id__": 119
    },
    "_lpos": {
      "__type__": "cc.Vec3",
      "x": 0.0159173011779785,
      "y": 0,
      "z": 0
    },
    "_lrot": {
      "__type__": "cc.Quat",
      "x": 0.022810892688758466,
      "y": -0.09764504242393743,
      "z": -0.005728641413274793,
      "w": 0.9949433609670086
    },
    "_lscale": {
      "__type__": "cc.Vec3",
      "x": 0.999999940395355,
      "y": 1,
      "z": 1.00000011920929
    },
    "_layer": 1073741824,
    "_euler": {
      "__type__": "cc.Vec3",
      "x": 2.5377670954946425,
      "y": -11.190144507237749,
      "z": -0.9084104256245166
    },
    "_id": ""
  },
  {
    "__type__": "cc.Node",
    "_name": "Bone016",
    "_objFlags": 0,
    "_parent": {
      "__id__": 114
    },
    "_children": [
      {
        "__id__": 116
      }
    ],
    "_active": true,
    "_components": [],
    "_prefab": {
      "__id__": 118
    },
    "_lpos": {
      "__type__": "cc.Vec3",
      "x": 0.0171141996979713,
      "y": 4.76837147544984e-9,
      "z": -4.76837147544984e-9
    },
    "_lrot": {
      "__type__": "cc.Quat",
      "x": -0.08889442169868897,
      "y": 0.11791464249950175,
      "z": -0.03523229899827725,
      "w": 0.9884091278323801
    },
    "_lscale": {
      "__type__": "cc.Vec3",
      "x": 1.00000035762787,
      "y": 1.00000035762787,
      "z": 1
    },
    "_layer": 1073741824,
    "_euler": {
      "__type__": "cc.Vec3",
      "x": -9.677998975941998,
      "y": 13.165752039369563,
      "z": -5.198802147951151
    },
    "_id": ""
  },
  {
    "__type__": "cc.Node",
    "_name": "Bone017",
    "_objFlags": 0,
    "_parent": {
      "__id__": 115
    },
    "_children": [],
    "_active": true,
    "_components": [],
    "_prefab": {
      "__id__": 117
    },
    "_lpos": {
      "__type__": "cc.Vec3",
      "x": 0.0160191524773836,
      "y": 0,
      "z": 4.44089199923895e-18
    },
    "_lrot": {
      "__type__": "cc.Quat",
      "x": 0.03324999672420808,
      "y": -0.29314193236809954,
      "z": 0.013255829040039819,
      "w": 0.9553986226710807
    },
    "_lscale": {
      "__type__": "cc.Vec3",
      "x": 1,
      "y": 1,
      "z": 1
    },
    "_layer": 1073741824,
    "_euler": {
      "__type__": "cc.Vec3",
      "x": 4.089054381306406,
      "y": -34.12677259522086,
      "z": 0.3343379561064478
    },
    "_id": ""
  },
  {
    "__type__": "cc.PrefabInfo",
    "root": {
      "__id__": 1
    },
    "asset": {
      "__id__": 0
    },
    "fileId": "beLGCQ+4lYirg2L2jE7OoC"
  },
  {
    "__type__": "cc.PrefabInfo",
    "root": {
      "__id__": 1
    },
    "asset": {
      "__id__": 0
    },
    "fileId": "80lq8oxBFcXpKa3hGmilDE"
  },
  {
    "__type__": "cc.PrefabInfo",
    "root": {
      "__id__": 1
    },
    "asset": {
      "__id__": 0
    },
    "fileId": "c6dxwff+BWHqNXlrf0gMVg"
  },
  {
    "__type__": "cc.PrefabInfo",
    "root": {
      "__id__": 1
    },
    "asset": {
      "__id__": 0
    },
    "fileId": "24PIvC/xdcSoc44ZmuU72H"
  },
  {
    "__type__": "cc.PrefabInfo",
    "root": {
      "__id__": 1
    },
    "asset": {
      "__id__": 0
    },
    "fileId": "dd21+mZBRf3pxsR2eFbGTt"
  },
  {
    "__type__": "cc.Node",
    "_name": "Bone001",
    "_objFlags": 0,
    "_parent": {
      "__id__": 7
    },
    "_children": [
      {
        "__id__": 123
      }
    ],
    "_active": true,
    "_components": [],
    "_prefab": {
      "__id__": 135
    },
    "_lpos": {
      "__type__": "cc.Vec3",
      "x": 0.017323998734355,
      "y": -0.0105658052489161,
      "z": -1.18836753770779e-8
    },
    "_lrot": {
      "__type__": "cc.Quat",
      "x": -0.26811212052451455,
      "y": 0.9628549128826732,
      "z": 0.006877346831814685,
      "w": 0.031289130158937944
    },
    "_lscale": {
      "__type__": "cc.Vec3",
      "x": 1.00000035762787,
      "y": 1.00000047683716,
      "z": 1
    },
    "_layer": 1073741824,
    "_euler": {
      "__type__": "cc.Vec3",
      "x": -2.008341523649935,
      "y": 175.71944679350574,
      "z": -31.056010821248112
    },
    "_id": ""
  },
  {
    "__type__": "cc.Node",
    "_name": "Bone002",
    "_objFlags": 0,
    "_parent": {
      "__id__": 122
    },
    "_children": [
      {
        "__id__": 124
      }
    ],
    "_active": true,
    "_components": [],
    "_prefab": {
      "__id__": 134
    },
    "_lpos": {
      "__type__": "cc.Vec3",
      "x": 0.0109487725421786,
      "y": 0,
      "z": 5.9604643443123e-10
    },
    "_lrot": {
      "__type__": "cc.Quat",
      "x": -0.0019028356973286352,
      "y": 0.04306484806114081,
      "z": 0.10616172966635869,
      "w": 0.9934140552820998
    },
    "_lscale": {
      "__type__": "cc.Vec3",
      "x": 1,
      "y": 1,
      "z": 1
    },
    "_layer": 1073741824,
    "_euler": {
      "__type__": "cc.Vec3",
      "x": -0.7575448523766141,
      "y": 5.045214514474185,
      "z": 12.166965290558506
    },
    "_id": ""
  },
  {
    "__type__": "cc.Node",
    "_name": "Bone003",
    "_objFlags": 0,
    "_parent": {
      "__id__": 123
    },
    "_children": [
      {
        "__id__": 125
      }
    ],
    "_active": true,
    "_components": [],
    "_prefab": {
      "__id__": 133
    },
    "_lpos": {
      "__type__": "cc.Vec3",
      "x": 0.0214635375887156,
      "y": 9.53674295089968e-9,
      "z": 4.47034825823422e-10
    },
    "_lrot": {
      "__type__": "cc.Quat",
      "x": 0.003679032475340747,
      "y": 0.041009322230579806,
      "z": 0.030796470437278824,
      "w": 0.9986772639941491
    },
    "_lscale": {
      "__type__": "cc.Vec3",
      "x": 1.00000023841858,
      "y": 1.00000023841858,
      "z": 1
    },
    "_layer": 1073741824,
    "_euler": {
      "__type__": "cc.Vec3",
      "x": 0.2768363433741627,
      "y": 4.694339893410254,
      "z": 3.54389580739007
    },
    "_id": ""
  },
  {
    "__type__": "cc.Node",
    "_name": "Bone004",
    "_objFlags": 0,
    "_parent": {
      "__id__": 124
    },
    "_children": [
      {
        "__id__": 126
      }
    ],
    "_active": true,
    "_components": [],
    "_prefab": {
      "__id__": 132
    },
    "_lpos": {
      "__type__": "cc.Vec3",
      "x": 0.0237103216350079,
      "y": 4.76837147544984e-9,
      "z": 1.78813930329369e-9
    },
    "_lrot": {
      "__type__": "cc.Quat",
      "x": -0.0030776394229354233,
      "y": -0.003274922177488725,
      "z": 0.010551606973152017,
      "w": 0.9999342311425277
    },
    "_lscale": {
      "__type__": "cc.Vec3",
      "x": 0.999999821186066,
      "y": 0.999999821186066,
      "z": 1
    },
    "_layer": 1073741824,
    "_euler": {
      "__type__": "cc.Vec3",
      "x": -0.34876847572481073,
      "y": -0.37161801599503624,
      "z": 1.2102905464124112
    },
    "_id": ""
  },
  {
    "__type__": "cc.Node",
    "_name": "Bone005",
    "_objFlags": 0,
    "_parent": {
      "__id__": 125
    },
    "_children": [
      {
        "__id__": 127
      }
    ],
    "_active": true,
    "_components": [],
    "_prefab": {
      "__id__": 131
    },
    "_lpos": {
      "__type__": "cc.Vec3",
      "x": 0.0237607955932617,
      "y": 0,
      "z": 1.19209286886246e-9
    },
    "_lrot": {
      "__type__": "cc.Quat",
      "x": -0.0006812234544782416,
      "y": -0.10306335838602641,
      "z": 0.019381161502621425,
      "w": 0.9944857217032369
    },
    "_lscale": {
      "__type__": "cc.Vec3",
      "x": 0.999999701976776,
      "y": 0.999999701976776,
      "z": 1
    },
    "_layer": 1073741824,
    "_euler": {
      "__type__": "cc.Vec3",
      "x": 0.1513767295913451,
      "y": -11.836362371243187,
      "z": 2.217269517918865
    },
    "_id": ""
  },
  {
    "__type__": "cc.Node",
    "_name": "Bone006",
    "_objFlags": 0,
    "_parent": {
      "__id__": 126
    },
    "_children": [
      {
        "__id__": 128
      }
    ],
    "_active": true,
    "_components": [],
    "_prefab": {
      "__id__": 130
    },
    "_lpos": {
      "__type__": "cc.Vec3",
      "x": 0.0272344890981913,
      "y": 1.90734851912566e-7,
      "z": 2.98023217215615e-10
    },
    "_lrot": {
      "__type__": "cc.Quat",
      "x": -0.002433670040309768,
      "y": -0.15480918036363203,
      "z": -0.01022502988957901,
      "w": 0.9878884773541153
    },
    "_lscale": {
      "__type__": "cc.Vec3",
      "x": 1.00000035762787,
      "y": 1.00000035762787,
      "z": 1
    },
    "_layer": 1073741824,
    "_euler": {
      "__type__": "cc.Vec3",
      "x": -0.456981931531564,
      "y": -17.81689529236031,
      "z": -1.1144084012748523
    },
    "_id": ""
  },
  {
    "__type__": "cc.Node",
    "_name": "Bone007",
    "_objFlags": 0,
    "_parent": {
      "__id__": 127
    },
    "_children": [],
    "_active": true,
    "_components": [],
    "_prefab": {
      "__id__": 129
    },
    "_lpos": {
      "__type__": "cc.Vec3",
      "x": 0.0267726462334394,
      "y": 2.38418564890708e-8,
      "z": 5.9604643443123e-10
    },
    "_lrot": {
      "__type__": "cc.Quat",
      "x": -0.0003418059887598235,
      "y": 0.030835964695163098,
      "z": -0.0005193391269516416,
      "w": 0.9995242652066312
    },
    "_lscale": {
      "__type__": "cc.Vec3",
      "x": 1,
      "y": 1,
      "z": 1
    },
    "_layer": 1073741824,
    "_euler": {
      "__type__": "cc.Vec3",
      "x": -0.03731436485190377,
      "y": 3.534082410521146,
      "z": -0.06069136526543225
    },
    "_id": ""
  },
  {
    "__type__": "cc.PrefabInfo",
    "root": {
      "__id__": 1
    },
    "asset": {
      "__id__": 0
    },
    "fileId": "18Q1TfZSpciqQzDRlPFEyr"
  },
  {
    "__type__": "cc.PrefabInfo",
    "root": {
      "__id__": 1
    },
    "asset": {
      "__id__": 0
    },
    "fileId": "05MHo1qOdfWoqu+3HskLr6"
  },
  {
    "__type__": "cc.PrefabInfo",
    "root": {
      "__id__": 1
    },
    "asset": {
      "__id__": 0
    },
    "fileId": "0dIInwWgNbXIrHHOJi0Ya1"
  },
  {
    "__type__": "cc.PrefabInfo",
    "root": {
      "__id__": 1
    },
    "asset": {
      "__id__": 0
    },
    "fileId": "31umD5ulJf6JG17WT3W7SN"
  },
  {
    "__type__": "cc.PrefabInfo",
    "root": {
      "__id__": 1
    },
    "asset": {
      "__id__": 0
    },
    "fileId": "1bq7MWmdVRtZFY4sYKX+kv"
  },
  {
    "__type__": "cc.PrefabInfo",
    "root": {
      "__id__": 1
    },
    "asset": {
      "__id__": 0
    },
    "fileId": "fapb0aQFRT9b6IsUJdN9/U"
  },
  {
    "__type__": "cc.PrefabInfo",
    "root": {
      "__id__": 1
    },
    "asset": {
      "__id__": 0
    },
    "fileId": "93ooI6h8NdE73ddI/ifFzz"
  },
  {
    "__type__": "cc.PrefabInfo",
    "root": {
      "__id__": 1
    },
    "asset": {
      "__id__": 0
    },
    "fileId": "45y8MDPzxSB5n0rYCj8md9"
  },
  {
    "__type__": "cc.PrefabInfo",
    "root": {
      "__id__": 1
    },
    "asset": {
      "__id__": 0
    },
    "fileId": "51IwgqMZ9UurpomaaK8bTq"
  },
  {
    "__type__": "cc.Node",
    "_name": "Bip001 L Thigh",
    "_objFlags": 0,
    "_parent": {
      "__id__": 5
    },
    "_children": [
      {
        "__id__": 139
      }
    ],
    "_active": true,
    "_components": [],
    "_prefab": {
      "__id__": 145
    },
    "_lpos": {
      "__type__": "cc.Vec3",
      "x": -0.00879480317234993,
      "y": 0.000117726325697731,
      "z": 0.00870451238006353
    },
    "_lrot": {
      "__type__": "cc.Quat",
      "x": 0.5722131693665737,
      "y": 0.818856770686168,
      "z": 0.001871323084969248,
      "w": 0.045190442073440314
    },
    "_lscale": {
      "__type__": "cc.Vec3",
      "x": 1,
      "y": 1,
      "z": 1.00000011920929
    },
    "_layer": 1073741824,
    "_euler": {
      "__type__": "cc.Vec3",
      "x": 8.02385994473073,
      "y": 168.1008317009073,
      "z": 69.6013805080876
    },
    "_id": ""
  },
  {
    "__type__": "cc.Node",
    "_name": "Bip001 L Calf",
    "_objFlags": 0,
    "_parent": {
      "__id__": 138
    },
    "_children": [
      {
        "__id__": 140
      }
    ],
    "_active": true,
    "_components": [],
    "_prefab": {
      "__id__": 144
    },
    "_lpos": {
      "__type__": "cc.Vec3",
      "x": 0.038064394146204,
      "y": 1.77635679969558e-17,
      "z": 5.9604643443123e-10
    },
    "_lrot": {
      "__type__": "cc.Quat",
      "x": -8.182639597079058e-18,
      "y": -2.422656663628908e-20,
      "z": -0.8464254381727551,
      "w": 0.5325072559262076
    },
    "_lscale": {
      "__type__": "cc.Vec3",
      "x": 0.99999988079071,
      "y": 1,
      "z": 1
    },
    "_layer": 1073741824,
    "_euler": {
      "__type__": "cc.Vec3",
      "x": -180,
      "y": -180,
      "z": -64.35003411531048
    },
    "_id": ""
  },
  {
    "__type__": "cc.Node",
    "_name": "Bip001 L Foot",
    "_objFlags": 0,
    "_parent": {
      "__id__": 139
    },
    "_children": [
      {
        "__id__": 141
      }
    ],
    "_active": true,
    "_components": [],
    "_prefab": {
      "__id__": 143
    },
    "_lpos": {
      "__type__": "cc.Vec3",
      "x": 0.0413631536066532,
      "y": -4.76837147544984e-9,
      "z": -5.9604643443123e-10
    },
    "_lrot": {
      "__type__": "cc.Quat",
      "x": 0.0006657863956342974,
      "y": -0.045708630959243525,
      "z": 0.16980980606096474,
      "w": 0.9844160236149373
    },
    "_lscale": {
      "__type__": "cc.Vec3",
      "x": 1.00000023841858,
      "y": 1.00000011920929,
      "z": 1.00000011920929
    },
    "_layer": 1073741824,
    "_euler": {
      "__type__": "cc.Vec3",
      "x": 1.0234603335373553,
      "y": -5.493046686537806,
      "z": 19.527917495031314
    },
    "_id": ""
  },
  {
    "__type__": "cc.Node",
    "_name": "Bip001 L Toe0",
    "_objFlags": 0,
    "_parent": {
      "__id__": 140
    },
    "_children": [],
    "_active": true,
    "_components": [],
    "_prefab": {
      "__id__": 142
    },
    "_lpos": {
      "__type__": "cc.Vec3",
      "x": 0.0137450927868485,
      "y": 0.0128078740090132,
      "z": 2.98023217215615e-10
    },
    "_lrot": {
      "__type__": "cc.Quat",
      "x": 0.0015915291128567176,
      "y": 0.0021940614065850826,
      "z": 0.45281982357958656,
      "w": 0.8915979253581623
    },
    "_lscale": {
      "__type__": "cc.Vec3",
      "x": 0.999999940395355,
      "y": 0.999999940395355,
      "z": 1
    },
    "_layer": 1073741824,
    "_euler": {
      "__type__": "cc.Vec3",
      "x": 0.08265333272123052,
      "y": 0.24001093836026888,
      "z": 53.849806606440545
    },
    "_id": ""
  },
  {
    "__type__": "cc.PrefabInfo",
    "root": {
      "__id__": 1
    },
    "asset": {
      "__id__": 0
    },
    "fileId": "8bquoL8kRf/on0/4W/+08Y"
  },
  {
    "__type__": "cc.PrefabInfo",
    "root": {
      "__id__": 1
    },
    "asset": {
      "__id__": 0
    },
    "fileId": "68r5fYMkxWooy+HeSvQzv/"
  },
  {
    "__type__": "cc.PrefabInfo",
    "root": {
      "__id__": 1
    },
    "asset": {
      "__id__": 0
    },
    "fileId": "04ZAQCEdBapIogfdJovNdW"
  },
  {
    "__type__": "cc.PrefabInfo",
    "root": {
      "__id__": 1
    },
    "asset": {
      "__id__": 0
    },
    "fileId": "12S5Vg1sRSPrat7h5zqf9i"
  },
  {
    "__type__": "cc.Node",
    "_name": "Bip001 R Thigh",
    "_objFlags": 0,
    "_parent": {
      "__id__": 5
    },
    "_children": [
      {
        "__id__": 147
      }
    ],
    "_active": true,
    "_components": [],
    "_prefab": {
      "__id__": 153
    },
    "_lpos": {
      "__type__": "cc.Vec3",
      "x": -0.00889258366078138,
      "y": 0.000211856357054785,
      "z": -0.00860288459807634
    },
    "_lrot": {
      "__type__": "cc.Quat",
      "x": 0.23864095972344146,
      "y": 0.9699879709624493,
      "z": -0.0008511379556757216,
      "w": -0.046616564594635604
    },
    "_lscale": {
      "__type__": "cc.Vec3",
      "x": 1,
      "y": 1,
      "z": 1
    },
    "_layer": 1073741824,
    "_euler": {
      "__type__": "cc.Vec3",
      "x": -1.3316440594540675,
      "y": -174.17019788425097,
      "z": 27.583258704394982
    },
    "_id": ""
  },
  {
    "__type__": "cc.Node",
    "_name": "Bip001 R Calf",
    "_objFlags": 0,
    "_parent": {
      "__id__": 146
    },
    "_children": [
      {
        "__id__": 148
      }
    ],
    "_active": true,
    "_components": [],
    "_prefab": {
      "__id__": 152
    },
    "_lpos": {
      "__type__": "cc.Vec3",
      "x": 0.0380643978714943,
      "y": -2.38418573772492e-9,
      "z": -5.9604643443123e-10
    },
    "_lrot": {
      "__type__": "cc.Quat",
      "x": -4.064641099168363e-18,
      "y": 5.5225415735555196e-18,
      "z": -0.32476664067002303,
      "w": 0.9457941790410364
    },
    "_lscale": {
      "__type__": "cc.Vec3",
      "x": 1,
      "y": 1,
      "z": 1
    },
    "_layer": 1073741824,
    "_euler": {
      "__type__": "cc.Vec3",
      "x": -2.9782741186719064e-16,
      "y": 5.668381689476644e-16,
      "z": -37.90287517627653
    },
    "_id": ""
  },
  {
    "__type__": "cc.Node",
    "_name": "Bip001 R Foot",
    "_objFlags": 0,
    "_parent": {
      "__id__": 147
    },
    "_children": [
      {
        "__id__": 149
      }
    ],
    "_active": true,
    "_components": [],
    "_prefab": {
      "__id__": 151
    },
    "_lpos": {
      "__type__": "cc.Vec3",
      "x": 0.0413631536066532,
      "y": -3.57627860658738e-9,
      "z": -4.47034825823422e-10
    },
    "_lrot": {
      "__type__": "cc.Quat",
      "x": -0.01278292847295837,
      "y": -0.0023958808628331595,
      "z": -0.01448023684875494,
      "w": 0.9998105716761303
    },
    "_lscale": {
      "__type__": "cc.Vec3",
      "x": 1.00000011920929,
      "y": 1.00000011920929,
      "z": 1
    },
    "_layer": 1073741824,
    "_euler": {
      "__type__": "cc.Vec3",
      "x": -1.4692881492584635,
      "y": -0.2958314212959488,
      "z": -1.6557195043086097
    },
    "_id": ""
  },
  {
    "__type__": "cc.Node",
    "_name": "Bip001 R Toe0",
    "_objFlags": 0,
    "_parent": {
      "__id__": 148
    },
    "_children": [],
    "_active": true,
    "_components": [],
    "_prefab": {
      "__id__": 150
    },
    "_lpos": {
      "__type__": "cc.Vec3",
      "x": 0.0137450946494937,
      "y": 0.012807872146368,
      "z": -2.60770322002557e-10
    },
    "_lrot": {
      "__type__": "cc.Quat",
      "x": 0.009033899603970927,
      "y": 0.008614646127532228,
      "z": 0.509073606603692,
      "w": 0.8606324648707788
    },
    "_lscale": {
      "__type__": "cc.Vec3",
      "x": 0.999999821186066,
      "y": 1,
      "z": 1
    },
    "_layer": 1073741824,
    "_euler": {
      "__type__": "cc.Vec3",
      "x": 0.8065387427525461,
      "y": 0.6698820049484667,
      "z": 61.21183751627805
    },
    "_id": ""
  },
  {
    "__type__": "cc.PrefabInfo",
    "root": {
      "__id__": 1
    },
    "asset": {
      "__id__": 0
    },
    "fileId": "574vSE+0xRpIVoO+nuzI4T"
  },
  {
    "__type__": "cc.PrefabInfo",
    "root": {
      "__id__": 1
    },
    "asset": {
      "__id__": 0
    },
    "fileId": "7eM8v0CdtTForuNPiaYlnb"
  },
  {
    "__type__": "cc.PrefabInfo",
    "root": {
      "__id__": 1
    },
    "asset": {
      "__id__": 0
    },
    "fileId": "d15dxK4SBVEJLyyOPZLQeH"
  },
  {
    "__type__": "cc.PrefabInfo",
    "root": {
      "__id__": 1
    },
    "asset": {
      "__id__": 0
    },
    "fileId": "4295vLIwRd4ZBIuJaDzO9o"
  },
  {
    "__type__": "cc.PrefabInfo",
    "root": {
      "__id__": 1
    },
    "asset": {
      "__id__": 0
    },
    "fileId": "71b5lOUrtYcrBi67rz3srM"
  },
  {
    "__type__": "cc.PrefabInfo",
    "root": {
      "__id__": 1
    },
    "asset": {
      "__id__": 0
    },
    "fileId": "3bPOYdfK5VqIgcIhtQcI/d"
  },
  {
    "__type__": "cc.PrefabInfo",
    "root": {
      "__id__": 1
    },
    "asset": {
      "__id__": 0
    },
    "fileId": "38VuQLORJbhZE3F8l2Qrde"
  },
  {
    "__type__": "cc.PrefabInfo",
    "root": {
      "__id__": 1
    },
    "asset": {
      "__id__": 0
    },
    "fileId": "9e/FzaQtFdkIyI13a1TvI4"
  },
  {
    "__type__": "cc.Animation",
    "_name": "",
    "_objFlags": 0,
    "node": {
      "__id__": 1
    },
    "_enabled": true,
    "__prefab": {
      "__id__": 159
    },
    "playOnLoad": false,
    "_clips": [
      {
        "__uuid__": "59dfc53d-9d96-4489-b336-82ff5640b8ba@6afaf",
        "__expectedType__": "cc.AnimationClip"
      }
    ],
    "_defaultClip": {
      "__uuid__": "59dfc53d-9d96-4489-b336-82ff5640b8ba@6afaf",
      "__expectedType__": "cc.AnimationClip"
    },
    "_id": ""
  },
  {
    "__type__": "cc.CompPrefabInfo",
    "fileId": "02EJ3OBORfyZohK8EVSR0b"
  },
  {
    "__type__": "cc.PrefabInfo",
    "root": {
      "__id__": 1
    },
    "asset": {
      "__id__": 0
    },
    "fileId": "79MxIN0KhRMLKODMVdd3qv"
  }
]