[
  {
    "__type__": "cc.Prefab",
    "_name": "",
    "_objFlags": 0,
    "_native": "",
    "data": {
      "__id__": 1
    },
    "optimizationPolicy": 0
  },
  {
    "__type__": "cc.Node",
    "_name": "@SkillM_Start",
    "_objFlags": 0,
    "_parent": null,
    "_children": [
      {
        "__id__": 2
      }
    ],
    "_active": true,
    "_components": [
      {
        "__id__": 158
      }
    ],
    "_prefab": {
      "__id__": 160
    },
    "_lpos": {
      "__type__": "cc.Vec3",
      "x": 0,
      "y": 0,
      "z": 0
    },
    "_lrot": {
      "__type__": "cc.Quat",
      "x": 0,
      "y": 0,
      "z": 0,
      "w": 1
    },
    "_lscale": {
      "__type__": "cc.Vec3",
      "x": 1,
      "y": 1,
      "z": 1
    },
    "_layer": 1073741824,
    "_euler": {
      "__type__": "cc.Vec3",
      "x": 0,
      "y": 0,
      "z": 0
    },
    "_id": ""
  },
  {
    "__type__": "cc.Node",
    "_name": "RootNode",
    "_objFlags": 0,
    "_parent": {
      "__id__": 1
    },
    "_children": [
      {
        "__id__": 3
      }
    ],
    "_active": true,
    "_components": [],
    "_prefab": {
      "__id__": 157
    },
    "_lpos": {
      "__type__": "cc.Vec3",
      "x": 0,
      "y": 0,
      "z": 0
    },
    "_lrot": {
      "__type__": "cc.Quat",
      "x": 0,
      "y": 0,
      "z": 0,
      "w": 1
    },
    "_lscale": {
      "__type__": "cc.Vec3",
      "x": 1,
      "y": 1,
      "z": 1
    },
    "_layer": 1073741824,
    "_euler": {
      "__type__": "cc.Vec3",
      "x": 0,
      "y": 0,
      "z": 0
    },
    "_id": ""
  },
  {
    "__type__": "cc.Node",
    "_name": "Bip001",
    "_objFlags": 0,
    "_parent": {
      "__id__": 2
    },
    "_children": [
      {
        "__id__": 4
      }
    ],
    "_active": true,
    "_components": [],
    "_prefab": {
      "__id__": 156
    },
    "_lpos": {
      "__type__": "cc.Vec3",
      "x": -7.22550454153134e-18,
      "y": 0.85999995470047,
      "z": 4.76837129781416e-8
    },
    "_lrot": {
      "__type__": "cc.Quat",
      "x": 0.40640071869176164,
      "y": 0.6352501642053797,
      "z": 0.5475738161024807,
      "w": -0.36257220059296347
    },
    "_lscale": {
      "__type__": "cc.Vec3",
      "x": 10,
      "y": 10,
      "z": 10
    },
    "_layer": 1073741824,
    "_euler": {
      "__type__": "cc.Vec3",
      "x": -85.95695167706687,
      "y": -114.18496722161315,
      "z": 6.849521637737933
    },
    "_id": ""
  },
  {
    "__type__": "cc.Node",
    "_name": "Bip001 Pelvis",
    "_objFlags": 0,
    "_parent": {
      "__id__": 3
    },
    "_children": [
      {
        "__id__": 5
      }
    ],
    "_active": true,
    "_components": [],
    "_prefab": {
      "__id__": 155
    },
    "_lpos": {
      "__type__": "cc.Vec3",
      "x": 0,
      "y": 0,
      "z": 0
    },
    "_lrot": {
      "__type__": "cc.Quat",
      "x": -0.4999996423720031,
      "y": -0.5000003576277411,
      "z": -0.4999996423720031,
      "w": 0.5000003576277411
    },
    "_lscale": {
      "__type__": "cc.Vec3",
      "x": 1,
      "y": 1,
      "z": 1
    },
    "_layer": 1073741824,
    "_euler": {
      "__type__": "cc.Vec3",
      "x": -89.99991803772988,
      "y": -90,
      "z": 0
    },
    "_id": ""
  },
  {
    "__type__": "cc.Node",
    "_name": "Bip001 Spine",
    "_objFlags": 0,
    "_parent": {
      "__id__": 4
    },
    "_children": [
      {
        "__id__": 6
      },
      {
        "__id__": 138
      },
      {
        "__id__": 146
      }
    ],
    "_active": true,
    "_components": [],
    "_prefab": {
      "__id__": 154
    },
    "_lpos": {
      "__type__": "cc.Vec3",
      "x": 0.008765515871346,
      "y": 0.00118780962657183,
      "z": 0.00000215291970562248
    },
    "_lrot": {
      "__type__": "cc.Quat",
      "x": -0.10887582519564841,
      "y": -0.0775517368539444,
      "z": 0.09702618348339156,
      "w": 0.9862645195471397
    },
    "_lscale": {
      "__type__": "cc.Vec3",
      "x": 1.00000011920929,
      "y": 1,
      "z": 0.999999940395355
    },
    "_layer": 1073741824,
    "_euler": {
      "__type__": "cc.Vec3",
      "x": -11.782051149106787,
      "y": -7.7471457636497245,
      "z": 12.021222400414684
    },
    "_id": ""
  },
  {
    "__type__": "cc.Node",
    "_name": "Bip001 Spine1",
    "_objFlags": 0,
    "_parent": {
      "__id__": 5
    },
    "_children": [
      {
        "__id__": 7
      }
    ],
    "_active": true,
    "_components": [],
    "_prefab": {
      "__id__": 137
    },
    "_lpos": {
      "__type__": "cc.Vec3",
      "x": 0.0117084598168731,
      "y": -0.00000929176803765586,
      "z": -5.9604643443123e-10
    },
    "_lrot": {
      "__type__": "cc.Quat",
      "x": 0.0000966412115198769,
      "y": -0.006423423985270288,
      "z": 0.007811096015668684,
      "w": 0.9999488572241162
    },
    "_lscale": {
      "__type__": "cc.Vec3",
      "x": 0.99999988079071,
      "y": 1,
      "z": 1
    },
    "_layer": 1073741824,
    "_euler": {
      "__type__": "cc.Vec3",
      "x": 0.01682526844626465,
      "y": -0.7362291051806626,
      "z": 0.8950051560316525
    },
    "_id": ""
  },
  {
    "__type__": "cc.Node",
    "_name": "Bip001 Spine2",
    "_objFlags": 0,
    "_parent": {
      "__id__": 6
    },
    "_children": [
      {
        "__id__": 8
      },
      {
        "__id__": 100
      },
      {
        "__id__": 112
      },
      {
        "__id__": 122
      }
    ],
    "_active": true,
    "_components": [],
    "_prefab": {
      "__id__": 136
    },
    "_lpos": {
      "__type__": "cc.Vec3",
      "x": 0.0116713615134358,
      "y": -0.0000145280355354771,
      "z": -5.9604643443123e-10
    },
    "_lrot": {
      "__type__": "cc.Quat",
      "x": 0.0001932163862870158,
      "y": -0.012846175544901361,
      "z": 0.015621412501281717,
      "w": 0.9997954340327637
    },
    "_lscale": {
      "__type__": "cc.Vec3",
      "x": 1,
      "y": 1,
      "z": 1
    },
    "_layer": 1073741824,
    "_euler": {
      "__type__": "cc.Vec3",
      "x": 0.04515417726348094,
      "y": -1.4729887495409426,
      "z": 1.7897224271643921
    },
    "_id": ""
  },
  {
    "__type__": "cc.Node",
    "_name": "Bip001 Neck",
    "_objFlags": 0,
    "_parent": {
      "__id__": 7
    },
    "_children": [
      {
        "__id__": 9
      },
      {
        "__id__": 47
      },
      {
        "__id__": 89
      }
    ],
    "_active": true,
    "_components": [],
    "_prefab": {
      "__id__": 99
    },
    "_lpos": {
      "__type__": "cc.Vec3",
      "x": 0.0232614036649466,
      "y": -0.00196424964815378,
      "z": -4.8756595560917e-7
    },
    "_lrot": {
      "__type__": "cc.Quat",
      "x": 0.06819328019068897,
      "y": -0.049226240033883616,
      "z": 0.18054269514706126,
      "w": 0.9799646876586909
    },
    "_lscale": {
      "__type__": "cc.Vec3",
      "x": 1,
      "y": 0.999999940395355,
      "z": 1
    },
    "_layer": 1073741824,
    "_euler": {
      "__type__": "cc.Vec3",
      "x": 9.292230658217049,
      "y": -7.419541831631615,
      "z": 20.312309091396685
    },
    "_id": ""
  },
  {
    "__type__": "cc.Node",
    "_name": "Bip001 L Clavicle",
    "_objFlags": 0,
    "_parent": {
      "__id__": 8
    },
    "_children": [
      {
        "__id__": 10
      }
    ],
    "_active": true,
    "_components": [],
    "_prefab": {
      "__id__": 46
    },
    "_lpos": {
      "__type__": "cc.Vec3",
      "x": -0.0047734547406435,
      "y": 0.00162420270498842,
      "z": 0.00550269847735763
    },
    "_lrot": {
      "__type__": "cc.Quat",
      "x": 0.5430235849265772,
      "y": 0.032583728351852616,
      "z": 0.8087647537202477,
      "w": 0.22352462951542595
    },
    "_lscale": {
      "__type__": "cc.Vec3",
      "x": 1.00000011920929,
      "y": 1.00000011920929,
      "z": 1
    },
    "_layer": 1073741824,
    "_euler": {
      "__type__": "cc.Vec3",
      "x": 168.04958296281572,
      "y": -109.76127473156181,
      "z": 23.387343417916917
    },
    "_id": ""
  },
  {
    "__type__": "cc.Node",
    "_name": "Bip001 L UpperArm",
    "_objFlags": 0,
    "_parent": {
      "__id__": 9
    },
    "_children": [
      {
        "__id__": 11
      }
    ],
    "_active": true,
    "_components": [],
    "_prefab": {
      "__id__": 45
    },
    "_lpos": {
      "__type__": "cc.Vec3",
      "x": 0.0112501475960016,
      "y": 1.19209286886246e-9,
      "z": 9.53674295089968e-9
    },
    "_lrot": {
      "__type__": "cc.Quat",
      "x": 0.39829057766873355,
      "y": 0.09000799130332576,
      "z": -0.43947807298438885,
      "w": 0.8000763717344581
    },
    "_lscale": {
      "__type__": "cc.Vec3",
      "x": 0.99999988079071,
      "y": 0.999999940395355,
      "z": 1.00000011920929
    },
    "_layer": 1073741824,
    "_euler": {
      "__type__": "cc.Vec3",
      "x": 67.52126015720991,
      "y": 39.58855241684929,
      "z": -39.16334294522141
    },
    "_id": ""
  },
  {
    "__type__": "cc.Node",
    "_name": "Bip001 L Forearm",
    "_objFlags": 0,
    "_parent": {
      "__id__": 10
    },
    "_children": [
      {
        "__id__": 12
      }
    ],
    "_active": true,
    "_components": [],
    "_prefab": {
      "__id__": 44
    },
    "_lpos": {
      "__type__": "cc.Vec3",
      "x": 0.0209654327481985,
      "y": 1.19209286886246e-9,
      "z": 4.76837147544984e-9
    },
    "_lrot": {
      "__type__": "cc.Quat",
      "x": 4.663675637922839e-17,
      "y": -3.010815280690726e-17,
      "z": -0.542380263048006,
      "w": 0.8401331146050462
    },
    "_lscale": {
      "__type__": "cc.Vec3",
      "x": 1,
      "y": 1,
      "z": 1
    },
    "_layer": 1073741824,
    "_euler": {
      "__type__": "cc.Vec3",
      "x": 6.361109362927035e-15,
      "y": 1.7156070422658366e-30,
      "z": -65.69164227159175
    },
    "_id": ""
  },
  {
    "__type__": "cc.Node",
    "_name": "Bip001 L Hand",
    "_objFlags": 0,
    "_parent": {
      "__id__": 11
    },
    "_children": [
      {
        "__id__": 13
      },
      {
        "__id__": 19
      },
      {
        "__id__": 25
      },
      {
        "__id__": 31
      },
      {
        "__id__": 37
      }
    ],
    "_active": true,
    "_components": [],
    "_prefab": {
      "__id__": 43
    },
    "_lpos": {
      "__type__": "cc.Vec3",
      "x": 0.0202247798442841,
      "y": -9.53674295089968e-9,
      "z": 4.76837147544984e-9
    },
    "_lrot": {
      "__type__": "cc.Quat",
      "x": -0.8525704062808136,
      "y": 0.04734506412161512,
      "z": 0.020929273015088987,
      "w": 0.520042414393815
    },
    "_lscale": {
      "__type__": "cc.Vec3",
      "x": 1,
      "y": 1.00000011920929,
      "z": 0.999999940395355
    },
    "_layer": 1073741824,
    "_euler": {
      "__type__": "cc.Vec3",
      "x": -117.09202455234328,
      "y": 4.880524919838622,
      "z": -3.380221732574108
    },
    "_id": ""
  },
  {
    "__type__": "cc.Node",
    "_name": "Bip001 L Finger0",
    "_objFlags": 0,
    "_parent": {
      "__id__": 12
    },
    "_children": [
      {
        "__id__": 14
      }
    ],
    "_active": true,
    "_components": [],
    "_prefab": {
      "__id__": 18
    },
    "_lpos": {
      "__type__": "cc.Vec3",
      "x": 0.00338959693908691,
      "y": 0.000751838670112193,
      "z": -0.00355530739761889
    },
    "_lrot": {
      "__type__": "cc.Quat",
      "x": 0.4571756381676038,
      "y": 0.49933161885482924,
      "z": -0.0270264202176998,
      "w": 0.7354780369855214
    },
    "_lscale": {
      "__type__": "cc.Vec3",
      "x": 0.99999988079071,
      "y": 1.00000023841858,
      "z": 0.99999988079071
    },
    "_layer": 1073741824,
    "_euler": {
      "__type__": "cc.Vec3",
      "x": 50.3094953547538,
      "y": 56.6383852486704,
      "z": 24.633341661695614
    },
    "_id": ""
  },
  {
    "__type__": "cc.Node",
    "_name": "Bip001 L Finger01",
    "_objFlags": 0,
    "_parent": {
      "__id__": 13
    },
    "_children": [
      {
        "__id__": 15
      }
    ],
    "_active": true,
    "_components": [],
    "_prefab": {
      "__id__": 17
    },
    "_lpos": {
      "__type__": "cc.Vec3",
      "x": 0.00378630636259913,
      "y": -1.77635679969558e-17,
      "z": 1.19209286886246e-9
    },
    "_lrot": {
      "__type__": "cc.Quat",
      "x": 2.0768720090775866e-9,
      "y": 2.0825570615101518e-8,
      "z": 0.2615044416724366,
      "w": 0.9652022725758507
    },
    "_lscale": {
      "__type__": "cc.Vec3",
      "x": 0.99999988079071,
      "y": 1,
      "z": 1
    },
    "_layer": 1073741824,
    "_euler": {
      "__type__": "cc.Vec3",
      "x": -4.568335647088242e-7,
      "y": 0.0000025962419296660412,
      "z": 30.318698258681255
    },
    "_id": ""
  },
  {
    "__type__": "cc.Node",
    "_name": "Bip001 L Finger02",
    "_objFlags": 0,
    "_parent": {
      "__id__": 14
    },
    "_children": [],
    "_active": true,
    "_components": [],
    "_prefab": {
      "__id__": 16
    },
    "_lpos": {
      "__type__": "cc.Vec3",
      "x": 0.00310073001310229,
      "y": 0,
      "z": -2.38418573772492e-9
    },
    "_lrot": {
      "__type__": "cc.Quat",
      "x": -6.502547986868337e-9,
      "y": -3.6370354253368344e-9,
      "z": 0.48815463144422344,
      "w": 0.8727571574037962
    },
    "_lscale": {
      "__type__": "cc.Vec3",
      "x": 1,
      "y": 1,
      "z": 0.999999940395355
    },
    "_layer": 1073741824,
    "_euler": {
      "__type__": "cc.Vec3",
      "x": -8.537737311059557e-7,
      "y": 4.7461139433938e-14,
      "z": 58.43872571244783
    },
    "_id": ""
  },
  {
    "__type__": "cc.PrefabInfo",
    "root": {
      "__id__": 1
    },
    "asset": {
      "__id__": 0
    },
    "fileId": "efE334I4RSD4quvXzmDQcP"
  },
  {
    "__type__": "cc.PrefabInfo",
    "root": {
      "__id__": 1
    },
    "asset": {
      "__id__": 0
    },
    "fileId": "84zoqGaoldEYEbRkomzqb0"
  },
  {
    "__type__": "cc.PrefabInfo",
    "root": {
      "__id__": 1
    },
    "asset": {
      "__id__": 0
    },
    "fileId": "e4jdrZa5Rcwriigx3VkAry"
  },
  {
    "__type__": "cc.Node",
    "_name": "Bip001 L Finger1",
    "_objFlags": 0,
    "_parent": {
      "__id__": 12
    },
    "_children": [
      {
        "__id__": 20
      }
    ],
    "_active": true,
    "_components": [],
    "_prefab": {
      "__id__": 24
    },
    "_lpos": {
      "__type__": "cc.Vec3",
      "x": 0.0100068254396319,
      "y": -0.0000837516781757586,
      "z": -0.00318699819035828
    },
    "_lrot": {
      "__type__": "cc.Quat",
      "x": -0.025882403456222818,
      "y": -0.02844935954114955,
      "z": 0.6647796297124204,
      "w": 0.7460487779310715
    },
    "_lscale": {
      "__type__": "cc.Vec3",
      "x": 1.00000011920929,
      "y": 1,
      "z": 1
    },
    "_layer": 1073741824,
    "_euler": {
      "__type__": "cc.Vec3",
      "x": -0.39626646118858044,
      "y": -4.01453665311109,
      "z": 83.40796611796625
    },
    "_id": ""
  },
  {
    "__type__": "cc.Node",
    "_name": "Bip001 L Finger11",
    "_objFlags": 0,
    "_parent": {
      "__id__": 19
    },
    "_children": [
      {
        "__id__": 21
      }
    ],
    "_active": true,
    "_components": [],
    "_prefab": {
      "__id__": 23
    },
    "_lpos": {
      "__type__": "cc.Vec3",
      "x": 0.00425854651257396,
      "y": 4.76837147544984e-9,
      "z": 0
    },
    "_lrot": {
      "__type__": "cc.Quat",
      "x": -1.525788879257658e-8,
      "y": 6.689730379913347e-9,
      "z": 0.6395757038308947,
      "w": 0.7687281177823636
    },
    "_lscale": {
      "__type__": "cc.Vec3",
      "x": 1.00000011920929,
      "y": 1.00000023841858,
      "z": 1.00000011920929
    },
    "_layer": 1073741824,
    "_euler": {
      "__type__": "cc.Vec3",
      "x": -0.000010085193366305645,
      "y": 0.000009388015232282338,
      "z": 79.5203761501828
    },
    "_id": ""
  },
  {
    "__type__": "cc.Node",
    "_name": "Bip001 L Finger12",
    "_objFlags": 0,
    "_parent": {
      "__id__": 20
    },
    "_children": [],
    "_active": true,
    "_components": [],
    "_prefab": {
      "__id__": 22
    },
    "_lpos": {
      "__type__": "cc.Vec3",
      "x": 0.00269485707394779,
      "y": -2.38418573772492e-9,
      "z": 9.53674295089968e-9
    },
    "_lrot": {
      "__type__": "cc.Quat",
      "x": 2.1077550276090297e-8,
      "y": -3.942256281295315e-8,
      "z": 0.4714968183104364,
      "w": 0.8818677623788802
    },
    "_lscale": {
      "__type__": "cc.Vec3",
      "x": 0.999999940395355,
      "y": 0.999999940395355,
      "z": 1
    },
    "_layer": 1073741824,
    "_euler": {
      "__type__": "cc.Vec3",
      "x": 0.00000767034369866135,
      "y": -0.000009223645460026296,
      "z": 56.263004382208
    },
    "_id": ""
  },
  {
    "__type__": "cc.PrefabInfo",
    "root": {
      "__id__": 1
    },
    "asset": {
      "__id__": 0
    },
    "fileId": "0drk1E61dQ5Ly5l1qQKhq2"
  },
  {
    "__type__": "cc.PrefabInfo",
    "root": {
      "__id__": 1
    },
    "asset": {
      "__id__": 0
    },
    "fileId": "b75diVGLFZpKuHuwpVg+e4"
  },
  {
    "__type__": "cc.PrefabInfo",
    "root": {
      "__id__": 1
    },
    "asset": {
      "__id__": 0
    },
    "fileId": "aaie9aJJZdkIiThh/075ql"
  },
  {
    "__type__": "cc.Node",
    "_name": "Bip001 L Finger2",
    "_objFlags": 0,
    "_parent": {
      "__id__": 12
    },
    "_children": [
      {
        "__id__": 26
      }
    ],
    "_active": true,
    "_components": [],
    "_prefab": {
      "__id__": 30
    },
    "_lpos": {
      "__type__": "cc.Vec3",
      "x": 0.00977932475507259,
      "y": -0.000283322326140478,
      "z": -0.000841703382320702
    },
    "_lrot": {
      "__type__": "cc.Quat",
      "x": -0.06991916864752658,
      "y": -0.028454072650718216,
      "z": 0.5987302635115483,
      "w": 0.7973855699475745
    },
    "_lscale": {
      "__type__": "cc.Vec3",
      "x": 1,
      "y": 1.00000011920929,
      "z": 1
    },
    "_layer": 1073741824,
    "_euler": {
      "__type__": "cc.Vec3",
      "x": -15.820525514278607,
      "y": 7.759487770625631,
      "z": 73.49939080624348
    },
    "_id": ""
  },
  {
    "__type__": "cc.Node",
    "_name": "Bip001 L Finger21",
    "_objFlags": 0,
    "_parent": {
      "__id__": 25
    },
    "_children": [
      {
        "__id__": 27
      }
    ],
    "_active": true,
    "_components": [],
    "_prefab": {
      "__id__": 29
    },
    "_lpos": {
      "__type__": "cc.Vec3",
      "x": 0.0044699190184474,
      "y": -2.38418573772492e-9,
      "z": -1.77635679969558e-17
    },
    "_lrot": {
      "__type__": "cc.Quat",
      "x": -9.47085255238754e-9,
      "y": 3.194567101673542e-8,
      "z": 0.6829987768492007,
      "w": 0.7304195170054635
    },
    "_lscale": {
      "__type__": "cc.Vec3",
      "x": 0.999999940395355,
      "y": 1.00000011920929,
      "z": 1
    },
    "_layer": 1073741824,
    "_euler": {
      "__type__": "cc.Vec3",
      "x": -0.00004913016419103823,
      "y": 0.00005095228896320026,
      "z": 86.15684963974452
    },
    "_id": ""
  },
  {
    "__type__": "cc.Node",
    "_name": "Bip001 L Finger22",
    "_objFlags": 0,
    "_parent": {
      "__id__": 26
    },
    "_children": [],
    "_active": true,
    "_components": [],
    "_prefab": {
      "__id__": 28
    },
    "_lpos": {
      "__type__": "cc.Vec3",
      "x": 0.00304985279217362,
      "y": 2.38418573772492e-9,
      "z": -1.77635679969558e-17
    },
    "_lrot": {
      "__type__": "cc.Quat",
      "x": -1.4164242676678064e-8,
      "y": -4.628054532223853e-9,
      "z": 0.31058345238527146,
      "w": 0.950546116242892
    },
    "_lscale": {
      "__type__": "cc.Vec3",
      "x": 0.99999988079071,
      "y": 0.999999940395355,
      "z": 1
    },
    "_layer": 1073741824,
    "_euler": {
      "__type__": "cc.Vec3",
      "x": -0.000001707547512660505,
      "y": 1.8398206923867457e-14,
      "z": 36.18879109849615
    },
    "_id": ""
  },
  {
    "__type__": "cc.PrefabInfo",
    "root": {
      "__id__": 1
    },
    "asset": {
      "__id__": 0
    },
    "fileId": "81J+Z2Vf1WDL2r8jcq+tYu"
  },
  {
    "__type__": "cc.PrefabInfo",
    "root": {
      "__id__": 1
    },
    "asset": {
      "__id__": 0
    },
    "fileId": "0aCTlAli5Td4RhxnKf6U6x"
  },
  {
    "__type__": "cc.PrefabInfo",
    "root": {
      "__id__": 1
    },
    "asset": {
      "__id__": 0
    },
    "fileId": "10REcxpz5VRYP5mrJNAIUm"
  },
  {
    "__type__": "cc.Node",
    "_name": "Bip001 L Finger3",
    "_objFlags": 0,
    "_parent": {
      "__id__": 12
    },
    "_children": [
      {
        "__id__": 32
      }
    ],
    "_active": true,
    "_components": [],
    "_prefab": {
      "__id__": 36
    },
    "_lpos": {
      "__type__": "cc.Vec3",
      "x": 0.00994965061545372,
      "y": -0.000171353807672858,
      "z": 0.00139930716250092
    },
    "_lrot": {
      "__type__": "cc.Quat",
      "x": -0.11096875882906937,
      "y": 0.008178038351845756,
      "z": 0.6388139591348709,
      "w": 0.7612724741293901
    },
    "_lscale": {
      "__type__": "cc.Vec3",
      "x": 1.00000011920929,
      "y": 1.00000011920929,
      "z": 0.999999940395355
    },
    "_layer": 1073741824,
    "_euler": {
      "__type__": "cc.Vec3",
      "x": -48.41366217632801,
      "y": 40.015713654204525,
      "z": 76.1218332325296
    },
    "_id": ""
  },
  {
    "__type__": "cc.Node",
    "_name": "Bip001 L Finger31",
    "_objFlags": 0,
    "_parent": {
      "__id__": 31
    },
    "_children": [
      {
        "__id__": 33
      }
    ],
    "_active": true,
    "_components": [],
    "_prefab": {
      "__id__": 35
    },
    "_lpos": {
      "__type__": "cc.Vec3",
      "x": 0.00389957427978516,
      "y": 2.38418573772492e-9,
      "z": -9.53674295089968e-9
    },
    "_lrot": {
      "__type__": "cc.Quat",
      "x": -1.437194152072588e-8,
      "y": 8.42633321057667e-9,
      "z": 0.5453950038397946,
      "w": 0.8381791513671705
    },
    "_lscale": {
      "__type__": "cc.Vec3",
      "x": 0.999999940395355,
      "y": 0.99999988079071,
      "z": 0.999999940395355
    },
    "_layer": 1073741824,
    "_euler": {
      "__type__": "cc.Vec3",
      "x": -0.000004707676666485569,
      "y": 0.000004215244422753029,
      "z": 66.10332188906214
    },
    "_id": ""
  },
  {
    "__type__": "cc.Node",
    "_name": "Bip001 L Finger32",
    "_objFlags": 0,
    "_parent": {
      "__id__": 32
    },
    "_children": [],
    "_active": true,
    "_components": [],
    "_prefab": {
      "__id__": 34
    },
    "_lpos": {
      "__type__": "cc.Vec3",
      "x": 0.0026070021558553,
      "y": -4.44089199923895e-18,
      "z": 9.53674295089968e-9
    },
    "_lrot": {
      "__type__": "cc.Quat",
      "x": 3.5410601595274185e-9,
      "y": 1.1570136116370774e-9,
      "z": 0.31058350624032777,
      "w": 0.9505460986461752
    },
    "_lscale": {
      "__type__": "cc.Vec3",
      "x": 1.00000011920929,
      "y": 1,
      "z": 0.999999940395355
    },
    "_layer": 1073741824,
    "_euler": {
      "__type__": "cc.Vec3",
      "x": 4.2688682802163377e-7,
      "y": -1.4983791691782756e-14,
      "z": 36.18879759090594
    },
    "_id": ""
  },
  {
    "__type__": "cc.PrefabInfo",
    "root": {
      "__id__": 1
    },
    "asset": {
      "__id__": 0
    },
    "fileId": "4d09TosEVSbrAeyE7Pm2tK"
  },
  {
    "__type__": "cc.PrefabInfo",
    "root": {
      "__id__": 1
    },
    "asset": {
      "__id__": 0
    },
    "fileId": "6cLCKaylJZ2bVIB3bJWkPS"
  },
  {
    "__type__": "cc.PrefabInfo",
    "root": {
      "__id__": 1
    },
    "asset": {
      "__id__": 0
    },
    "fileId": "f7Azz4GmtdqJR90mim4cCD"
  },
  {
    "__type__": "cc.Node",
    "_name": "Bip001 L Finger4",
    "_objFlags": 0,
    "_parent": {
      "__id__": 12
    },
    "_children": [
      {
        "__id__": 38
      }
    ],
    "_active": true,
    "_components": [],
    "_prefab": {
      "__id__": 42
    },
    "_lpos": {
      "__type__": "cc.Vec3",
      "x": 0.00942856073379517,
      "y": 0.00122400524560362,
      "z": 0.00280828471295536
    },
    "_lrot": {
      "__type__": "cc.Quat",
      "x": -0.13579997678092323,
      "y": 0.029974854188928604,
      "z": 0.5906799547740935,
      "w": 0.7948314698417068
    },
    "_lscale": {
      "__type__": "cc.Vec3",
      "x": 1,
      "y": 0.999999940395355,
      "z": 1
    },
    "_layer": 1073741824,
    "_euler": {
      "__type__": "cc.Vec3",
      "x": -43.44500257894726,
      "y": 34.709480129042404,
      "z": 68.56627197173351
    },
    "_id": ""
  },
  {
    "__type__": "cc.Node",
    "_name": "Bip001 L Finger41",
    "_objFlags": 0,
    "_parent": {
      "__id__": 37
    },
    "_children": [
      {
        "__id__": 39
      }
    ],
    "_active": true,
    "_components": [],
    "_prefab": {
      "__id__": 41
    },
    "_lpos": {
      "__type__": "cc.Vec3",
      "x": 0.00284821260720491,
      "y": -2.38418573772492e-9,
      "z": 1.77635679969558e-17
    },
    "_lrot": {
      "__type__": "cc.Quat",
      "x": -1.2489843267829301e-8,
      "y": -8.127020160735136e-9,
      "z": 0.5453950310873863,
      "w": 0.8381791336374277
    },
    "_lscale": {
      "__type__": "cc.Vec3",
      "x": 1.00000011920929,
      "y": 1,
      "z": 1.00000011920929
    },
    "_layer": 1073741824,
    "_euler": {
      "__type__": "cc.Vec3",
      "x": -0.0000017075473660646543,
      "y": -7.35614758291943e-14,
      "z": 66.10332561421342
    },
    "_id": ""
  },
  {
    "__type__": "cc.Node",
    "_name": "Bip001 L Finger42",
    "_objFlags": 0,
    "_parent": {
      "__id__": 38
    },
    "_children": [],
    "_active": true,
    "_components": [],
    "_prefab": {
      "__id__": 40
    },
    "_lpos": {
      "__type__": "cc.Vec3",
      "x": 0.00182515138294548,
      "y": 2.38418573772492e-9,
      "z": -9.53674295089968e-9
    },
    "_lrot": {
      "__type__": "cc.Quat",
      "x": 5.3115903503134295e-9,
      "y": 1.735520417455611e-9,
      "z": 0.31058350624032777,
      "w": 0.9505460986461752
    },
    "_lscale": {
      "__type__": "cc.Vec3",
      "x": 1.00000011920929,
      "y": 1,
      "z": 1
    },
    "_layer": 1073741824,
    "_euler": {
      "__type__": "cc.Vec3",
      "x": 6.403302570162427e-7,
      "y": -2.737152500814552e-14,
      "z": 36.18879759090594
    },
    "_id": ""
  },
  {
    "__type__": "cc.PrefabInfo",
    "root": {
      "__id__": 1
    },
    "asset": {
      "__id__": 0
    },
    "fileId": "60YgnNgc5e0aJzGL2tOrUD"
  },
  {
    "__type__": "cc.PrefabInfo",
    "root": {
      "__id__": 1
    },
    "asset": {
      "__id__": 0
    },
    "fileId": "0f8XunY9VcrJEJ+o/bt5rf"
  },
  {
    "__type__": "cc.PrefabInfo",
    "root": {
      "__id__": 1
    },
    "asset": {
      "__id__": 0
    },
    "fileId": "43FEpicclUh6ex8kRBbhf5"
  },
  {
    "__type__": "cc.PrefabInfo",
    "root": {
      "__id__": 1
    },
    "asset": {
      "__id__": 0
    },
    "fileId": "da0CwSYWdT2JCcEkA2oqYy"
  },
  {
    "__type__": "cc.PrefabInfo",
    "root": {
      "__id__": 1
    },
    "asset": {
      "__id__": 0
    },
    "fileId": "29Y20flShaSpTIvRScDFQa"
  },
  {
    "__type__": "cc.PrefabInfo",
    "root": {
      "__id__": 1
    },
    "asset": {
      "__id__": 0
    },
    "fileId": "06Onnkv5NTYKz8xxpHpzFv"
  },
  {
    "__type__": "cc.PrefabInfo",
    "root": {
      "__id__": 1
    },
    "asset": {
      "__id__": 0
    },
    "fileId": "94dos9SB1SvIvsZb3AHinu"
  },
  {
    "__type__": "cc.Node",
    "_name": "Bip001 R Clavicle",
    "_objFlags": 0,
    "_parent": {
      "__id__": 8
    },
    "_children": [
      {
        "__id__": 48
      }
    ],
    "_active": true,
    "_components": [],
    "_prefab": {
      "__id__": 88
    },
    "_lpos": {
      "__type__": "cc.Vec3",
      "x": -0.00599283212795854,
      "y": 0.000457444170024246,
      "z": -0.00442386139184237
    },
    "_lrot": {
      "__type__": "cc.Quat",
      "x": -0.400613185656013,
      "y": 0.1163856154650959,
      "z": 0.8970840504171413,
      "w": 0.14561480171509975
    },
    "_lscale": {
      "__type__": "cc.Vec3",
      "x": 1,
      "y": 1.00000023841858,
      "z": 1
    },
    "_layer": 1073741824,
    "_euler": {
      "__type__": "cc.Vec3",
      "x": -160.72036186708587,
      "y": 130.22494116662523,
      "z": 9.671915956682152
    },
    "_id": ""
  },
  {
    "__type__": "cc.Node",
    "_name": "Bip001 R UpperArm",
    "_objFlags": 0,
    "_parent": {
      "__id__": 47
    },
    "_children": [
      {
        "__id__": 49
      }
    ],
    "_active": true,
    "_components": [],
    "_prefab": {
      "__id__": 87
    },
    "_lpos": {
      "__type__": "cc.Vec3",
      "x": 0.0112501522526145,
      "y": 0,
      "z": 9.53674295089968e-9
    },
    "_lrot": {
      "__type__": "cc.Quat",
      "x": -0.17830282899470645,
      "y": -0.26243374413599185,
      "z": -0.06770374796696153,
      "w": 0.9459137559114338
    },
    "_lscale": {
      "__type__": "cc.Vec3",
      "x": 1,
      "y": 1,
      "z": 1.00000011920929
    },
    "_layer": 1073741824,
    "_euler": {
      "__type__": "cc.Vec3",
      "x": -21.90543328371146,
      "y": -31.39485622688002,
      "z": -1.977008160341687
    },
    "_id": ""
  },
  {
    "__type__": "cc.Node",
    "_name": "Bip001 R Forearm",
    "_objFlags": 0,
    "_parent": {
      "__id__": 48
    },
    "_children": [
      {
        "__id__": 50
      }
    ],
    "_active": true,
    "_components": [],
    "_prefab": {
      "__id__": 86
    },
    "_lpos": {
      "__type__": "cc.Vec3",
      "x": 0.0209654234349728,
      "y": 4.44089199923895e-18,
      "z": 8.88178399847791e-18
    },
    "_lrot": {
      "__type__": "cc.Quat",
      "x": 1.5481530296133817e-17,
      "y": 2.4059149920699387e-17,
      "z": -0.7289283159598356,
      "w": 0.6845900307424568
    },
    "_lscale": {
      "__type__": "cc.Vec3",
      "x": 0.999999821186066,
      "y": 0.999999940395355,
      "z": 1
    },
    "_layer": 1073741824,
    "_euler": {
      "__type__": "cc.Vec3",
      "x": 179.99999999999994,
      "y": 179.99999999999994,
      "z": -86.40674783132165
    },
    "_id": ""
  },
  {
    "__type__": "cc.Node",
    "_name": "Bip001 R Hand",
    "_objFlags": 0,
    "_parent": {
      "__id__": 49
    },
    "_children": [
      {
        "__id__": 51
      },
      {
        "__id__": 57
      },
      {
        "__id__": 63
      },
      {
        "__id__": 69
      },
      {
        "__id__": 75
      },
      {
        "__id__": 81
      }
    ],
    "_active": true,
    "_components": [],
    "_prefab": {
      "__id__": 85
    },
    "_lpos": {
      "__type__": "cc.Vec3",
      "x": 0.0202247947454453,
      "y": 0,
      "z": 8.88178399847791e-18
    },
    "_lrot": {
      "__type__": "cc.Quat",
      "x": 0.8945931197464415,
      "y": -0.11492317916570717,
      "z": -0.17467604579985335,
      "w": 0.39494821434778415
    },
    "_lscale": {
      "__type__": "cc.Vec3",
      "x": 1.00000011920929,
      "y": 1.00000011920929,
      "z": 0.999999940395355
    },
    "_layer": 1073741824,
    "_euler": {
      "__type__": "cc.Vec3",
      "x": 134.78989918068405,
      "y": 13.658031389974466,
      "z": -20.096050206302277
    },
    "_id": ""
  },
  {
    "__type__": "cc.Node",
    "_name": "Bip001 R Finger0",
    "_objFlags": 0,
    "_parent": {
      "__id__": 50
    },
    "_children": [
      {
        "__id__": 52
      }
    ],
    "_active": true,
    "_components": [],
    "_prefab": {
      "__id__": 56
    },
    "_lpos": {
      "__type__": "cc.Vec3",
      "x": 0.00338959926739335,
      "y": 0.000751839834265411,
      "z": 0.00355532648973167
    },
    "_lrot": {
      "__type__": "cc.Quat",
      "x": -0.45717563871995165,
      "y": -0.49933161945810883,
      "z": -0.027026375546869173,
      "w": 0.735478037874107
    },
    "_lscale": {
      "__type__": "cc.Vec3",
      "x": 1,
      "y": 1.00000023841858,
      "z": 1
    },
    "_layer": 1073741824,
    "_euler": {
      "__type__": "cc.Vec3",
      "x": -50.30949344042642,
      "y": -56.6383837046339,
      "z": 24.633345869971723
    },
    "_id": ""
  },
  {
    "__type__": "cc.Node",
    "_name": "Bip001 R Finger01",
    "_objFlags": 0,
    "_parent": {
      "__id__": 51
    },
    "_children": [
      {
        "__id__": 53
      }
    ],
    "_active": true,
    "_components": [],
    "_prefab": {
      "__id__": 55
    },
    "_lpos": {
      "__type__": "cc.Vec3",
      "x": 0.00378631590865552,
      "y": -4.76837147544984e-9,
      "z": -2.38418573772492e-9
    },
    "_lrot": {
      "__type__": "cc.Quat",
      "x": 1.535681651258727e-8,
      "y": 3.0106009841303954e-10,
      "z": 0.2615043861438284,
      "w": 0.965202287620341
    },
    "_lscale": {
      "__type__": "cc.Vec3",
      "x": 0.99999988079071,
      "y": 0.999999940395355,
      "z": 1
    },
    "_layer": 1073741824,
    "_euler": {
      "__type__": "cc.Vec3",
      "x": 0.000001957186913056973,
      "y": -4.94522259584332e-7,
      "z": 30.31869166616702
    },
    "_id": ""
  },
  {
    "__type__": "cc.Node",
    "_name": "Bip001 R Finger02",
    "_objFlags": 0,
    "_parent": {
      "__id__": 52
    },
    "_children": [],
    "_active": true,
    "_components": [],
    "_prefab": {
      "__id__": 54
    },
    "_lpos": {
      "__type__": "cc.Vec3",
      "x": 0.00310073373839259,
      "y": 1.77635679969558e-17,
      "z": 1.19209286886246e-9
    },
    "_lrot": {
      "__type__": "cc.Quat",
      "x": -8.321064801324587e-9,
      "y": -3.8576181486861145e-10,
      "z": 0.48815465414480275,
      "w": 0.8727571447068011
    },
    "_lscale": {
      "__type__": "cc.Vec3",
      "x": 1,
      "y": 1,
      "z": 1
    },
    "_layer": 1073741824,
    "_euler": {
      "__type__": "cc.Vec3",
      "x": -0.0000015487203051628293,
      "y": 8.15587682635777e-7,
      "z": 58.43872869299604
    },
    "_id": ""
  },
  {
    "__type__": "cc.PrefabInfo",
    "root": {
      "__id__": 1
    },
    "asset": {
      "__id__": 0
    },
    "fileId": "c5MDLwO3tXfbFAYJ8NWS2K"
  },
  {
    "__type__": "cc.PrefabInfo",
    "root": {
      "__id__": 1
    },
    "asset": {
      "__id__": 0
    },
    "fileId": "49TrWYhSxct57dP0gE3qx1"
  },
  {
    "__type__": "cc.PrefabInfo",
    "root": {
      "__id__": 1
    },
    "asset": {
      "__id__": 0
    },
    "fileId": "39Sok/xj1YFJfJDq6ToSZ0"
  },
  {
    "__type__": "cc.Node",
    "_name": "Bip001 R Finger1",
    "_objFlags": 0,
    "_parent": {
      "__id__": 50
    },
    "_children": [
      {
        "__id__": 58
      }
    ],
    "_active": true,
    "_components": [],
    "_prefab": {
      "__id__": 62
    },
    "_lpos": {
      "__type__": "cc.Vec3",
      "x": 0.0100068254396319,
      "y": -0.0000837480984046124,
      "z": 0.00318701728247106
    },
    "_lrot": {
      "__type__": "cc.Quat",
      "x": 0.02531995773766625,
      "y": 0.028951130386604785,
      "z": 0.6500321532183229,
      "w": 0.7589327582677213
    },
    "_lscale": {
      "__type__": "cc.Vec3",
      "x": 1.00000023841858,
      "y": 1.00000011920929,
      "z": 1.00000011920929
    },
    "_layer": 1073741824,
    "_euler": {
      "__type__": "cc.Vec3",
      "x": 0.29609372673168616,
      "y": 4.115609953575169,
      "z": 81.16228817614467
    },
    "_id": ""
  },
  {
    "__type__": "cc.Node",
    "_name": "Bip001 R Finger11",
    "_objFlags": 0,
    "_parent": {
      "__id__": 57
    },
    "_children": [
      {
        "__id__": 59
      }
    ],
    "_active": true,
    "_components": [],
    "_prefab": {
      "__id__": 61
    },
    "_lpos": {
      "__type__": "cc.Vec3",
      "x": 0.00425854651257396,
      "y": 0,
      "z": 9.53674295089968e-9
    },
    "_lrot": {
      "__type__": "cc.Quat",
      "x": -4.787917603414637e-9,
      "y": -1.9212581689496936e-8,
      "z": 0.5710084421010305,
      "w": 0.8209441875361283
    },
    "_lscale": {
      "__type__": "cc.Vec3",
      "x": 1,
      "y": 1.00000011920929,
      "z": 1
    },
    "_layer": 1073741824,
    "_euler": {
      "__type__": "cc.Vec3",
      "x": 0.000002318826946676067,
      "y": -0.000004294651822338689,
      "z": 69.64115492921454
    },
    "_id": ""
  },
  {
    "__type__": "cc.Node",
    "_name": "Bip001 R Finger12",
    "_objFlags": 0,
    "_parent": {
      "__id__": 58
    },
    "_children": [],
    "_active": true,
    "_components": [],
    "_prefab": {
      "__id__": 60
    },
    "_lpos": {
      "__type__": "cc.Vec3",
      "x": 0.00269485707394779,
      "y": 2.38418573772492e-9,
      "z": -9.53674295089968e-9
    },
    "_lrot": {
      "__type__": "cc.Quat",
      "x": -1.6642678070184712e-8,
      "y": -7.595765556962429e-10,
      "z": 0.4875279882056535,
      "w": 0.8731073592154334
    },
    "_lscale": {
      "__type__": "cc.Vec3",
      "x": 1,
      "y": 1,
      "z": 1
    },
    "_layer": 1073741824,
    "_euler": {
      "__type__": "cc.Vec3",
      "x": -0.000003092976304298535,
      "y": 0.0000016273731271286585,
      "z": 58.3564650079158
    },
    "_id": ""
  },
  {
    "__type__": "cc.PrefabInfo",
    "root": {
      "__id__": 1
    },
    "asset": {
      "__id__": 0
    },
    "fileId": "115JpmaWJYRrTfF3pjdzfF"
  },
  {
    "__type__": "cc.PrefabInfo",
    "root": {
      "__id__": 1
    },
    "asset": {
      "__id__": 0
    },
    "fileId": "5aji+bkN9RB4SkcUbPtV2f"
  },
  {
    "__type__": "cc.PrefabInfo",
    "root": {
      "__id__": 1
    },
    "asset": {
      "__id__": 0
    },
    "fileId": "37TlVzZhBTnb0FeuV5MW2L"
  },
  {
    "__type__": "cc.Node",
    "_name": "Bip001 R Finger2",
    "_objFlags": 0,
    "_parent": {
      "__id__": 50
    },
    "_children": [
      {
        "__id__": 64
      }
    ],
    "_active": true,
    "_components": [],
    "_prefab": {
      "__id__": 68
    },
    "_lpos": {
      "__type__": "cc.Vec3",
      "x": 0.00977932661771774,
      "y": -0.00028332113288343,
      "z": 0.000841712928377092
    },
    "_lrot": {
      "__type__": "cc.Quat",
      "x": 0.07254341105042066,
      "y": 0.020875308260776156,
      "z": 0.6799509990446106,
      "w": 0.7293615796821377
    },
    "_lscale": {
      "__type__": "cc.Vec3",
      "x": 1.00000011920929,
      "y": 1,
      "z": 1.00000011920929
    },
    "_layer": 1073741824,
    "_euler": {
      "__type__": "cc.Vec3",
      "x": 50.07185042727364,
      "y": -42.48704699006509,
      "z": 84.20470368693519
    },
    "_id": ""
  },
  {
    "__type__": "cc.Node",
    "_name": "Bip001 R Finger21",
    "_objFlags": 0,
    "_parent": {
      "__id__": 63
    },
    "_children": [
      {
        "__id__": 65
      }
    ],
    "_active": true,
    "_components": [],
    "_prefab": {
      "__id__": 67
    },
    "_lpos": {
      "__type__": "cc.Vec3",
      "x": 0.0044699190184474,
      "y": -4.44089199923895e-18,
      "z": 9.53674295089968e-9
    },
    "_lrot": {
      "__type__": "cc.Quat",
      "x": -5.960979384217472e-9,
      "y": -1.6530197983644287e-8,
      "z": 0.6179245833177022,
      "w": 0.7862373746723338
    },
    "_lscale": {
      "__type__": "cc.Vec3",
      "x": 1.00000023841858,
      "y": 1.00000011920929,
      "z": 1
    },
    "_layer": 1073741824,
    "_euler": {
      "__type__": "cc.Vec3",
      "x": 0.000002680158528826005,
      "y": -0.0000045156299032296384,
      "z": 76.32946889342976
    },
    "_id": ""
  },
  {
    "__type__": "cc.Node",
    "_name": "Bip001 R Finger22",
    "_objFlags": 0,
    "_parent": {
      "__id__": 64
    },
    "_children": [],
    "_active": true,
    "_components": [],
    "_prefab": {
      "__id__": 66
    },
    "_lpos": {
      "__type__": "cc.Vec3",
      "x": 0.00304985395632684,
      "y": 2.38418573772492e-9,
      "z": 0
    },
    "_lrot": {
      "__type__": "cc.Quat",
      "x": -1.3597366627977513e-8,
      "y": 9.626390238170241e-9,
      "z": 0.4715965930724906,
      "w": 0.8818144098405397
    },
    "_lscale": {
      "__type__": "cc.Vec3",
      "x": 0.999999940395355,
      "y": 1,
      "z": 0.999999940395355
    },
    "_layer": 1073741824,
    "_euler": {
      "__type__": "cc.Vec3",
      "x": -0.0000034118080362435495,
      "y": 0.000003075590601639653,
      "z": 56.27596969501025
    },
    "_id": ""
  },
  {
    "__type__": "cc.PrefabInfo",
    "root": {
      "__id__": 1
    },
    "asset": {
      "__id__": 0
    },
    "fileId": "27Ol5Gt55aRr7pRkOlvCAA"
  },
  {
    "__type__": "cc.PrefabInfo",
    "root": {
      "__id__": 1
    },
    "asset": {
      "__id__": 0
    },
    "fileId": "58/uitxYtSGpWrlWxddqFX"
  },
  {
    "__type__": "cc.PrefabInfo",
    "root": {
      "__id__": 1
    },
    "asset": {
      "__id__": 0
    },
    "fileId": "d6ROU991FS8rLGwjwl/jIf"
  },
  {
    "__type__": "cc.Node",
    "_name": "Bip001 R Finger3",
    "_objFlags": 0,
    "_parent": {
      "__id__": 50
    },
    "_children": [
      {
        "__id__": 70
      }
    ],
    "_active": true,
    "_components": [],
    "_prefab": {
      "__id__": 74
    },
    "_lpos": {
      "__type__": "cc.Vec3",
      "x": 0.009949647821486,
      "y": -0.000171353807672858,
      "z": -0.00139929773285985
    },
    "_lrot": {
      "__type__": "cc.Quat",
      "x": 0.10947474204719129,
      "y": -0.019905267487826533,
      "z": 0.7159769608623963,
      "w": 0.6891995739219413
    },
    "_lscale": {
      "__type__": "cc.Vec3",
      "x": 1.00000011920929,
      "y": 1.00000011920929,
      "z": 1.00000011920929
    },
    "_layer": 1073741824,
    "_euler": {
      "__type__": "cc.Vec3",
      "x": 105.34047972096414,
      "y": -98.04599525448022,
      "z": 79.27872419332932
    },
    "_id": ""
  },
  {
    "__type__": "cc.Node",
    "_name": "Bip001 R Finger31",
    "_objFlags": 0,
    "_parent": {
      "__id__": 69
    },
    "_children": [
      {
        "__id__": 71
      }
    ],
    "_active": true,
    "_components": [],
    "_prefab": {
      "__id__": 73
    },
    "_lpos": {
      "__type__": "cc.Vec3",
      "x": 0.00389957427978516,
      "y": -4.44089199923895e-18,
      "z": -9.53674295089968e-9
    },
    "_lrot": {
      "__type__": "cc.Quat",
      "x": -2.6280119843256887e-8,
      "y": -1.4054672322395934e-8,
      "z": 0.4715965467241166,
      "w": 0.8818144346277664
    },
    "_lscale": {
      "__type__": "cc.Vec3",
      "x": 1,
      "y": 0.999999940395355,
      "z": 1
    },
    "_layer": 1073741824,
    "_euler": {
      "__type__": "cc.Vec3",
      "x": -0.0000034150949083138713,
      "y": 1.7290565154169018e-13,
      "z": 56.27596367205096
    },
    "_id": ""
  },
  {
    "__type__": "cc.Node",
    "_name": "Bip001 R Finger32",
    "_objFlags": 0,
    "_parent": {
      "__id__": 70
    },
    "_children": [],
    "_active": true,
    "_components": [],
    "_prefab": {
      "__id__": 72
    },
    "_lpos": {
      "__type__": "cc.Vec3",
      "x": 0.00260700332000852,
      "y": 8.88178399847791e-18,
      "z": 0
    },
    "_lrot": {
      "__type__": "cc.Quat",
      "x": 7.0273356183418575e-9,
      "y": -1.3140057072413898e-8,
      "z": 0.4715965698983046,
      "w": 0.8818144222341533
    },
    "_lscale": {
      "__type__": "cc.Vec3",
      "x": 1.00000011920929,
      "y": 1.00000011920929,
      "z": 1.00000011920929
    },
    "_layer": 1073741824,
    "_euler": {
      "__type__": "cc.Vec3",
      "x": 0.0000025580336834390653,
      "y": -0.0000030755899064834287,
      "z": 56.2759666835307
    },
    "_id": ""
  },
  {
    "__type__": "cc.PrefabInfo",
    "root": {
      "__id__": 1
    },
    "asset": {
      "__id__": 0
    },
    "fileId": "f1Iif3FlRZxbTxfB3sH6Xg"
  },
  {
    "__type__": "cc.PrefabInfo",
    "root": {
      "__id__": 1
    },
    "asset": {
      "__id__": 0
    },
    "fileId": "9ceTzrPbhXMLQfdXmQX6Hi"
  },
  {
    "__type__": "cc.PrefabInfo",
    "root": {
      "__id__": 1
    },
    "asset": {
      "__id__": 0
    },
    "fileId": "ebhAFLo9FdLpsekcLBLu2l"
  },
  {
    "__type__": "cc.Node",
    "_name": "Bip001 R Finger4",
    "_objFlags": 0,
    "_parent": {
      "__id__": 50
    },
    "_children": [
      {
        "__id__": 76
      }
    ],
    "_active": true,
    "_components": [],
    "_prefab": {
      "__id__": 80
    },
    "_lpos": {
      "__type__": "cc.Vec3",
      "x": 0.00942856073379517,
      "y": 0.00122400396503508,
      "z": -0.00280827516689897
    },
    "_lrot": {
      "__type__": "cc.Quat",
      "x": 0.13185323622478978,
      "y": -0.04421359249531566,
      "z": 0.6716751974705653,
      "w": 0.7276759659619007
    },
    "_lscale": {
      "__type__": "cc.Vec3",
      "x": 1.00000011920929,
      "y": 1,
      "z": 1.00000011920929
    },
    "_layer": 1073741824,
    "_euler": {
      "__type__": "cc.Vec3",
      "x": 75.93961604271894,
      "y": -68.77224874404396,
      "z": 74.98640468887358
    },
    "_id": ""
  },
  {
    "__type__": "cc.Node",
    "_name": "Bip001 R Finger41",
    "_objFlags": 0,
    "_parent": {
      "__id__": 75
    },
    "_children": [
      {
        "__id__": 77
      }
    ],
    "_active": true,
    "_components": [],
    "_prefab": {
      "__id__": 79
    },
    "_lpos": {
      "__type__": "cc.Vec3",
      "x": 0.00284821027889848,
      "y": -2.38418573772492e-9,
      "z": 0
    },
    "_lrot": {
      "__type__": "cc.Quat",
      "x": -9.626390373466013e-9,
      "y": -1.359736593090566e-8,
      "z": 0.4715965698983046,
      "w": 0.8818144222341533
    },
    "_lscale": {
      "__type__": "cc.Vec3",
      "x": 1,
      "y": 1,
      "z": 1
    },
    "_layer": 1073741824,
    "_euler": {
      "__type__": "cc.Vec3",
      "x": -4.285302430905082e-7,
      "y": -0.0000015377951797350928,
      "z": 56.27596668353074
    },
    "_id": ""
  },
  {
    "__type__": "cc.Node",
    "_name": "Bip001 R Finger42",
    "_objFlags": 0,
    "_parent": {
      "__id__": 76
    },
    "_children": [],
    "_active": true,
    "_components": [],
    "_prefab": {
      "__id__": 78
    },
    "_lpos": {
      "__type__": "cc.Vec3",
      "x": 0.00182514428161085,
      "y": 8.88178399847791e-18,
      "z": 9.53674295089968e-9
    },
    "_lrot": {
      "__type__": "cc.Quat",
      "x": 6.112722428162797e-9,
      "y": 2.016739697100483e-8,
      "z": 0.47159654672411666,
      "w": 0.8818144346277665
    },
    "_lscale": {
      "__type__": "cc.Vec3",
      "x": 0.999999940395355,
      "y": 1,
      "z": 0.999999940395355
    },
    "_layer": 1073741824,
    "_euler": {
      "__type__": "cc.Vec3",
      "x": -8.504866880612421e-7,
      "y": 0.0000030755904406082254,
      "z": 56.27596367205093
    },
    "_id": ""
  },
  {
    "__type__": "cc.PrefabInfo",
    "root": {
      "__id__": 1
    },
    "asset": {
      "__id__": 0
    },
    "fileId": "f3xot7LjFS3ZKTLJA2UOui"
  },
  {
    "__type__": "cc.PrefabInfo",
    "root": {
      "__id__": 1
    },
    "asset": {
      "__id__": 0
    },
    "fileId": "c82uVdkKlQ168m6ko39y4F"
  },
  {
    "__type__": "cc.PrefabInfo",
    "root": {
      "__id__": 1
    },
    "asset": {
      "__id__": 0
    },
    "fileId": "6eN8Q/E51RiaaTmQIOIQGq"
  },
  {
    "__type__": "cc.Node",
    "_name": "Bone023",
    "_objFlags": 0,
    "_parent": {
      "__id__": 50
    },
    "_children": [
      {
        "__id__": 82
      }
    ],
    "_active": true,
    "_components": [],
    "_prefab": {
      "__id__": 84
    },
    "_lpos": {
      "__type__": "cc.Vec3",
      "x": 0.00650710798799992,
      "y": 0.00313012348487973,
      "z": -0.00383913982659578
    },
    "_lrot": {
      "__type__": "cc.Quat",
      "x": 0.5698966398301895,
      "y": -0.43880939594272456,
      "z": 0.3340080090837329,
      "w": 0.6091820613006933
    },
    "_lscale": {
      "__type__": "cc.Vec3",
      "x": 1.00000011920929,
      "y": 1.00000023841858,
      "z": 1.00000011920929
    },
    "_layer": 1073741824,
    "_euler": {
      "__type__": "cc.Vec3",
      "x": 82.65349765300196,
      "y": -66.82860902327803,
      "z": -5.3482241031747915
    },
    "_id": ""
  },
  {
    "__type__": "cc.Node",
    "_name": "Bone024",
    "_objFlags": 0,
    "_parent": {
      "__id__": 81
    },
    "_children": [],
    "_active": true,
    "_components": [],
    "_prefab": {
      "__id__": 83
    },
    "_lpos": {
      "__type__": "cc.Vec3",
      "x": 0.0920803993940353,
      "y": 2.8610228852699e-8,
      "z": -1.43051144263495e-8
    },
    "_lrot": {
      "__type__": "cc.Quat",
      "x": -1.49011611938477e-8,
      "y": -2.42861286636753e-17,
      "z": 4.16333634234434e-17,
      "w": 1
    },
    "_lscale": {
      "__type__": "cc.Vec3",
      "x": 1,
      "y": 1,
      "z": 1
    },
    "_layer": 1073741824,
    "_euler": {
      "__type__": "cc.Vec3",
      "x": -0.000001707547292503193,
      "y": -2.78298527518964e-15,
      "z": 4.770832063664992e-15
    },
    "_id": ""
  },
  {
    "__type__": "cc.PrefabInfo",
    "root": {
      "__id__": 1
    },
    "asset": {
      "__id__": 0
    },
    "fileId": "57ZM67oYBbP4AZ/3sSz14S"
  },
  {
    "__type__": "cc.PrefabInfo",
    "root": {
      "__id__": 1
    },
    "asset": {
      "__id__": 0
    },
    "fileId": "477y+8SsNZ5IzloQAAQ1CY"
  },
  {
    "__type__": "cc.PrefabInfo",
    "root": {
      "__id__": 1
    },
    "asset": {
      "__id__": 0
    },
    "fileId": "6fkc1f27xejqGQppzxVGSa"
  },
  {
    "__type__": "cc.PrefabInfo",
    "root": {
      "__id__": 1
    },
    "asset": {
      "__id__": 0
    },
    "fileId": "05lMzoZ4ZR0Zk+66IPYcW4"
  },
  {
    "__type__": "cc.PrefabInfo",
    "root": {
      "__id__": 1
    },
    "asset": {
      "__id__": 0
    },
    "fileId": "8bKqqrCkFe+rV5ny3iravy"
  },
  {
    "__type__": "cc.PrefabInfo",
    "root": {
      "__id__": 1
    },
    "asset": {
      "__id__": 0
    },
    "fileId": "0el5Ao4OhSFa0TflU/NMoD"
  },
  {
    "__type__": "cc.Node",
    "_name": "Bip001 Head",
    "_objFlags": 0,
    "_parent": {
      "__id__": 8
    },
    "_children": [
      {
        "__id__": 90
      }
    ],
    "_active": true,
    "_components": [],
    "_prefab": {
      "__id__": 98
    },
    "_lpos": {
      "__type__": "cc.Vec3",
      "x": 0.00533298496156931,
      "y": -4.76837147544984e-9,
      "z": 0
    },
    "_lrot": {
      "__type__": "cc.Quat",
      "x": 0.269372559077614,
      "y": -0.028621651916972003,
      "z": -0.10929657780339105,
      "w": 0.9563856353678617
    },
    "_lscale": {
      "__type__": "cc.Vec3",
      "x": 0.999999940395355,
      "y": 1.00000023841858,
      "z": 1.00000011920929
    },
    "_layer": 1073741824,
    "_euler": {
      "__type__": "cc.Vec3",
      "x": 31.488124120080943,
      "y": 0.24320139986862002,
      "z": -12.972250989387446
    },
    "_id": ""
  },
  {
    "__type__": "cc.Node",
    "_name": "Bone019",
    "_objFlags": 0,
    "_parent": {
      "__id__": 89
    },
    "_children": [
      {
        "__id__": 91
      }
    ],
    "_active": true,
    "_components": [],
    "_prefab": {
      "__id__": 97
    },
    "_lpos": {
      "__type__": "cc.Vec3",
      "x": 0.0198721699416637,
      "y": 0.00404580123722553,
      "z": -0.00165447231847793
    },
    "_lrot": {
      "__type__": "cc.Quat",
      "x": -0.48171089004703455,
      "y": 0.5250507095775188,
      "z": 0.4708456783560402,
      "w": 0.5201737382410596
    },
    "_lscale": {
      "__type__": "cc.Vec3",
      "x": 0.999999940395355,
      "y": 1,
      "z": 1
    },
    "_layer": 1073741824,
    "_euler": {
      "__type__": "cc.Vec3",
      "x": -84.69083976776922,
      "y": 89.699031238044,
      "z": -0.91689628053049
    },
    "_id": ""
  },
  {
    "__type__": "cc.Node",
    "_name": "Bone020",
    "_objFlags": 0,
    "_parent": {
      "__id__": 90
    },
    "_children": [
      {
        "__id__": 92
      }
    ],
    "_active": true,
    "_components": [],
    "_prefab": {
      "__id__": 96
    },
    "_lpos": {
      "__type__": "cc.Vec3",
      "x": 0.00768426712602377,
      "y": -3.55271359939116e-17,
      "z": -4.76837147544984e-9
    },
    "_lrot": {
      "__type__": "cc.Quat",
      "x": -0.24866107388729913,
      "y": -0.06414467914266024,
      "z": 0.375845525958703,
      "w": 0.8903893929555351
    },
    "_lscale": {
      "__type__": "cc.Vec3",
      "x": 0.99999988079071,
      "y": 0.99999988079071,
      "z": 1
    },
    "_layer": 1073741824,
    "_euler": {
      "__type__": "cc.Vec3",
      "x": -33.60423220804725,
      "y": 5.851625295913889,
      "z": 44.5232237374411
    },
    "_id": ""
  },
  {
    "__type__": "cc.Node",
    "_name": "Bone021",
    "_objFlags": 0,
    "_parent": {
      "__id__": 91
    },
    "_children": [
      {
        "__id__": 93
      }
    ],
    "_active": true,
    "_components": [],
    "_prefab": {
      "__id__": 95
    },
    "_lpos": {
      "__type__": "cc.Vec3",
      "x": 0.00801310501992702,
      "y": 1.77635679969558e-17,
      "z": 9.53674295089968e-9
    },
    "_lrot": {
      "__type__": "cc.Quat",
      "x": 0.015156586988940447,
      "y": 0.03238826689068809,
      "z": 0.33044100536914184,
      "w": 0.9431489914161468
    },
    "_lscale": {
      "__type__": "cc.Vec3",
      "x": 1.00000023841858,
      "y": 1.00000023841858,
      "z": 1
    },
    "_layer": 1073741824,
    "_euler": {
      "__type__": "cc.Vec3",
      "x": 0.5269862082954182,
      "y": 3.748887591797996,
      "z": 38.630240473645124
    },
    "_id": ""
  },
  {
    "__type__": "cc.Node",
    "_name": "Bone022",
    "_objFlags": 0,
    "_parent": {
      "__id__": 92
    },
    "_children": [],
    "_active": true,
    "_components": [],
    "_prefab": {
      "__id__": 94
    },
    "_lpos": {
      "__type__": "cc.Vec3",
      "x": 0.00787745416164398,
      "y": 5.96046412226769e-9,
      "z": -1.77635679969558e-17
    },
    "_lrot": {
      "__type__": "cc.Quat",
      "x": 4.516914131613681e-8,
      "y": -5.960463411724935e-8,
      "z": 5.355104448767608e-8,
      "w": 0.9999999999999958
    },
    "_lscale": {
      "__type__": "cc.Vec3",
      "x": 1.00000011920929,
      "y": 1.00000011920929,
      "z": 1.00000011920929
    },
    "_layer": 1073741824,
    "_euler": {
      "__type__": "cc.Vec3",
      "x": 0.000005176002689052977,
      "y": -0.000006830188225860083,
      "z": 0.000006136497366808564
    },
    "_id": ""
  },
  {
    "__type__": "cc.PrefabInfo",
    "root": {
      "__id__": 1
    },
    "asset": {
      "__id__": 0
    },
    "fileId": "e33RtN47dZu6yhpGG8zlc8"
  },
  {
    "__type__": "cc.PrefabInfo",
    "root": {
      "__id__": 1
    },
    "asset": {
      "__id__": 0
    },
    "fileId": "2bxht3TRNcS5vGX8XIpDj5"
  },
  {
    "__type__": "cc.PrefabInfo",
    "root": {
      "__id__": 1
    },
    "asset": {
      "__id__": 0
    },
    "fileId": "12uEOAcQlf2Zk/7guJKvWs"
  },
  {
    "__type__": "cc.PrefabInfo",
    "root": {
      "__id__": 1
    },
    "asset": {
      "__id__": 0
    },
    "fileId": "c4AdglSj5ZGq856QvseOVM"
  },
  {
    "__type__": "cc.PrefabInfo",
    "root": {
      "__id__": 1
    },
    "asset": {
      "__id__": 0
    },
    "fileId": "00hRm0821cx6FdyctIL33M"
  },
  {
    "__type__": "cc.PrefabInfo",
    "root": {
      "__id__": 1
    },
    "asset": {
      "__id__": 0
    },
    "fileId": "beEFInqQFRK5G0LgoFNovv"
  },
  {
    "__type__": "cc.Node",
    "_name": "Bone008",
    "_objFlags": 0,
    "_parent": {
      "__id__": 7
    },
    "_children": [
      {
        "__id__": 101
      }
    ],
    "_active": true,
    "_components": [],
    "_prefab": {
      "__id__": 111
    },
    "_lpos": {
      "__type__": "cc.Vec3",
      "x": 0.0170686710625887,
      "y": -0.0102890962734818,
      "z": 0.00822295155376196
    },
    "_lrot": {
      "__type__": "cc.Quat",
      "x": 0.007800455291256598,
      "y": -0.05407813251114109,
      "z": 0.9542428360426007,
      "w": -0.2939988407166449
    },
    "_lscale": {
      "__type__": "cc.Vec3",
      "x": 1.00000011920929,
      "y": 1.00000011920929,
      "z": 1
    },
    "_layer": 1073741824,
    "_euler": {
      "__type__": "cc.Vec3",
      "x": 173.1526164260597,
      "y": 178.82857176823504,
      "z": -34.189807905297236
    },
    "_id": ""
  },
  {
    "__type__": "cc.Node",
    "_name": "Bone009",
    "_objFlags": 0,
    "_parent": {
      "__id__": 100
    },
    "_children": [
      {
        "__id__": 102
      }
    ],
    "_active": true,
    "_components": [],
    "_prefab": {
      "__id__": 110
    },
    "_lpos": {
      "__type__": "cc.Vec3",
      "x": 0.0114417737349868,
      "y": 5.72204577053981e-8,
      "z": 5.9604643443123e-10
    },
    "_lrot": {
      "__type__": "cc.Quat",
      "x": 0.0408411579266044,
      "y": -0.03429848654333539,
      "z": -0.16888201008117204,
      "w": 0.984192298441211
    },
    "_lscale": {
      "__type__": "cc.Vec3",
      "x": 1,
      "y": 1,
      "z": 1
    },
    "_layer": 1073741824,
    "_euler": {
      "__type__": "cc.Vec3",
      "x": 4.1881611406746595,
      "y": -3.268610839621001,
      "z": -19.586301364763823
    },
    "_id": ""
  },
  {
    "__type__": "cc.Node",
    "_name": "Bone010",
    "_objFlags": 0,
    "_parent": {
      "__id__": 101
    },
    "_children": [
      {
        "__id__": 103
      }
    ],
    "_active": true,
    "_components": [],
    "_prefab": {
      "__id__": 109
    },
    "_lpos": {
      "__type__": "cc.Vec3",
      "x": 0.0214765258133411,
      "y": -4.76837147544984e-9,
      "z": -5.9604643443123e-10
    },
    "_lrot": {
      "__type__": "cc.Quat",
      "x": 0.009300212166171154,
      "y": -0.069134479692787,
      "z": -0.0000712867533667283,
      "w": 0.9975639952852503
    },
    "_lscale": {
      "__type__": "cc.Vec3",
      "x": 1.00000011920929,
      "y": 1.00000011920929,
      "z": 1
    },
    "_layer": 1073741824,
    "_euler": {
      "__type__": "cc.Vec3",
      "x": 1.0626269490147946,
      "y": -7.92813689338864,
      "z": -0.08182738810655191
    },
    "_id": ""
  },
  {
    "__type__": "cc.Node",
    "_name": "Bone011",
    "_objFlags": 0,
    "_parent": {
      "__id__": 102
    },
    "_children": [
      {
        "__id__": 104
      }
    ],
    "_active": true,
    "_components": [],
    "_prefab": {
      "__id__": 108
    },
    "_lpos": {
      "__type__": "cc.Vec3",
      "x": 0.0254593994468451,
      "y": 2.90870673325117e-7,
      "z": -7.15255721317476e-9
    },
    "_lrot": {
      "__type__": "cc.Quat",
      "x": 0.0000327789967822433,
      "y": 0.05477660910946353,
      "z": 0.002764519545221584,
      "w": 0.9984948069227454
    },
    "_lscale": {
      "__type__": "cc.Vec3",
      "x": 0.99999988079071,
      "y": 0.99999988079071,
      "z": 1
    },
    "_layer": 1073741824,
    "_euler": {
      "__type__": "cc.Vec3",
      "x": -0.013602380264270865,
      "y": 6.280141847016619,
      "z": 0.31652113526382797
    },
    "_id": ""
  },
  {
    "__type__": "cc.Node",
    "_name": "Bone012",
    "_objFlags": 0,
    "_parent": {
      "__id__": 103
    },
    "_children": [
      {
        "__id__": 105
      }
    ],
    "_active": true,
    "_components": [],
    "_prefab": {
      "__id__": 107
    },
    "_lpos": {
      "__type__": "cc.Vec3",
      "x": 0.0228057280182838,
      "y": 0,
      "z": -1.19209286886246e-9
    },
    "_lrot": {
      "__type__": "cc.Quat",
      "x": 0.009201324297820432,
      "y": 0.15854310563741592,
      "z": -0.05205141985745661,
      "w": 0.9859361383866768
    },
    "_lscale": {
      "__type__": "cc.Vec3",
      "x": 0.999999940395355,
      "y": 0.999999940395355,
      "z": 1
    },
    "_layer": 1073741824,
    "_euler": {
      "__type__": "cc.Vec3",
      "x": 1.9955683991182458,
      "y": 18.370204784386605,
      "z": -5.7231126369187795
    },
    "_id": ""
  },
  {
    "__type__": "cc.Node",
    "_name": "Bone013",
    "_objFlags": 0,
    "_parent": {
      "__id__": 104
    },
    "_children": [],
    "_active": true,
    "_components": [],
    "_prefab": {
      "__id__": 106
    },
    "_lpos": {
      "__type__": "cc.Vec3",
      "x": 0.0270075220614672,
      "y": 4.76837147544984e-9,
      "z": 2.38418573772492e-9
    },
    "_lrot": {
      "__type__": "cc.Quat",
      "x": -0.004539963331548751,
      "y": -0.3083258872646505,
      "z": 0.024975394873709433,
      "w": 0.9509420411498887
    },
    "_lscale": {
      "__type__": "cc.Vec3",
      "x": 1,
      "y": 1,
      "z": 1
    },
    "_layer": 1073741824,
    "_euler": {
      "__type__": "cc.Vec3",
      "x": 0.3881941324357699,
      "y": -35.938480992869316,
      "z": 2.883187626116284
    },
    "_id": ""
  },
  {
    "__type__": "cc.PrefabInfo",
    "root": {
      "__id__": 1
    },
    "asset": {
      "__id__": 0
    },
    "fileId": "87lAWGA3NVwIoNB3A/ra69"
  },
  {
    "__type__": "cc.PrefabInfo",
    "root": {
      "__id__": 1
    },
    "asset": {
      "__id__": 0
    },
    "fileId": "35KpSCd81Td7SF26MQRxYz"
  },
  {
    "__type__": "cc.PrefabInfo",
    "root": {
      "__id__": 1
    },
    "asset": {
      "__id__": 0
    },
    "fileId": "9fehDZWvZfIaiiH99MuMBf"
  },
  {
    "__type__": "cc.PrefabInfo",
    "root": {
      "__id__": 1
    },
    "asset": {
      "__id__": 0
    },
    "fileId": "43iJxDLC1XIYM2gkm33qc8"
  },
  {
    "__type__": "cc.PrefabInfo",
    "root": {
      "__id__": 1
    },
    "asset": {
      "__id__": 0
    },
    "fileId": "486BwShBBaVas9Za2rZ1WI"
  },
  {
    "__type__": "cc.PrefabInfo",
    "root": {
      "__id__": 1
    },
    "asset": {
      "__id__": 0
    },
    "fileId": "d1YWw2QPxc57lPfnEwvZJh"
  },
  {
    "__type__": "cc.Node",
    "_name": "Bone014",
    "_objFlags": 0,
    "_parent": {
      "__id__": 7
    },
    "_children": [
      {
        "__id__": 113
      }
    ],
    "_active": true,
    "_components": [],
    "_prefab": {
      "__id__": 121
    },
    "_lpos": {
      "__type__": "cc.Vec3",
      "x": 0.016142301261425,
      "y": -0.00850710365921259,
      "z": 0.0127223106101155
    },
    "_lrot": {
      "__type__": "cc.Quat",
      "x": 0.04023107580114417,
      "y": 0.025461469265389662,
      "z": 0.9627421060979686,
      "w": -0.26619694075773637
    },
    "_lscale": {
      "__type__": "cc.Vec3",
      "x": 1.00000011920929,
      "y": 1.00000011920929,
      "z": 0.99999988079071
    },
    "_layer": 1073741824,
    "_euler": {
      "__type__": "cc.Vec3",
      "x": -175.30081643221612,
      "y": -173.9237011346229,
      "z": -30.697761391934474
    },
    "_id": ""
  },
  {
    "__type__": "cc.Node",
    "_name": "Bone018",
    "_objFlags": 0,
    "_parent": {
      "__id__": 112
    },
    "_children": [
      {
        "__id__": 114
      }
    ],
    "_active": true,
    "_components": [],
    "_prefab": {
      "__id__": 120
    },
    "_lpos": {
      "__type__": "cc.Vec3",
      "x": 0.0120178889483213,
      "y": 9.53674295089968e-9,
      "z": -1.78813930329369e-9
    },
    "_lrot": {
      "__type__": "cc.Quat",
      "x": -0.00007926918449612727,
      "y": -0.045842843981848576,
      "z": -0.12315401163292006,
      "w": 0.9913281579733175
    },
    "_lscale": {
      "__type__": "cc.Vec3",
      "x": 1.00000011920929,
      "y": 0.99999988079071,
      "z": 1
    },
    "_layer": 1073741824,
    "_euler": {
      "__type__": "cc.Vec3",
      "x": -0.6764465668799341,
      "y": -5.3792359555543365,
      "z": -14.132482046376852
    },
    "_id": ""
  },
  {
    "__type__": "cc.Node",
    "_name": "Bone015",
    "_objFlags": 0,
    "_parent": {
      "__id__": 113
    },
    "_children": [
      {
        "__id__": 115
      }
    ],
    "_active": true,
    "_components": [],
    "_prefab": {
      "__id__": 119
    },
    "_lpos": {
      "__type__": "cc.Vec3",
      "x": 0.0159172918647528,
      "y": 0,
      "z": 2.38418573772492e-9
    },
    "_lrot": {
      "__type__": "cc.Quat",
      "x": 0.02281090751602828,
      "y": -0.09764507190995876,
      "z": -0.005728639532072967,
      "w": 0.9949433577441008
    },
    "_lscale": {
      "__type__": "cc.Vec3",
      "x": 0.999999940395355,
      "y": 1,
      "z": 1.00000011920929
    },
    "_layer": 1073741824,
    "_euler": {
      "__type__": "cc.Vec3",
      "x": 2.5377687811349747,
      "y": -11.190147892989833,
      "z": -0.908410452013703
    },
    "_id": ""
  },
  {
    "__type__": "cc.Node",
    "_name": "Bone016",
    "_objFlags": 0,
    "_parent": {
      "__id__": 114
    },
    "_children": [
      {
        "__id__": 116
      }
    ],
    "_active": true,
    "_components": [],
    "_prefab": {
      "__id__": 118
    },
    "_lpos": {
      "__type__": "cc.Vec3",
      "x": 0.017114195972681,
      "y": 9.53674295089968e-9,
      "z": 4.44089199923895e-18
    },
    "_lrot": {
      "__type__": "cc.Quat",
      "x": -0.08889444389713774,
      "y": 0.11791464229616451,
      "z": -0.03523229148694033,
      "w": 0.9884091261279236
    },
    "_lscale": {
      "__type__": "cc.Vec3",
      "x": 1.00000035762787,
      "y": 1.00000035762787,
      "z": 1
    },
    "_layer": 1073741824,
    "_euler": {
      "__type__": "cc.Vec3",
      "x": -9.678001614860316,
      "y": 13.16575196638949,
      "z": -5.198801585872994
    },
    "_id": ""
  },
  {
    "__type__": "cc.Node",
    "_name": "Bone017",
    "_objFlags": 0,
    "_parent": {
      "__id__": 115
    },
    "_children": [],
    "_active": true,
    "_components": [],
    "_prefab": {
      "__id__": 117
    },
    "_lpos": {
      "__type__": "cc.Vec3",
      "x": 0.0160191524773836,
      "y": 4.76837147544984e-9,
      "z": -2.38418573772492e-9
    },
    "_lrot": {
      "__type__": "cc.Quat",
      "x": 0.03325000416532017,
      "y": -0.29314193228462204,
      "z": 0.013255831830232689,
      "w": 0.9553986223990135
    },
    "_lscale": {
      "__type__": "cc.Vec3",
      "x": 1,
      "y": 1,
      "z": 1
    },
    "_layer": 1073741824,
    "_euler": {
      "__type__": "cc.Vec3",
      "x": 4.089055290881447,
      "y": -34.12677259985648,
      "z": 0.3343380115254275
    },
    "_id": ""
  },
  {
    "__type__": "cc.PrefabInfo",
    "root": {
      "__id__": 1
    },
    "asset": {
      "__id__": 0
    },
    "fileId": "c99LPsbllQXavle/zrE254"
  },
  {
    "__type__": "cc.PrefabInfo",
    "root": {
      "__id__": 1
    },
    "asset": {
      "__id__": 0
    },
    "fileId": "bcdMXPmBJfca05AI6JTs+C"
  },
  {
    "__type__": "cc.PrefabInfo",
    "root": {
      "__id__": 1
    },
    "asset": {
      "__id__": 0
    },
    "fileId": "6dNg/HZCRVZY6yssef+0Mj"
  },
  {
    "__type__": "cc.PrefabInfo",
    "root": {
      "__id__": 1
    },
    "asset": {
      "__id__": 0
    },
    "fileId": "d1L/+q0xtVI7miifMSBaZv"
  },
  {
    "__type__": "cc.PrefabInfo",
    "root": {
      "__id__": 1
    },
    "asset": {
      "__id__": 0
    },
    "fileId": "90uw6z+ahfqKPkXiwF1Dgk"
  },
  {
    "__type__": "cc.Node",
    "_name": "Bone001",
    "_objFlags": 0,
    "_parent": {
      "__id__": 7
    },
    "_children": [
      {
        "__id__": 123
      }
    ],
    "_active": true,
    "_components": [],
    "_prefab": {
      "__id__": 135
    },
    "_lpos": {
      "__type__": "cc.Vec3",
      "x": 0.0173240080475807,
      "y": -0.0105658080428839,
      "z": -2.02655794367956e-8
    },
    "_lrot": {
      "__type__": "cc.Quat",
      "x": -0.26811209291861093,
      "y": 0.9628549207705418,
      "z": 0.0068772328011397965,
      "w": 0.03128914904171522
    },
    "_lscale": {
      "__type__": "cc.Vec3",
      "x": 1.00000011920929,
      "y": 1.00000011920929,
      "z": 1
    },
    "_layer": 1073741824,
    "_euler": {
      "__type__": "cc.Vec3",
      "x": -2.0083273377787405,
      "y": 175.7194485748497,
      "z": -31.05600800849342
    },
    "_id": ""
  },
  {
    "__type__": "cc.Node",
    "_name": "Bone002",
    "_objFlags": 0,
    "_parent": {
      "__id__": 122
    },
    "_children": [
      {
        "__id__": 124
      }
    ],
    "_active": true,
    "_components": [],
    "_prefab": {
      "__id__": 134
    },
    "_lpos": {
      "__type__": "cc.Vec3",
      "x": 0.0109487818554044,
      "y": 0,
      "z": 2.38418573772492e-9
    },
    "_lrot": {
      "__type__": "cc.Quat",
      "x": -0.001902836281845305,
      "y": 0.04306481831404115,
      "z": 0.10616172980249247,
      "w": 0.9934140565559789
    },
    "_lscale": {
      "__type__": "cc.Vec3",
      "x": 1,
      "y": 1,
      "z": 1
    },
    "_layer": 1073741824,
    "_euler": {
      "__type__": "cc.Vec3",
      "x": -0.7575445512950495,
      "y": 5.045211051333761,
      "z": 12.166965325949368
    },
    "_id": ""
  },
  {
    "__type__": "cc.Node",
    "_name": "Bone003",
    "_objFlags": 0,
    "_parent": {
      "__id__": 123
    },
    "_children": [
      {
        "__id__": 125
      }
    ],
    "_active": true,
    "_components": [],
    "_prefab": {
      "__id__": 133
    },
    "_lpos": {
      "__type__": "cc.Vec3",
      "x": 0.0214635375887156,
      "y": 4.76837147544984e-9,
      "z": -1.19209286886246e-9
    },
    "_lrot": {
      "__type__": "cc.Quat",
      "x": 0.003679022689979167,
      "y": 0.04100935196073319,
      "z": 0.03079648900953406,
      "w": 0.9986772622366511
    },
    "_lscale": {
      "__type__": "cc.Vec3",
      "x": 1.00000023841858,
      "y": 1.00000023841858,
      "z": 1
    },
    "_layer": 1073741824,
    "_euler": {
      "__type__": "cc.Vec3",
      "x": 0.27683502869614834,
      "y": 4.694343342889606,
      "z": 3.543897897141813
    },
    "_id": ""
  },
  {
    "__type__": "cc.Node",
    "_name": "Bone004",
    "_objFlags": 0,
    "_parent": {
      "__id__": 124
    },
    "_children": [
      {
        "__id__": 126
      }
    ],
    "_active": true,
    "_components": [],
    "_prefab": {
      "__id__": 132
    },
    "_lpos": {
      "__type__": "cc.Vec3",
      "x": 0.0237103216350079,
      "y": 0,
      "z": 2.98023217215615e-10
    },
    "_lrot": {
      "__type__": "cc.Quat",
      "x": -0.00307764826943814,
      "y": -0.0032749291612782934,
      "z": 0.010551634909189218,
      "w": 0.9999342307976368
    },
    "_lscale": {
      "__type__": "cc.Vec3",
      "x": 0.999999821186066,
      "y": 0.999999821186066,
      "z": 1
    },
    "_layer": 1073741824,
    "_euler": {
      "__type__": "cc.Vec3",
      "x": -0.3487694709957731,
      "y": -0.3716187961773262,
      "z": 1.210293753517288
    },
    "_id": ""
  },
  {
    "__type__": "cc.Node",
    "_name": "Bone005",
    "_objFlags": 0,
    "_parent": {
      "__id__": 125
    },
    "_children": [
      {
        "__id__": 127
      }
    ],
    "_active": true,
    "_components": [],
    "_prefab": {
      "__id__": 131
    },
    "_lpos": {
      "__type__": "cc.Vec3",
      "x": 0.023760786280036,
      "y": 4.76837147544984e-9,
      "z": 0
    },
    "_lrot": {
      "__type__": "cc.Quat",
      "x": -0.0006812583214652883,
      "y": -0.10306335847659356,
      "z": 0.019381114953524486,
      "w": 0.9944857225771434
    },
    "_lscale": {
      "__type__": "cc.Vec3",
      "x": 0.999999701976776,
      "y": 0.999999701976776,
      "z": 1
    },
    "_layer": 1073741824,
    "_euler": {
      "__type__": "cc.Vec3",
      "x": 0.151372202634811,
      "y": -11.83636227717042,
      "z": 2.2172646232682727
    },
    "_id": ""
  },
  {
    "__type__": "cc.Node",
    "_name": "Bone006",
    "_objFlags": 0,
    "_parent": {
      "__id__": 126
    },
    "_children": [
      {
        "__id__": 128
      }
    ],
    "_active": true,
    "_components": [],
    "_prefab": {
      "__id__": 130
    },
    "_lpos": {
      "__type__": "cc.Vec3",
      "x": 0.0272344946861267,
      "y": 1.90734851912566e-7,
      "z": 2.38418573772492e-9
    },
    "_lrot": {
      "__type__": "cc.Quat",
      "x": -0.0024336530502445967,
      "y": -0.1548091658805396,
      "z": -0.01022499545825599,
      "w": 0.9878884800219514
    },
    "_lscale": {
      "__type__": "cc.Vec3",
      "x": 1.00000035762787,
      "y": 1.00000035762787,
      "z": 1
    },
    "_layer": 1073741824,
    "_euler": {
      "__type__": "cc.Vec3",
      "x": -0.4569793800415768,
      "y": -17.81689356617564,
      "z": -1.1144048114090175
    },
    "_id": ""
  },
  {
    "__type__": "cc.Node",
    "_name": "Bone007",
    "_objFlags": 0,
    "_parent": {
      "__id__": 127
    },
    "_children": [],
    "_active": true,
    "_components": [],
    "_prefab": {
      "__id__": 129
    },
    "_lpos": {
      "__type__": "cc.Vec3",
      "x": 0.0267726462334394,
      "y": 1.90734859017994e-8,
      "z": 1.19209286886246e-9
    },
    "_lrot": {
      "__type__": "cc.Quat",
      "x": -0.00034179150409170087,
      "y": 0.030835934945343726,
      "z": -0.0005193247191733985,
      "w": 0.9995242661368707
    },
    "_lscale": {
      "__type__": "cc.Vec3",
      "x": 1,
      "y": 1,
      "z": 1
    },
    "_layer": 1073741824,
    "_euler": {
      "__type__": "cc.Vec3",
      "x": -0.03731275853575158,
      "y": 3.534079001181544,
      "z": -0.06068966274814117
    },
    "_id": ""
  },
  {
    "__type__": "cc.PrefabInfo",
    "root": {
      "__id__": 1
    },
    "asset": {
      "__id__": 0
    },
    "fileId": "d4DBFHMxZUrbV4R4uq+fH+"
  },
  {
    "__type__": "cc.PrefabInfo",
    "root": {
      "__id__": 1
    },
    "asset": {
      "__id__": 0
    },
    "fileId": "ecEb0M8UVd155E6DzuSng4"
  },
  {
    "__type__": "cc.PrefabInfo",
    "root": {
      "__id__": 1
    },
    "asset": {
      "__id__": 0
    },
    "fileId": "6a4KBqs7lU9LCdsZdvpqoQ"
  },
  {
    "__type__": "cc.PrefabInfo",
    "root": {
      "__id__": 1
    },
    "asset": {
      "__id__": 0
    },
    "fileId": "b3oOeNR21RCZsKO4VQ9oAG"
  },
  {
    "__type__": "cc.PrefabInfo",
    "root": {
      "__id__": 1
    },
    "asset": {
      "__id__": 0
    },
    "fileId": "29YNcZBKlY96Ds7/xiToeH"
  },
  {
    "__type__": "cc.PrefabInfo",
    "root": {
      "__id__": 1
    },
    "asset": {
      "__id__": 0
    },
    "fileId": "76wbGc8WRcAJSOPCPKnzuu"
  },
  {
    "__type__": "cc.PrefabInfo",
    "root": {
      "__id__": 1
    },
    "asset": {
      "__id__": 0
    },
    "fileId": "8c51eoZ1Nf5L1oRtqg2r9e"
  },
  {
    "__type__": "cc.PrefabInfo",
    "root": {
      "__id__": 1
    },
    "asset": {
      "__id__": 0
    },
    "fileId": "69G2dM6D9bz4IZITNbGGRS"
  },
  {
    "__type__": "cc.PrefabInfo",
    "root": {
      "__id__": 1
    },
    "asset": {
      "__id__": 0
    },
    "fileId": "fcH3NeEK9QLbLKa3hAdFD5"
  },
  {
    "__type__": "cc.Node",
    "_name": "Bip001 L Thigh",
    "_objFlags": 0,
    "_parent": {
      "__id__": 5
    },
    "_children": [
      {
        "__id__": 139
      }
    ],
    "_active": true,
    "_components": [],
    "_prefab": {
      "__id__": 145
    },
    "_lpos": {
      "__type__": "cc.Vec3",
      "x": -0.00760173797607422,
      "y": -0.00159595720469952,
      "z": 0.00963149685412645
    },
    "_lrot": {
      "__type__": "cc.Quat",
      "x": 0.29202464254187976,
      "y": 0.9287917027885386,
      "z": 0.15510068850441483,
      "w": -0.16736593860433666
    },
    "_lscale": {
      "__type__": "cc.Vec3",
      "x": 0.99999988079071,
      "y": 0.999999940395355,
      "z": 1
    },
    "_layer": 1073741824,
    "_euler": {
      "__type__": "cc.Vec3",
      "x": -26.282594031176668,
      "y": -152.56617069084112,
      "z": 29.376276677141288
    },
    "_id": ""
  },
  {
    "__type__": "cc.Node",
    "_name": "Bip001 L Calf",
    "_objFlags": 0,
    "_parent": {
      "__id__": 138
    },
    "_children": [
      {
        "__id__": 140
      }
    ],
    "_active": true,
    "_components": [],
    "_prefab": {
      "__id__": 144
    },
    "_lpos": {
      "__type__": "cc.Vec3",
      "x": 0.0380643978714943,
      "y": 0,
      "z": 2.38418573772492e-9
    },
    "_lrot": {
      "__type__": "cc.Quat",
      "x": 4.2110545176883177e-17,
      "y": -2.8612897789821814e-18,
      "z": -0.23088920725245227,
      "w": 0.9729800480864622
    },
    "_lscale": {
      "__type__": "cc.Vec3",
      "x": 1.00000023841858,
      "y": 1.00000011920929,
      "z": 1
    },
    "_layer": 1073741824,
    "_euler": {
      "__type__": "cc.Vec3",
      "x": 5.170724910207172e-15,
      "y": 8.900335834657207e-16,
      "z": -26.698857474003855
    },
    "_id": ""
  },
  {
    "__type__": "cc.Node",
    "_name": "Bip001 L Foot",
    "_objFlags": 0,
    "_parent": {
      "__id__": 139
    },
    "_children": [
      {
        "__id__": 141
      }
    ],
    "_active": true,
    "_components": [],
    "_prefab": {
      "__id__": 143
    },
    "_lpos": {
      "__type__": "cc.Vec3",
      "x": 0.0413631536066532,
      "y": -2.38418573772492e-9,
      "z": 0
    },
    "_lrot": {
      "__type__": "cc.Quat",
      "x": -0.10642030105508943,
      "y": -0.0052324170322513635,
      "z": -0.061368189840995804,
      "w": 0.9924118533204773
    },
    "_lscale": {
      "__type__": "cc.Vec3",
      "x": 0.99999988079071,
      "y": 0.999999821186066,
      "z": 1
    },
    "_layer": 1073741824,
    "_euler": {
      "__type__": "cc.Vec3",
      "x": -12.323311115196601,
      "y": -1.3534364875794418,
      "z": -6.932005014071366
    },
    "_id": ""
  },
  {
    "__type__": "cc.Node",
    "_name": "Bip001 L Toe0",
    "_objFlags": 0,
    "_parent": {
      "__id__": 140
    },
    "_children": [],
    "_active": true,
    "_components": [],
    "_prefab": {
      "__id__": 142
    },
    "_lpos": {
      "__type__": "cc.Vec3",
      "x": 0.0137450965121388,
      "y": 0.0128078740090132,
      "z": 1.19209286886246e-9
    },
    "_lrot": {
      "__type__": "cc.Quat",
      "x": -8.916683935036874e-7,
      "y": -7.625953474862482e-7,
      "z": 0.7071074964414487,
      "w": 0.7071060659299493
    },
    "_lscale": {
      "__type__": "cc.Vec3",
      "x": 1,
      "y": 1.00000011920929,
      "z": 1
    },
    "_layer": 1073741824,
    "_euler": {
      "__type__": "cc.Vec3",
      "x": 0,
      "y": -0.00014450119475571216,
      "z": 90
    },
    "_id": ""
  },
  {
    "__type__": "cc.PrefabInfo",
    "root": {
      "__id__": 1
    },
    "asset": {
      "__id__": 0
    },
    "fileId": "9aO7vjRTZWZrCzKOMdk6DM"
  },
  {
    "__type__": "cc.PrefabInfo",
    "root": {
      "__id__": 1
    },
    "asset": {
      "__id__": 0
    },
    "fileId": "9dFDcT3btfEYI6EmpH960c"
  },
  {
    "__type__": "cc.PrefabInfo",
    "root": {
      "__id__": 1
    },
    "asset": {
      "__id__": 0
    },
    "fileId": "abyDYnfoZXbYGS8qRkWFNT"
  },
  {
    "__type__": "cc.PrefabInfo",
    "root": {
      "__id__": 1
    },
    "asset": {
      "__id__": 0
    },
    "fileId": "cbuImXQVdckbRDtSqMOBMs"
  },
  {
    "__type__": "cc.Node",
    "_name": "Bip001 R Thigh",
    "_objFlags": 0,
    "_parent": {
      "__id__": 5
    },
    "_children": [
      {
        "__id__": 147
      }
    ],
    "_active": true,
    "_components": [],
    "_prefab": {
      "__id__": 153
    },
    "_lpos": {
      "__type__": "cc.Vec3",
      "x": -0.00988369900733232,
      "y": 0.00238154851831496,
      "z": -0.0070579182356596
    },
    "_lrot": {
      "__type__": "cc.Quat",
      "x": 0.04510946070842651,
      "y": 0.9630092108201221,
      "z": 0.2649013324643607,
      "w": 0.0201415115819762
    },
    "_lscale": {
      "__type__": "cc.Vec3",
      "x": 0.999999761581421,
      "y": 1.00000011920929,
      "z": 1.00000011920929
    },
    "_layer": 1073741824,
    "_euler": {
      "__type__": "cc.Vec3",
      "x": -30.71874134424454,
      "y": 179.14252585852964,
      "z": 5.598260167158008
    },
    "_id": ""
  },
  {
    "__type__": "cc.Node",
    "_name": "Bip001 R Calf",
    "_objFlags": 0,
    "_parent": {
      "__id__": 146
    },
    "_children": [
      {
        "__id__": 148
      }
    ],
    "_active": true,
    "_components": [],
    "_prefab": {
      "__id__": 152
    },
    "_lpos": {
      "__type__": "cc.Vec3",
      "x": 0.038064394146204,
      "y": 0,
      "z": 1.19209286886246e-9
    },
    "_lrot": {
      "__type__": "cc.Quat",
      "x": 5.6265746901762704e-18,
      "y": -5.341064206169077e-18,
      "z": -0.29143282423831607,
      "w": 0.9565912967179236
    },
    "_lscale": {
      "__type__": "cc.Vec3",
      "x": 1,
      "y": 1,
      "z": 1
    },
    "_layer": 1073741824,
    "_euler": {
      "__type__": "cc.Vec3",
      "x": 5.281089006512335e-16,
      "y": -4.7892198830727e-16,
      "z": -33.88751320840576
    },
    "_id": ""
  },
  {
    "__type__": "cc.Node",
    "_name": "Bip001 R Foot",
    "_objFlags": 0,
    "_parent": {
      "__id__": 147
    },
    "_children": [
      {
        "__id__": 149
      }
    ],
    "_active": true,
    "_components": [],
    "_prefab": {
      "__id__": 151
    },
    "_lpos": {
      "__type__": "cc.Vec3",
      "x": 0.0413631610572338,
      "y": 7.15255721317476e-9,
      "z": 1.19209286886246e-9
    },
    "_lrot": {
      "__type__": "cc.Quat",
      "x": -0.009241425174127915,
      "y": 0.045207126665981937,
      "z": 0.3047529969920693,
      "w": 0.9513130518308412
    },
    "_lscale": {
      "__type__": "cc.Vec3",
      "x": 0.999999821186066,
      "y": 0.999999642372131,
      "z": 0.99999988079071
    },
    "_layer": 1073741824,
    "_euler": {
      "__type__": "cc.Vec3",
      "x": -3.173536458161102,
      "y": 6.453809829542261,
      "z": 35.379918968806756
    },
    "_id": ""
  },
  {
    "__type__": "cc.Node",
    "_name": "Bip001 R Toe0",
    "_objFlags": 0,
    "_parent": {
      "__id__": 148
    },
    "_children": [],
    "_active": true,
    "_components": [],
    "_prefab": {
      "__id__": 150
    },
    "_lpos": {
      "__type__": "cc.Vec3",
      "x": 0.0137450965121388,
      "y": 0.012807872146368,
      "z": -1.19209286886246e-9
    },
    "_lrot": {
      "__type__": "cc.Quat",
      "x": -0.014079500763785365,
      "y": 0.014078997849600684,
      "z": 0.7069670478998908,
      "w": 0.7069661538302289
    },
    "_lscale": {
      "__type__": "cc.Vec3",
      "x": 0.999999940395355,
      "y": 1,
      "z": 1
    },
    "_layer": 1073741824,
    "_euler": {
      "__type__": "cc.Vec3",
      "x": -90.00183959618154,
      "y": 90.00179883773531,
      "z": 87.7182091957739
    },
    "_id": ""
  },
  {
    "__type__": "cc.PrefabInfo",
    "root": {
      "__id__": 1
    },
    "asset": {
      "__id__": 0
    },
    "fileId": "e7fDT9TBpeFq8GsnwNPBBN"
  },
  {
    "__type__": "cc.PrefabInfo",
    "root": {
      "__id__": 1
    },
    "asset": {
      "__id__": 0
    },
    "fileId": "8ensQiKI1UdoqRHxM2EpGA"
  },
  {
    "__type__": "cc.PrefabInfo",
    "root": {
      "__id__": 1
    },
    "asset": {
      "__id__": 0
    },
    "fileId": "d240eU3gpfAYYDgZf4/EXt"
  },
  {
    "__type__": "cc.PrefabInfo",
    "root": {
      "__id__": 1
    },
    "asset": {
      "__id__": 0
    },
    "fileId": "1bhlTWLT1VprumyPw3oprv"
  },
  {
    "__type__": "cc.PrefabInfo",
    "root": {
      "__id__": 1
    },
    "asset": {
      "__id__": 0
    },
    "fileId": "b9AfAtGL1enrQIpYNNy5Of"
  },
  {
    "__type__": "cc.PrefabInfo",
    "root": {
      "__id__": 1
    },
    "asset": {
      "__id__": 0
    },
    "fileId": "f6RCxH0EFUtrY0rdRU2bak"
  },
  {
    "__type__": "cc.PrefabInfo",
    "root": {
      "__id__": 1
    },
    "asset": {
      "__id__": 0
    },
    "fileId": "08G1VFTilesIt0onouUbSM"
  },
  {
    "__type__": "cc.PrefabInfo",
    "root": {
      "__id__": 1
    },
    "asset": {
      "__id__": 0
    },
    "fileId": "cdcRRcya1fgowfLzyBPtQV"
  },
  {
    "__type__": "cc.Animation",
    "_name": "",
    "_objFlags": 0,
    "node": {
      "__id__": 1
    },
    "_enabled": true,
    "__prefab": {
      "__id__": 159
    },
    "playOnLoad": false,
    "_clips": [
      {
        "__uuid__": "2d1ba026-5383-422e-a6c0-b650eedf897d@272b2",
        "__expectedType__": "cc.AnimationClip"
      }
    ],
    "_defaultClip": {
      "__uuid__": "2d1ba026-5383-422e-a6c0-b650eedf897d@272b2",
      "__expectedType__": "cc.AnimationClip"
    },
    "_id": ""
  },
  {
    "__type__": "cc.CompPrefabInfo",
    "fileId": "a30PXnij1UBrszmIdKF401"
  },
  {
    "__type__": "cc.PrefabInfo",
    "root": {
      "__id__": 1
    },
    "asset": {
      "__id__": 0
    },
    "fileId": "beadgVvV9aKokKfmOrc1Sb"
  }
]