[
  {
    "__type__": "cc.Prefab",
    "_name": "",
    "_objFlags": 0,
    "_native": "",
    "data": {
      "__id__": 1
    },
    "optimizationPolicy": 0
  },
  {
    "__type__": "cc.Node",
    "_name": "@BattleRun",
    "_objFlags": 0,
    "_parent": null,
    "_children": [
      {
        "__id__": 2
      }
    ],
    "_active": true,
    "_components": [
      {
        "__id__": 158
      }
    ],
    "_prefab": {
      "__id__": 160
    },
    "_lpos": {
      "__type__": "cc.Vec3",
      "x": 0,
      "y": 0,
      "z": 0
    },
    "_lrot": {
      "__type__": "cc.Quat",
      "x": 0,
      "y": 0,
      "z": 0,
      "w": 1
    },
    "_lscale": {
      "__type__": "cc.Vec3",
      "x": 1,
      "y": 1,
      "z": 1
    },
    "_layer": 1073741824,
    "_euler": {
      "__type__": "cc.Vec3",
      "x": 0,
      "y": 0,
      "z": 0
    },
    "_id": ""
  },
  {
    "__type__": "cc.Node",
    "_name": "RootNode",
    "_objFlags": 0,
    "_parent": {
      "__id__": 1
    },
    "_children": [
      {
        "__id__": 3
      }
    ],
    "_active": true,
    "_components": [],
    "_prefab": {
      "__id__": 157
    },
    "_lpos": {
      "__type__": "cc.Vec3",
      "x": 0,
      "y": 0,
      "z": 0
    },
    "_lrot": {
      "__type__": "cc.Quat",
      "x": 0,
      "y": 0,
      "z": 0,
      "w": 1
    },
    "_lscale": {
      "__type__": "cc.Vec3",
      "x": 1,
      "y": 1,
      "z": 1
    },
    "_layer": 1073741824,
    "_euler": {
      "__type__": "cc.Vec3",
      "x": 0,
      "y": 0,
      "z": 0
    },
    "_id": ""
  },
  {
    "__type__": "cc.Node",
    "_name": "Bip001",
    "_objFlags": 0,
    "_parent": {
      "__id__": 2
    },
    "_children": [
      {
        "__id__": 4
      }
    ],
    "_active": true,
    "_components": [],
    "_prefab": {
      "__id__": 156
    },
    "_lpos": {
      "__type__": "cc.Vec3",
      "x": 0,
      "y": 0.897493124008179,
      "z": 0
    },
    "_lrot": {
      "__type__": "cc.Quat",
      "x": -0.30791506449139916,
      "y": -0.3727646801737552,
      "z": -0.6365436969035168,
      "w": 0.6008718067996026
    },
    "_lscale": {
      "__type__": "cc.Vec3",
      "x": 10,
      "y": 9.99999904632568,
      "z": 10
    },
    "_layer": 1073741824,
    "_euler": {
      "__type__": "cc.Vec3",
      "x": -89.9999409820613,
      "y": -95.99988714854894,
      "z": -32.3712189715018
    },
    "_id": ""
  },
  {
    "__type__": "cc.Node",
    "_name": "Bip001 Pelvis",
    "_objFlags": 0,
    "_parent": {
      "__id__": 3
    },
    "_children": [
      {
        "__id__": 5
      }
    ],
    "_active": true,
    "_components": [],
    "_prefab": {
      "__id__": 155
    },
    "_lpos": {
      "__type__": "cc.Vec3",
      "x": 0,
      "y": 0,
      "z": 0
    },
    "_lrot": {
      "__type__": "cc.Quat",
      "x": 0.5253516396249993,
      "y": 0.41431319403079975,
      "z": 0.5661181765089531,
      "w": -0.4815188908251677
    },
    "_lscale": {
      "__type__": "cc.Vec3",
      "x": 1,
      "y": 1.00000011920929,
      "z": 1.00000011920929
    },
    "_layer": 1073741824,
    "_euler": {
      "__type__": "cc.Vec3",
      "x": -101.19470446680342,
      "y": -89.09438727123823,
      "z": -6.3079923967114615
    },
    "_id": ""
  },
  {
    "__type__": "cc.Node",
    "_name": "Bip001 Spine",
    "_objFlags": 0,
    "_parent": {
      "__id__": 4
    },
    "_children": [
      {
        "__id__": 6
      },
      {
        "__id__": 138
      },
      {
        "__id__": 146
      }
    ],
    "_active": true,
    "_components": [],
    "_prefab": {
      "__id__": 154
    },
    "_lpos": {
      "__type__": "cc.Vec3",
      "x": 0.00872818939387798,
      "y": 0.000841689063236117,
      "z": 0.00115461018867791
    },
    "_lrot": {
      "__type__": "cc.Quat",
      "x": -0.14629708095684893,
      "y": -0.0646185794478652,
      "z": -0.009841562158077874,
      "w": 0.9870788960098043
    },
    "_lscale": {
      "__type__": "cc.Vec3",
      "x": 1.00000011920929,
      "y": 1.00000011920929,
      "z": 1
    },
    "_layer": 1073741824,
    "_euler": {
      "__type__": "cc.Vec3",
      "x": -16.863072297217734,
      "y": -7.495416181691549,
      "z": -0.029895651235577768
    },
    "_id": ""
  },
  {
    "__type__": "cc.Node",
    "_name": "Bip001 Spine1",
    "_objFlags": 0,
    "_parent": {
      "__id__": 5
    },
    "_children": [
      {
        "__id__": 7
      }
    ],
    "_active": true,
    "_components": [],
    "_prefab": {
      "__id__": 137
    },
    "_lpos": {
      "__type__": "cc.Vec3",
      "x": 0.0117084309458733,
      "y": -0.00000927925066207536,
      "z": 3.17096692015184e-7
    },
    "_lrot": {
      "__type__": "cc.Quat",
      "x": -0.016876235796714805,
      "y": 0.0010034093980536866,
      "z": 0.0056629446980845195,
      "w": 0.9998410458129132
    },
    "_lscale": {
      "__type__": "cc.Vec3",
      "x": 1,
      "y": 0.999999940395355,
      "z": 0.99999988079071
    },
    "_layer": 1073741824,
    "_euler": {
      "__type__": "cc.Vec3",
      "x": -1.934708841831874,
      "y": 0.12592352013683794,
      "z": 0.6468957883648262
    },
    "_id": ""
  },
  {
    "__type__": "cc.Node",
    "_name": "Bip001 Spine2",
    "_objFlags": 0,
    "_parent": {
      "__id__": 6
    },
    "_children": [
      {
        "__id__": 8
      },
      {
        "__id__": 100
      },
      {
        "__id__": 112
      },
      {
        "__id__": 122
      }
    ],
    "_active": true,
    "_components": [],
    "_prefab": {
      "__id__": 136
    },
    "_lpos": {
      "__type__": "cc.Vec3",
      "x": 0.0116712190210819,
      "y": -0.0000144958494274761,
      "z": 9.84668758974294e-7
    },
    "_lrot": {
      "__type__": "cc.Quat",
      "x": -0.033747091127725524,
      "y": 0.002006464825361638,
      "z": 0.011324095284169227,
      "w": 0.9993642343036481
    },
    "_lscale": {
      "__type__": "cc.Vec3",
      "x": 1.00000011920929,
      "y": 1.00000011920929,
      "z": 1.00000023841858
    },
    "_layer": 1073741824,
    "_euler": {
      "__type__": "cc.Vec3",
      "x": -3.8712007122839776,
      "y": 0.2736398273165683,
      "z": 1.289170244180966
    },
    "_id": ""
  },
  {
    "__type__": "cc.Node",
    "_name": "Bip001 Neck",
    "_objFlags": 0,
    "_parent": {
      "__id__": 7
    },
    "_children": [
      {
        "__id__": 9
      },
      {
        "__id__": 47
      },
      {
        "__id__": 89
      }
    ],
    "_active": true,
    "_components": [],
    "_prefab": {
      "__id__": 99
    },
    "_lpos": {
      "__type__": "cc.Vec3",
      "x": 0.0232607368379831,
      "y": -0.00196439260616899,
      "z": -7.98702217252867e-7
    },
    "_lrot": {
      "__type__": "cc.Quat",
      "x": 0.10364576567498845,
      "y": -0.08263651391917487,
      "z": 0.09455813593740574,
      "w": 0.9866547120208642
    },
    "_lscale": {
      "__type__": "cc.Vec3",
      "x": 0.999999821186066,
      "y": 0.999999940395355,
      "z": 1
    },
    "_layer": 1073741824,
    "_euler": {
      "__type__": "cc.Vec3",
      "x": 12.907867581029432,
      "y": -10.681497456809137,
      "z": 9.756575618430642
    },
    "_id": ""
  },
  {
    "__type__": "cc.Node",
    "_name": "Bip001 L Clavicle",
    "_objFlags": 0,
    "_parent": {
      "__id__": 8
    },
    "_children": [
      {
        "__id__": 10
      }
    ],
    "_active": true,
    "_components": [],
    "_prefab": {
      "__id__": 46
    },
    "_lpos": {
      "__type__": "cc.Vec3",
      "x": -0.00449603050947189,
      "y": 0.00110713473986834,
      "z": 0.00585313327610493
    },
    "_lrot": {
      "__type__": "cc.Quat",
      "x": 0.577953286375732,
      "y": 0.28612491852692956,
      "z": 0.718740233987801,
      "w": 0.2598364982303497
    },
    "_lscale": {
      "__type__": "cc.Vec3",
      "x": 1.00000011920929,
      "y": 1,
      "z": 1.00000023841858
    },
    "_layer": 1073741824,
    "_euler": {
      "__type__": "cc.Vec3",
      "x": -171.0089637503426,
      "y": -106.10236071314692,
      "z": 44.76846517025058
    },
    "_id": ""
  },
  {
    "__type__": "cc.Node",
    "_name": "Bip001 L UpperArm",
    "_objFlags": 0,
    "_parent": {
      "__id__": 9
    },
    "_children": [
      {
        "__id__": 11
      }
    ],
    "_active": true,
    "_components": [],
    "_prefab": {
      "__id__": 45
    },
    "_lpos": {
      "__type__": "cc.Vec3",
      "x": 0.0112501522526145,
      "y": 0,
      "z": 0
    },
    "_lrot": {
      "__type__": "cc.Quat",
      "x": 0.2110996867994646,
      "y": -0.04370882042625173,
      "z": -0.3768370197237097,
      "w": 0.9008442272756516
    },
    "_lscale": {
      "__type__": "cc.Vec3",
      "x": 1,
      "y": 1.00000023841858,
      "z": 1.00000011920929
    },
    "_layer": 1073741824,
    "_euler": {
      "__type__": "cc.Vec3",
      "x": 28.99431013066091,
      "y": 6.437210805291059,
      "z": -44.21851578479229
    },
    "_id": ""
  },
  {
    "__type__": "cc.Node",
    "_name": "Bip001 L Forearm",
    "_objFlags": 0,
    "_parent": {
      "__id__": 10
    },
    "_children": [
      {
        "__id__": 12
      }
    ],
    "_active": true,
    "_components": [],
    "_prefab": {
      "__id__": 44
    },
    "_lpos": {
      "__type__": "cc.Vec3",
      "x": 0.0209654271602631,
      "y": 2.38418573772492e-9,
      "z": 0
    },
    "_lrot": {
      "__type__": "cc.Quat",
      "x": -3.462542612628538e-18,
      "y": 3.9099294831554334e-17,
      "z": -0.6419745554725587,
      "w": 0.7667259419934941
    },
    "_lscale": {
      "__type__": "cc.Vec3",
      "x": 0.999999821186066,
      "y": 1,
      "z": 0.99999988079071
    },
    "_layer": 1073741824,
    "_euler": {
      "__type__": "cc.Vec3",
      "x": 1.463612823067956e-14,
      "y": 1.8098345583850223e-14,
      "z": -79.8784304001183
    },
    "_id": ""
  },
  {
    "__type__": "cc.Node",
    "_name": "Bip001 L Hand",
    "_objFlags": 0,
    "_parent": {
      "__id__": 11
    },
    "_children": [
      {
        "__id__": 13
      },
      {
        "__id__": 19
      },
      {
        "__id__": 25
      },
      {
        "__id__": 31
      },
      {
        "__id__": 37
      }
    ],
    "_active": true,
    "_components": [],
    "_prefab": {
      "__id__": 43
    },
    "_lpos": {
      "__type__": "cc.Vec3",
      "x": 0.020224791020155,
      "y": 4.76837147544984e-9,
      "z": 0
    },
    "_lrot": {
      "__type__": "cc.Quat",
      "x": -0.8525702477730709,
      "y": 0.04734532229429587,
      "z": 0.020928914023055478,
      "w": 0.5200426651985675
    },
    "_lscale": {
      "__type__": "cc.Vec3",
      "x": 1,
      "y": 1,
      "z": 0.999999940395355
    },
    "_layer": 1073741824,
    "_euler": {
      "__type__": "cc.Vec3",
      "x": -117.09198913216375,
      "y": 4.880506340308953,
      "z": -3.380266965821843
    },
    "_id": ""
  },
  {
    "__type__": "cc.Node",
    "_name": "Bip001 L Finger0",
    "_objFlags": 0,
    "_parent": {
      "__id__": 12
    },
    "_children": [
      {
        "__id__": 14
      }
    ],
    "_active": true,
    "_components": [],
    "_prefab": {
      "__id__": 18
    },
    "_lpos": {
      "__type__": "cc.Vec3",
      "x": 0.00338959926739335,
      "y": 0.000751843443140388,
      "z": -0.00355530739761889
    },
    "_lrot": {
      "__type__": "cc.Quat",
      "x": 0.45717569202558894,
      "y": 0.49933158277595224,
      "z": -0.027026427328560455,
      "w": 0.7354780277406255
    },
    "_lscale": {
      "__type__": "cc.Vec3",
      "x": 0.999999761581421,
      "y": 1.00000011920929,
      "z": 0.999999940395355
    },
    "_layer": 1073741824,
    "_euler": {
      "__type__": "cc.Vec3",
      "x": 50.309503225345814,
      "y": 56.63837966213225,
      "z": 24.63334234478504
    },
    "_id": ""
  },
  {
    "__type__": "cc.Node",
    "_name": "Bip001 L Finger01",
    "_objFlags": 0,
    "_parent": {
      "__id__": 13
    },
    "_children": [
      {
        "__id__": 15
      }
    ],
    "_active": true,
    "_components": [],
    "_prefab": {
      "__id__": 17
    },
    "_lpos": {
      "__type__": "cc.Vec3",
      "x": 0.00378630636259913,
      "y": 0,
      "z": 2.38418573772492e-9
    },
    "_lrot": {
      "__type__": "cc.Quat",
      "x": 1.7403134636183137e-9,
      "y": 1.4944987596133482e-8,
      "z": 0.2615044139081333,
      "w": 0.9652022800980962
    },
    "_lscale": {
      "__type__": "cc.Vec3",
      "x": 1.00000011920929,
      "y": 1.00000011920929,
      "z": 1
    },
    "_layer": 1073741824,
    "_euler": {
      "__type__": "cc.Vec3",
      "x": -2.958174690570578e-7,
      "y": 0.0000018544579090253147,
      "z": 30.318694962424217
    },
    "_id": ""
  },
  {
    "__type__": "cc.Node",
    "_name": "Bip001 L Finger02",
    "_objFlags": 0,
    "_parent": {
      "__id__": 14
    },
    "_children": [],
    "_active": true,
    "_components": [],
    "_prefab": {
      "__id__": 16
    },
    "_lpos": {
      "__type__": "cc.Vec3",
      "x": 0.00310073141008615,
      "y": -1.77635679969558e-17,
      "z": 0
    },
    "_lrot": {
      "__type__": "cc.Quat",
      "x": -6.309667367546542e-9,
      "y": -7.797567816379413e-9,
      "z": 0.48815458334965345,
      "w": 0.872757184304275
    },
    "_lscale": {
      "__type__": "cc.Vec3",
      "x": 1,
      "y": 1,
      "z": 1
    },
    "_layer": 1073741824,
    "_euler": {
      "__type__": "cc.Vec3",
      "x": -3.722706033384744e-7,
      "y": -8.155875015713228e-7,
      "z": 58.43871939771109
    },
    "_id": ""
  },
  {
    "__type__": "cc.PrefabInfo",
    "root": {
      "__id__": 1
    },
    "asset": {
      "__id__": 0
    },
    "fileId": "03pnL3TcpWzZtGF0eXD6kR"
  },
  {
    "__type__": "cc.PrefabInfo",
    "root": {
      "__id__": 1
    },
    "asset": {
      "__id__": 0
    },
    "fileId": "3aJDU87G1WTqakJggOiMHs"
  },
  {
    "__type__": "cc.PrefabInfo",
    "root": {
      "__id__": 1
    },
    "asset": {
      "__id__": 0
    },
    "fileId": "36LLZBY1hX2pnU/qvVLavO"
  },
  {
    "__type__": "cc.Node",
    "_name": "Bip001 L Finger1",
    "_objFlags": 0,
    "_parent": {
      "__id__": 12
    },
    "_children": [
      {
        "__id__": 20
      }
    ],
    "_active": true,
    "_components": [],
    "_prefab": {
      "__id__": 24
    },
    "_lpos": {
      "__type__": "cc.Vec3",
      "x": 0.0100068254396319,
      "y": -0.0000837516781757586,
      "z": -0.00318699819035828
    },
    "_lrot": {
      "__type__": "cc.Quat",
      "x": -0.025882436051586244,
      "y": -0.028449371554957893,
      "z": 0.664779724977241,
      "w": 0.7460486914547518
    },
    "_lscale": {
      "__type__": "cc.Vec3",
      "x": 1.00000011920929,
      "y": 1,
      "z": 1
    },
    "_layer": 1073741824,
    "_euler": {
      "__type__": "cc.Vec3",
      "x": -0.39627870918596875,
      "y": -4.014527995584698,
      "z": 83.40798091395634
    },
    "_id": ""
  },
  {
    "__type__": "cc.Node",
    "_name": "Bip001 L Finger11",
    "_objFlags": 0,
    "_parent": {
      "__id__": 19
    },
    "_children": [
      {
        "__id__": 21
      }
    ],
    "_active": true,
    "_components": [],
    "_prefab": {
      "__id__": 23
    },
    "_lpos": {
      "__type__": "cc.Vec3",
      "x": 0.00425854185596108,
      "y": -1.19209286886246e-9,
      "z": -9.53674295089968e-9
    },
    "_lrot": {
      "__type__": "cc.Quat",
      "x": 5.131818188332264e-9,
      "y": 5.481143208958141e-9,
      "z": 0.6395757331361037,
      "w": 0.768728093400661
    },
    "_lscale": {
      "__type__": "cc.Vec3",
      "x": 1.00000023841858,
      "y": 1.00000023841858,
      "z": 1.00000011920929
    },
    "_layer": 1073741824,
    "_euler": {
      "__type__": "cc.Vec3",
      "x": 2.7680949680076846e-7,
      "y": 5.86751170637538e-7,
      "z": 79.52038051860599
    },
    "_id": ""
  },
  {
    "__type__": "cc.Node",
    "_name": "Bip001 L Finger12",
    "_objFlags": 0,
    "_parent": {
      "__id__": 20
    },
    "_children": [],
    "_active": true,
    "_components": [],
    "_prefab": {
      "__id__": 22
    },
    "_lpos": {
      "__type__": "cc.Vec3",
      "x": 0.00269486429169774,
      "y": 0,
      "z": 0
    },
    "_lrot": {
      "__type__": "cc.Quat",
      "x": -1.7564623690221234e-9,
      "y": 3.285213783449187e-9,
      "z": 0.47149674717297346,
      "w": 0.881867800413024
    },
    "_lscale": {
      "__type__": "cc.Vec3",
      "x": 0.999999940395355,
      "y": 0.999999940395355,
      "z": 1
    },
    "_layer": 1073741824,
    "_euler": {
      "__type__": "cc.Vec3",
      "x": -6.391951123407875e-7,
      "y": 7.686369602561365e-7,
      "z": 56.262995138472505
    },
    "_id": ""
  },
  {
    "__type__": "cc.PrefabInfo",
    "root": {
      "__id__": 1
    },
    "asset": {
      "__id__": 0
    },
    "fileId": "7cnY8lBR9VuInA6iKengX7"
  },
  {
    "__type__": "cc.PrefabInfo",
    "root": {
      "__id__": 1
    },
    "asset": {
      "__id__": 0
    },
    "fileId": "14LB/yPVlYF7vemse/n1Ud"
  },
  {
    "__type__": "cc.PrefabInfo",
    "root": {
      "__id__": 1
    },
    "asset": {
      "__id__": 0
    },
    "fileId": "e8f53MkLZXn4t0gEfW/gZj"
  },
  {
    "__type__": "cc.Node",
    "_name": "Bip001 L Finger2",
    "_objFlags": 0,
    "_parent": {
      "__id__": 12
    },
    "_children": [
      {
        "__id__": 26
      }
    ],
    "_active": true,
    "_components": [],
    "_prefab": {
      "__id__": 30
    },
    "_lpos": {
      "__type__": "cc.Vec3",
      "x": 0.00977932382375002,
      "y": -0.000283317553112283,
      "z": -0.000841693836264312
    },
    "_lrot": {
      "__type__": "cc.Quat",
      "x": -0.0699191760283322,
      "y": -0.02845408938612905,
      "z": 0.5987302629140532,
      "w": 0.7973855691518338
    },
    "_lscale": {
      "__type__": "cc.Vec3",
      "x": 1,
      "y": 1.00000011920929,
      "z": 1.00000011920929
    },
    "_layer": 1073741824,
    "_euler": {
      "__type__": "cc.Vec3",
      "x": -15.820523929152515,
      "y": 7.759484207829875,
      "z": 73.49939097862857
    },
    "_id": ""
  },
  {
    "__type__": "cc.Node",
    "_name": "Bip001 L Finger21",
    "_objFlags": 0,
    "_parent": {
      "__id__": 25
    },
    "_children": [
      {
        "__id__": 27
      }
    ],
    "_active": true,
    "_components": [],
    "_prefab": {
      "__id__": 29
    },
    "_lpos": {
      "__type__": "cc.Vec3",
      "x": 0.0044699190184474,
      "y": 2.38418573772492e-9,
      "z": 9.53674295089968e-9
    },
    "_lrot": {
      "__type__": "cc.Quat",
      "x": 1.7665620366124888e-10,
      "y": 5.265393013676162e-9,
      "z": 0.6829987768492012,
      "w": 0.730419517005464
    },
    "_lscale": {
      "__type__": "cc.Vec3",
      "x": 1.00000011920929,
      "y": 1,
      "z": 1
    },
    "_layer": 1073741824,
    "_euler": {
      "__type__": "cc.Vec3",
      "x": -0.0000059278263504567976,
      "y": 0.000006369035373166624,
      "z": 86.15684963974623
    },
    "_id": ""
  },
  {
    "__type__": "cc.Node",
    "_name": "Bip001 L Finger22",
    "_objFlags": 0,
    "_parent": {
      "__id__": 26
    },
    "_children": [],
    "_active": true,
    "_components": [],
    "_prefab": {
      "__id__": 28
    },
    "_lpos": {
      "__type__": "cc.Vec3",
      "x": 0.00304985162802041,
      "y": 4.44089199923895e-18,
      "z": -1.77635679969558e-17
    },
    "_lrot": {
      "__type__": "cc.Quat",
      "x": 2.3840465258233433e-9,
      "y": 4.698074393812419e-9,
      "z": 0.31058353316785564,
      "w": 0.9505460898478156
    },
    "_lscale": {
      "__type__": "cc.Vec3",
      "x": 0.999999940395355,
      "y": 0.999999940395355,
      "z": 1
    },
    "_layer": 1073741824,
    "_euler": {
      "__type__": "cc.Vec3",
      "x": 1.1458102681688108e-7,
      "y": 5.289303637507736e-7,
      "z": 36.18880083711086
    },
    "_id": ""
  },
  {
    "__type__": "cc.PrefabInfo",
    "root": {
      "__id__": 1
    },
    "asset": {
      "__id__": 0
    },
    "fileId": "e4wAsSUBBWBqJlP8CtmD+E"
  },
  {
    "__type__": "cc.PrefabInfo",
    "root": {
      "__id__": 1
    },
    "asset": {
      "__id__": 0
    },
    "fileId": "b6EuzTXv9UI75/+eQ77/Ed"
  },
  {
    "__type__": "cc.PrefabInfo",
    "root": {
      "__id__": 1
    },
    "asset": {
      "__id__": 0
    },
    "fileId": "fc8NuXK89TPIi6rv3QK/gl"
  },
  {
    "__type__": "cc.Node",
    "_name": "Bip001 L Finger3",
    "_objFlags": 0,
    "_parent": {
      "__id__": 12
    },
    "_children": [
      {
        "__id__": 32
      }
    ],
    "_active": true,
    "_components": [],
    "_prefab": {
      "__id__": 36
    },
    "_lpos": {
      "__type__": "cc.Vec3",
      "x": 0.00994964875280857,
      "y": -0.000171341889654286,
      "z": 0.00139930716250092
    },
    "_lrot": {
      "__type__": "cc.Quat",
      "x": -0.11096877779990504,
      "y": 0.008178007918122145,
      "z": 0.6388139229581238,
      "w": 0.7612725020483392
    },
    "_lscale": {
      "__type__": "cc.Vec3",
      "x": 1.00000011920929,
      "y": 1,
      "z": 1.00000011920929
    },
    "_layer": 1073741824,
    "_euler": {
      "__type__": "cc.Vec3",
      "x": -48.41364646794561,
      "y": 40.01569387457757,
      "z": 76.1218301351514
    },
    "_id": ""
  },
  {
    "__type__": "cc.Node",
    "_name": "Bip001 L Finger31",
    "_objFlags": 0,
    "_parent": {
      "__id__": 31
    },
    "_children": [
      {
        "__id__": 33
      }
    ],
    "_active": true,
    "_components": [],
    "_prefab": {
      "__id__": 35
    },
    "_lpos": {
      "__type__": "cc.Vec3",
      "x": 0.00389957171864808,
      "y": 0,
      "z": -1.77635679969558e-17
    },
    "_lrot": {
      "__type__": "cc.Quat",
      "x": 1.2290669581601965e-10,
      "y": -4.364529079834405e-9,
      "z": 0.5453950038397947,
      "w": 0.8381791513671706
    },
    "_lscale": {
      "__type__": "cc.Vec3",
      "x": 1,
      "y": 1,
      "z": 1
    },
    "_layer": 1073741824,
    "_euler": {
      "__type__": "cc.Vec3",
      "x": 7.025076960073495e-7,
      "y": -0.0000010538109636751647,
      "z": 66.10332188906222
    },
    "_id": ""
  },
  {
    "__type__": "cc.Node",
    "_name": "Bip001 L Finger32",
    "_objFlags": 0,
    "_parent": {
      "__id__": 32
    },
    "_children": [],
    "_active": true,
    "_components": [],
    "_prefab": {
      "__id__": 34
    },
    "_lpos": {
      "__type__": "cc.Vec3",
      "x": 0.00260700448416173,
      "y": 0,
      "z": 0
    },
    "_lrot": {
      "__type__": "cc.Quat",
      "x": 3.5410601923038585e-9,
      "y": 1.1570136223465219e-9,
      "z": 0.31058347931279995,
      "w": 0.9505461074445338
    },
    "_lscale": {
      "__type__": "cc.Vec3",
      "x": 1.00000023841858,
      "y": 1,
      "z": 1.00000011920929
    },
    "_layer": 1073741824,
    "_euler": {
      "__type__": "cc.Vec3",
      "x": 4.268868231257967e-7,
      "y": 2.0553069736781297e-22,
      "z": 36.188794344701066
    },
    "_id": ""
  },
  {
    "__type__": "cc.PrefabInfo",
    "root": {
      "__id__": 1
    },
    "asset": {
      "__id__": 0
    },
    "fileId": "00n0WIFDJQDp0hxj0DUu1q"
  },
  {
    "__type__": "cc.PrefabInfo",
    "root": {
      "__id__": 1
    },
    "asset": {
      "__id__": 0
    },
    "fileId": "29NCP/otZfT624mqhIwMs9"
  },
  {
    "__type__": "cc.PrefabInfo",
    "root": {
      "__id__": 1
    },
    "asset": {
      "__id__": 0
    },
    "fileId": "cdjWJaqf9dGLbds5td0UU3"
  },
  {
    "__type__": "cc.Node",
    "_name": "Bip001 L Finger4",
    "_objFlags": 0,
    "_parent": {
      "__id__": 12
    },
    "_children": [
      {
        "__id__": 38
      }
    ],
    "_active": true,
    "_components": [],
    "_prefab": {
      "__id__": 42
    },
    "_lpos": {
      "__type__": "cc.Vec3",
      "x": 0.00942855887115002,
      "y": 0.00122400757391006,
      "z": 0.00280828471295536
    },
    "_lrot": {
      "__type__": "cc.Quat",
      "x": -0.13579996225313035,
      "y": 0.029974830056954033,
      "z": 0.5906799563981088,
      "w": 0.7948314720270163
    },
    "_lscale": {
      "__type__": "cc.Vec3",
      "x": 1,
      "y": 0.999999940395355,
      "z": 1
    },
    "_layer": 1073741824,
    "_euler": {
      "__type__": "cc.Vec3",
      "x": -43.44499634615815,
      "y": 34.709473130451435,
      "z": 68.5662739455056
    },
    "_id": ""
  },
  {
    "__type__": "cc.Node",
    "_name": "Bip001 L Finger41",
    "_objFlags": 0,
    "_parent": {
      "__id__": 37
    },
    "_children": [
      {
        "__id__": 39
      }
    ],
    "_active": true,
    "_components": [],
    "_prefab": {
      "__id__": 41
    },
    "_lpos": {
      "__type__": "cc.Vec3",
      "x": 0.00284820795059204,
      "y": 0,
      "z": -1.77635679969558e-17
    },
    "_lrot": {
      "__type__": "cc.Quat",
      "x": 3.5929849360922613e-9,
      "y": -2.1065833026441707e-9,
      "z": 0.5453950038397947,
      "w": 0.8381791513671706
    },
    "_lscale": {
      "__type__": "cc.Vec3",
      "x": 1,
      "y": 1,
      "z": 1
    },
    "_layer": 1073741824,
    "_euler": {
      "__type__": "cc.Vec3",
      "x": 0.0000011769190613259212,
      "y": -0.0000010538110371735222,
      "z": 66.10332188906222
    },
    "_id": ""
  },
  {
    "__type__": "cc.Node",
    "_name": "Bip001 L Finger42",
    "_objFlags": 0,
    "_parent": {
      "__id__": 38
    },
    "_children": [],
    "_active": true,
    "_components": [],
    "_prefab": {
      "__id__": 40
    },
    "_lpos": {
      "__type__": "cc.Vec3",
      "x": 0.0018251477740705,
      "y": 4.44089199923895e-18,
      "z": 9.53674295089968e-9
    },
    "_lrot": {
      "__type__": "cc.Quat",
      "x": -2.384046547890341e-9,
      "y": -4.698073993209099e-9,
      "z": 0.31058350624032777,
      "w": 0.9505460986461752
    },
    "_lscale": {
      "__type__": "cc.Vec3",
      "x": 1,
      "y": 1,
      "z": 1
    },
    "_layer": 1073741824,
    "_euler": {
      "__type__": "cc.Vec3",
      "x": -1.1458106365166939e-7,
      "y": -5.289303017712732e-7,
      "z": 36.18879759090594
    },
    "_id": ""
  },
  {
    "__type__": "cc.PrefabInfo",
    "root": {
      "__id__": 1
    },
    "asset": {
      "__id__": 0
    },
    "fileId": "72UWFqA5xRs4O/2YWhjjGB"
  },
  {
    "__type__": "cc.PrefabInfo",
    "root": {
      "__id__": 1
    },
    "asset": {
      "__id__": 0
    },
    "fileId": "cdDvVhUkJeeLhxvF8qhGrL"
  },
  {
    "__type__": "cc.PrefabInfo",
    "root": {
      "__id__": 1
    },
    "asset": {
      "__id__": 0
    },
    "fileId": "5aSCmiwFVYDLiSCRXQEa8p"
  },
  {
    "__type__": "cc.PrefabInfo",
    "root": {
      "__id__": 1
    },
    "asset": {
      "__id__": 0
    },
    "fileId": "2aUH4OR6xVuYS9W89NSRRt"
  },
  {
    "__type__": "cc.PrefabInfo",
    "root": {
      "__id__": 1
    },
    "asset": {
      "__id__": 0
    },
    "fileId": "baxbQOsBhcqbHHbC+W6o9r"
  },
  {
    "__type__": "cc.PrefabInfo",
    "root": {
      "__id__": 1
    },
    "asset": {
      "__id__": 0
    },
    "fileId": "56By602MVZ9LDsRa/30dAC"
  },
  {
    "__type__": "cc.PrefabInfo",
    "root": {
      "__id__": 1
    },
    "asset": {
      "__id__": 0
    },
    "fileId": "f63v+fvKhVUJwbNC8Fsayc"
  },
  {
    "__type__": "cc.Node",
    "_name": "Bip001 R Clavicle",
    "_objFlags": 0,
    "_parent": {
      "__id__": 8
    },
    "_children": [
      {
        "__id__": 48
      }
    ],
    "_active": true,
    "_components": [],
    "_prefab": {
      "__id__": 88
    },
    "_lpos": {
      "__type__": "cc.Vec3",
      "x": -0.00633531576022506,
      "y": -0.000794854131527245,
      "z": -0.00386203033849597
    },
    "_lrot": {
      "__type__": "cc.Quat",
      "x": -0.46567237038048165,
      "y": 0.10819075177797897,
      "z": 0.8770445521381469,
      "w": 0.04729543591866287
    },
    "_lscale": {
      "__type__": "cc.Vec3",
      "x": 1.00000011920929,
      "y": 1,
      "z": 1.00000011920929
    },
    "_layer": 1073741824,
    "_euler": {
      "__type__": "cc.Vec3",
      "x": -166.47547038126223,
      "y": 124.18825478945342,
      "z": -1.0200607882829735
    },
    "_id": ""
  },
  {
    "__type__": "cc.Node",
    "_name": "Bip001 R UpperArm",
    "_objFlags": 0,
    "_parent": {
      "__id__": 47
    },
    "_children": [
      {
        "__id__": 49
      }
    ],
    "_active": true,
    "_components": [],
    "_prefab": {
      "__id__": 87
    },
    "_lpos": {
      "__type__": "cc.Vec3",
      "x": 0.0112501513212919,
      "y": 4.76837147544984e-9,
      "z": 0
    },
    "_lrot": {
      "__type__": "cc.Quat",
      "x": 0.0033539466948261667,
      "y": -0.2540710037077252,
      "z": -0.04227113831392478,
      "w": 0.9662555702205097
    },
    "_lscale": {
      "__type__": "cc.Vec3",
      "x": 1,
      "y": 1.00000023841858,
      "z": 1
    },
    "_layer": 1073741824,
    "_euler": {
      "__type__": "cc.Vec3",
      "x": -0.8623700192796107,
      "y": -29.50021174707169,
      "z": -4.783664231321105
    },
    "_id": ""
  },
  {
    "__type__": "cc.Node",
    "_name": "Bip001 R Forearm",
    "_objFlags": 0,
    "_parent": {
      "__id__": 48
    },
    "_children": [
      {
        "__id__": 50
      }
    ],
    "_active": true,
    "_components": [],
    "_prefab": {
      "__id__": 86
    },
    "_lpos": {
      "__type__": "cc.Vec3",
      "x": 0.0209654327481985,
      "y": -4.76837147544984e-9,
      "z": 9.53674295089968e-9
    },
    "_lrot": {
      "__type__": "cc.Quat",
      "x": 6.018648002204938e-18,
      "y": 1.626967643272922e-17,
      "z": -0.8402910196786517,
      "w": 0.5421355939683463
    },
    "_lscale": {
      "__type__": "cc.Vec3",
      "x": 1.00000011920929,
      "y": 1.00000011920929,
      "z": 1
    },
    "_layer": 1073741824,
    "_euler": {
      "__type__": "cc.Vec3",
      "x": 180,
      "y": 180,
      "z": -65.65827330180183
    },
    "_id": ""
  },
  {
    "__type__": "cc.Node",
    "_name": "Bip001 R Hand",
    "_objFlags": 0,
    "_parent": {
      "__id__": 49
    },
    "_children": [
      {
        "__id__": 51
      },
      {
        "__id__": 57
      },
      {
        "__id__": 63
      },
      {
        "__id__": 69
      },
      {
        "__id__": 75
      },
      {
        "__id__": 81
      }
    ],
    "_active": true,
    "_components": [],
    "_prefab": {
      "__id__": 85
    },
    "_lpos": {
      "__type__": "cc.Vec3",
      "x": 0.0202247854322195,
      "y": -4.76837147544984e-9,
      "z": 1.77635679969558e-17
    },
    "_lrot": {
      "__type__": "cc.Quat",
      "x": 0.8945931297654024,
      "y": -0.11492312829872026,
      "z": -0.17467601795380755,
      "w": 0.3949482187709913
    },
    "_lscale": {
      "__type__": "cc.Vec3",
      "x": 1.00000011920929,
      "y": 1.00000011920929,
      "z": 1
    },
    "_layer": 1073741824,
    "_euler": {
      "__type__": "cc.Vec3",
      "x": 134.7898981713506,
      "y": 13.658030348427067,
      "z": -20.09604354655468
    },
    "_id": ""
  },
  {
    "__type__": "cc.Node",
    "_name": "Bip001 R Finger0",
    "_objFlags": 0,
    "_parent": {
      "__id__": 50
    },
    "_children": [
      {
        "__id__": 52
      }
    ],
    "_active": true,
    "_components": [],
    "_prefab": {
      "__id__": 56
    },
    "_lpos": {
      "__type__": "cc.Vec3",
      "x": 0.00338959693908691,
      "y": 0.000751838670112193,
      "z": 0.00355531694367528
    },
    "_lrot": {
      "__type__": "cc.Quat",
      "x": -0.4571756322388126,
      "y": -0.4993316421816689,
      "z": -0.027026349086698903,
      "w": 0.7354780274476209
    },
    "_lscale": {
      "__type__": "cc.Vec3",
      "x": 0.99999988079071,
      "y": 1.00000011920929,
      "z": 1
    },
    "_layer": 1073741824,
    "_euler": {
      "__type__": "cc.Vec3",
      "x": -50.309490944995964,
      "y": -56.63838589034535,
      "z": 24.633349260478987
    },
    "_id": ""
  },
  {
    "__type__": "cc.Node",
    "_name": "Bip001 R Finger01",
    "_objFlags": 0,
    "_parent": {
      "__id__": 51
    },
    "_children": [
      {
        "__id__": 53
      }
    ],
    "_active": true,
    "_components": [],
    "_prefab": {
      "__id__": 55
    },
    "_lpos": {
      "__type__": "cc.Vec3",
      "x": 0.00378629681654274,
      "y": 4.76837147544984e-9,
      "z": 4.76837147544984e-9
    },
    "_lrot": {
      "__type__": "cc.Quat",
      "x": 8.65258805258935e-9,
      "y": -3.4451286559471664e-9,
      "z": 0.2615044139081333,
      "w": 0.9652022800980962
    },
    "_lscale": {
      "__type__": "cc.Vec3",
      "x": 0.999999940395355,
      "y": 0.999999940395355,
      "z": 0.999999940395355
    },
    "_layer": 1073741824,
    "_euler": {
      "__type__": "cc.Vec3",
      "x": 0.0000012282328790255015,
      "y": -7.417833522214615e-7,
      "z": 30.31869496242421
    },
    "_id": ""
  },
  {
    "__type__": "cc.Node",
    "_name": "Bip001 R Finger02",
    "_objFlags": 0,
    "_parent": {
      "__id__": 52
    },
    "_children": [],
    "_active": true,
    "_components": [],
    "_prefab": {
      "__id__": 54
    },
    "_lpos": {
      "__type__": "cc.Vec3",
      "x": 0.00310072884894907,
      "y": -9.53674295089968e-9,
      "z": 8.88178399847791e-18
    },
    "_lrot": {
      "__type__": "cc.Quat",
      "x": 1.9121881140291466e-8,
      "y": 1.923217336108942e-8,
      "z": 0.4881546541448025,
      "w": 0.8727571447068007
    },
    "_lscale": {
      "__type__": "cc.Vec3",
      "x": 1,
      "y": 0.999999940395355,
      "z": 1
    },
    "_layer": 1073741824,
    "_euler": {
      "__type__": "cc.Vec3",
      "x": 0.0000015983142711127784,
      "y": 0.0000016311756223516318,
      "z": 58.43872869299604
    },
    "_id": ""
  },
  {
    "__type__": "cc.PrefabInfo",
    "root": {
      "__id__": 1
    },
    "asset": {
      "__id__": 0
    },
    "fileId": "67p2dJa5pQQ4W8iA4rIplF"
  },
  {
    "__type__": "cc.PrefabInfo",
    "root": {
      "__id__": 1
    },
    "asset": {
      "__id__": 0
    },
    "fileId": "70o7v4t4xegrwciQqLQsDd"
  },
  {
    "__type__": "cc.PrefabInfo",
    "root": {
      "__id__": 1
    },
    "asset": {
      "__id__": 0
    },
    "fileId": "bbZqtqLGZQgasQbycph38i"
  },
  {
    "__type__": "cc.Node",
    "_name": "Bip001 R Finger1",
    "_objFlags": 0,
    "_parent": {
      "__id__": 50
    },
    "_children": [
      {
        "__id__": 58
      }
    ],
    "_active": true,
    "_components": [],
    "_prefab": {
      "__id__": 62
    },
    "_lpos": {
      "__type__": "cc.Vec3",
      "x": 0.0100068282335997,
      "y": -0.0000837492916616611,
      "z": 0.00318700773641467
    },
    "_lrot": {
      "__type__": "cc.Quat",
      "x": 0.02531995216423652,
      "y": 0.028951115502029747,
      "z": 0.6500321535907208,
      "w": 0.7589327587025074
    },
    "_lscale": {
      "__type__": "cc.Vec3",
      "x": 1.00000011920929,
      "y": 1,
      "z": 1
    },
    "_layer": 1073741824,
    "_euler": {
      "__type__": "cc.Vec3",
      "x": 0.2960977892911015,
      "y": 4.115604227099811,
      "z": 81.16228819629494
    },
    "_id": ""
  },
  {
    "__type__": "cc.Node",
    "_name": "Bip001 R Finger11",
    "_objFlags": 0,
    "_parent": {
      "__id__": 57
    },
    "_children": [
      {
        "__id__": 59
      }
    ],
    "_active": true,
    "_components": [],
    "_prefab": {
      "__id__": 61
    },
    "_lpos": {
      "__type__": "cc.Vec3",
      "x": 0.00425854651257396,
      "y": -4.76837147544984e-9,
      "z": 0
    },
    "_lrot": {
      "__type__": "cc.Quat",
      "x": -1.529127731483438e-9,
      "y": -1.0635862317163013e-9,
      "z": 0.5710085102121765,
      "w": 0.8209441401613576
    },
    "_lscale": {
      "__type__": "cc.Vec3",
      "x": 0.999999821186066,
      "y": 1,
      "z": 1
    },
    "_layer": 1073741824,
    "_euler": {
      "__type__": "cc.Vec3",
      "x": -2.1344344158380888e-7,
      "y": 2.0881074622326796e-14,
      "z": 69.64116443651449
    },
    "_id": ""
  },
  {
    "__type__": "cc.Node",
    "_name": "Bip001 R Finger12",
    "_objFlags": 0,
    "_parent": {
      "__id__": 58
    },
    "_children": [],
    "_active": true,
    "_components": [],
    "_prefab": {
      "__id__": 60
    },
    "_lpos": {
      "__type__": "cc.Vec3",
      "x": 0.00269486429169774,
      "y": 2.38418573772492e-9,
      "z": -9.53674295089968e-9
    },
    "_lrot": {
      "__type__": "cc.Quat",
      "x": -6.505156494545602e-9,
      "y": -3.6323657867566103e-9,
      "z": 0.48752794276805045,
      "w": 0.8731073845870007
    },
    "_lscale": {
      "__type__": "cc.Vec3",
      "x": 1.00000011920929,
      "y": 1.00000011920929,
      "z": 1
    },
    "_layer": 1073741824,
    "_euler": {
      "__type__": "cc.Vec3",
      "x": -8.537736088507752e-7,
      "y": 3.7400819284518956e-14,
      "z": 58.35645904442734
    },
    "_id": ""
  },
  {
    "__type__": "cc.PrefabInfo",
    "root": {
      "__id__": 1
    },
    "asset": {
      "__id__": 0
    },
    "fileId": "7d8WWqRjpa8ISRuGRQImzs"
  },
  {
    "__type__": "cc.PrefabInfo",
    "root": {
      "__id__": 1
    },
    "asset": {
      "__id__": 0
    },
    "fileId": "46aCSKMpxcdakX7noX0RyI"
  },
  {
    "__type__": "cc.PrefabInfo",
    "root": {
      "__id__": 1
    },
    "asset": {
      "__id__": 0
    },
    "fileId": "f9G0+053tR06XUTt/tvB+R"
  },
  {
    "__type__": "cc.Node",
    "_name": "Bip001 R Finger2",
    "_objFlags": 0,
    "_parent": {
      "__id__": 50
    },
    "_children": [
      {
        "__id__": 64
      }
    ],
    "_active": true,
    "_components": [],
    "_prefab": {
      "__id__": 68
    },
    "_lpos": {
      "__type__": "cc.Vec3",
      "x": 0.00977932475507259,
      "y": -0.000283322326140478,
      "z": 0.000841703382320702
    },
    "_lrot": {
      "__type__": "cc.Quat",
      "x": 0.07254341108144861,
      "y": 0.020875287780608542,
      "z": 0.6799509993354365,
      "w": 0.7293615799940972
    },
    "_lscale": {
      "__type__": "cc.Vec3",
      "x": 1.00000011920929,
      "y": 1,
      "z": 1
    },
    "_layer": 1073741824,
    "_euler": {
      "__type__": "cc.Vec3",
      "x": 50.07186094698232,
      "y": -42.48705916845916,
      "z": 84.20470248305942
    },
    "_id": ""
  },
  {
    "__type__": "cc.Node",
    "_name": "Bip001 R Finger21",
    "_objFlags": 0,
    "_parent": {
      "__id__": 63
    },
    "_children": [
      {
        "__id__": 65
      }
    ],
    "_active": true,
    "_components": [],
    "_prefab": {
      "__id__": 67
    },
    "_lpos": {
      "__type__": "cc.Vec3",
      "x": 0.0044699190184474,
      "y": 4.76837147544984e-9,
      "z": -9.53674295089968e-9
    },
    "_lrot": {
      "__type__": "cc.Quat",
      "x": 2.615455237740174e-9,
      "y": -3.135071153925303e-10,
      "z": 0.6179245833177023,
      "w": 0.786237374672334
    },
    "_lscale": {
      "__type__": "cc.Vec3",
      "x": 1.00000011920929,
      "y": 1.00000011920929,
      "z": 1.00000011920929
    },
    "_layer": 1073741824,
    "_euler": {
      "__type__": "cc.Vec3",
      "x": 0.000001090984694980601,
      "y": -9.03126148723759e-7,
      "z": 76.32946889342982
    },
    "_id": ""
  },
  {
    "__type__": "cc.Node",
    "_name": "Bip001 R Finger22",
    "_objFlags": 0,
    "_parent": {
      "__id__": 64
    },
    "_children": [],
    "_active": true,
    "_components": [],
    "_prefab": {
      "__id__": 66
    },
    "_lpos": {
      "__type__": "cc.Vec3",
      "x": 0.00304985046386719,
      "y": -5.9604643443123e-10,
      "z": 9.53674295089968e-9
    },
    "_lrot": {
      "__type__": "cc.Quat",
      "x": 5.716324729239451e-11,
      "y": -2.081715944767277e-9,
      "z": 0.47159654672411677,
      "w": 0.8818144346277668
    },
    "_lscale": {
      "__type__": "cc.Vec3",
      "x": 1,
      "y": 0.999999940395355,
      "z": 1.00000011920929
    },
    "_layer": 1073741824,
    "_euler": {
      "__type__": "cc.Vec3",
      "x": 2.1303250032080326e-7,
      "y": -3.8444876125769853e-7,
      "z": 56.27596367205094
    },
    "_id": ""
  },
  {
    "__type__": "cc.PrefabInfo",
    "root": {
      "__id__": 1
    },
    "asset": {
      "__id__": 0
    },
    "fileId": "c6bwUgjKxQ1r77lfzwwJMZ"
  },
  {
    "__type__": "cc.PrefabInfo",
    "root": {
      "__id__": 1
    },
    "asset": {
      "__id__": 0
    },
    "fileId": "12bHg+EQpWRIyCDYNcC2Zk"
  },
  {
    "__type__": "cc.PrefabInfo",
    "root": {
      "__id__": 1
    },
    "asset": {
      "__id__": 0
    },
    "fileId": "fdW4TZvupZi5vgq6ovZOeN"
  },
  {
    "__type__": "cc.Node",
    "_name": "Bip001 R Finger3",
    "_objFlags": 0,
    "_parent": {
      "__id__": 50
    },
    "_children": [
      {
        "__id__": 70
      }
    ],
    "_active": true,
    "_components": [],
    "_prefab": {
      "__id__": 74
    },
    "_lpos": {
      "__type__": "cc.Vec3",
      "x": 0.00994965527206659,
      "y": -0.000171351435710676,
      "z": -0.00139929773285985
    },
    "_lrot": {
      "__type__": "cc.Quat",
      "x": 0.10947477146798738,
      "y": -0.019905278594326448,
      "z": 0.7159769583671731,
      "w": 0.689199571520039
    },
    "_lscale": {
      "__type__": "cc.Vec3",
      "x": 1,
      "y": 1.00000011920929,
      "z": 1
    },
    "_layer": 1073741824,
    "_euler": {
      "__type__": "cc.Vec3",
      "x": 105.34047687579759,
      "y": -98.04599089648119,
      "z": 79.27872096502867
    },
    "_id": ""
  },
  {
    "__type__": "cc.Node",
    "_name": "Bip001 R Finger31",
    "_objFlags": 0,
    "_parent": {
      "__id__": 69
    },
    "_children": [
      {
        "__id__": 71
      }
    ],
    "_active": true,
    "_components": [],
    "_prefab": {
      "__id__": 73
    },
    "_lpos": {
      "__type__": "cc.Vec3",
      "x": 0.00389957544393837,
      "y": 4.76837147544984e-9,
      "z": 9.53674295089968e-9
    },
    "_lrot": {
      "__type__": "cc.Quat",
      "x": 8.784170078038827e-10,
      "y": -1.6425072450740453e-9,
      "z": 0.4715965698983046,
      "w": 0.8818144222341533
    },
    "_lscale": {
      "__type__": "cc.Vec3",
      "x": 1,
      "y": 1,
      "z": 1
    },
    "_layer": 1073741824,
    "_euler": {
      "__type__": "cc.Vec3",
      "x": 3.197542313398471e-7,
      "y": -3.8444876392045047e-7,
      "z": 56.27596668353072
    },
    "_id": ""
  },
  {
    "__type__": "cc.Node",
    "_name": "Bip001 R Finger32",
    "_objFlags": 0,
    "_parent": {
      "__id__": 70
    },
    "_children": [],
    "_active": true,
    "_components": [],
    "_prefab": {
      "__id__": 72
    },
    "_lpos": {
      "__type__": "cc.Vec3",
      "x": 0.00260700448416173,
      "y": -2.38418573772492e-9,
      "z": -1.77635679969558e-17
    },
    "_lrot": {
      "__type__": "cc.Quat",
      "x": -3.2850144439782755e-9,
      "y": -1.7568341019383405e-9,
      "z": 0.4715965930724907,
      "w": 0.8818144098405398
    },
    "_lscale": {
      "__type__": "cc.Vec3",
      "x": 0.999999940395355,
      "y": 1,
      "z": 1
    },
    "_layer": 1073741824,
    "_euler": {
      "__type__": "cc.Vec3",
      "x": -4.2688679351896157e-7,
      "y": -1.4064912189274936e-15,
      "z": 56.275969695010296
    },
    "_id": ""
  },
  {
    "__type__": "cc.PrefabInfo",
    "root": {
      "__id__": 1
    },
    "asset": {
      "__id__": 0
    },
    "fileId": "c2msOvPnpdoKGzoQygN+ZZ"
  },
  {
    "__type__": "cc.PrefabInfo",
    "root": {
      "__id__": 1
    },
    "asset": {
      "__id__": 0
    },
    "fileId": "48NKf0isFZL5RZ3pU5hnS2"
  },
  {
    "__type__": "cc.PrefabInfo",
    "root": {
      "__id__": 1
    },
    "asset": {
      "__id__": 0
    },
    "fileId": "81O86sy3dVDqe20DAj9jm2"
  },
  {
    "__type__": "cc.Node",
    "_name": "Bip001 R Finger4",
    "_objFlags": 0,
    "_parent": {
      "__id__": 50
    },
    "_children": [
      {
        "__id__": 76
      }
    ],
    "_active": true,
    "_components": [],
    "_prefab": {
      "__id__": 80
    },
    "_lpos": {
      "__type__": "cc.Vec3",
      "x": 0.00942855793982744,
      "y": 0.00122400757391006,
      "z": -0.00280828471295536
    },
    "_lrot": {
      "__type__": "cc.Quat",
      "x": 0.13185322694829776,
      "y": -0.044213579480242265,
      "z": 0.6716751665186164,
      "w": 0.7276759970035109
    },
    "_lscale": {
      "__type__": "cc.Vec3",
      "x": 1.00000011920929,
      "y": 1.00000011920929,
      "z": 1
    },
    "_layer": 1073741824,
    "_euler": {
      "__type__": "cc.Vec3",
      "x": 75.93959577907853,
      "y": -68.7722281759088,
      "z": 74.9864048893121
    },
    "_id": ""
  },
  {
    "__type__": "cc.Node",
    "_name": "Bip001 R Finger41",
    "_objFlags": 0,
    "_parent": {
      "__id__": 75
    },
    "_children": [
      {
        "__id__": 77
      }
    ],
    "_active": true,
    "_components": [],
    "_prefab": {
      "__id__": 79
    },
    "_lpos": {
      "__type__": "cc.Vec3",
      "x": 0.00284820795059204,
      "y": 8.88178399847791e-18,
      "z": 0
    },
    "_lrot": {
      "__type__": "cc.Quat",
      "x": -6.570030312563803e-9,
      "y": -3.51366869734935e-9,
      "z": 0.4715965698983046,
      "w": 0.8818144222341533
    },
    "_lscale": {
      "__type__": "cc.Vec3",
      "x": 1,
      "y": 0.99999988079071,
      "z": 1
    },
    "_layer": 1073741824,
    "_euler": {
      "__type__": "cc.Vec3",
      "x": -8.537737646789298e-7,
      "y": 5.6259574328142014e-15,
      "z": 56.27596668353072
    },
    "_id": ""
  },
  {
    "__type__": "cc.Node",
    "_name": "Bip001 R Finger42",
    "_objFlags": 0,
    "_parent": {
      "__id__": 76
    },
    "_children": [],
    "_active": true,
    "_components": [],
    "_prefab": {
      "__id__": 78
    },
    "_lpos": {
      "__type__": "cc.Vec3",
      "x": 0.00182514428161085,
      "y": -4.44089199923895e-18,
      "z": 9.53674295089968e-9
    },
    "_lrot": {
      "__type__": "cc.Quat",
      "x": 3.5136684259212784e-9,
      "y": -6.570029332045766e-9,
      "z": 0.4715965930724907,
      "w": 0.8818144098405398
    },
    "_lscale": {
      "__type__": "cc.Vec3",
      "x": 0.999999940395355,
      "y": 0.999999940395355,
      "z": 1
    },
    "_layer": 1073741824,
    "_euler": {
      "__type__": "cc.Vec3",
      "x": 0.0000012790171545825413,
      "y": -0.0000015377952792066191,
      "z": 56.275969695010296
    },
    "_id": ""
  },
  {
    "__type__": "cc.PrefabInfo",
    "root": {
      "__id__": 1
    },
    "asset": {
      "__id__": 0
    },
    "fileId": "496/M9P1NbOKKOnaaQIzcm"
  },
  {
    "__type__": "cc.PrefabInfo",
    "root": {
      "__id__": 1
    },
    "asset": {
      "__id__": 0
    },
    "fileId": "1aCjVB50pQx7yWArTlmhhA"
  },
  {
    "__type__": "cc.PrefabInfo",
    "root": {
      "__id__": 1
    },
    "asset": {
      "__id__": 0
    },
    "fileId": "e1ch8NHnRZ2oxGEt1esD+s"
  },
  {
    "__type__": "cc.Node",
    "_name": "Bone023",
    "_objFlags": 0,
    "_parent": {
      "__id__": 50
    },
    "_children": [
      {
        "__id__": 82
      }
    ],
    "_active": true,
    "_components": [],
    "_prefab": {
      "__id__": 84
    },
    "_lpos": {
      "__type__": "cc.Vec3",
      "x": 0.00650711031630635,
      "y": 0.00313012348487973,
      "z": -0.00383913982659578
    },
    "_lrot": {
      "__type__": "cc.Quat",
      "x": 0.5698966304829411,
      "y": -0.43880938874552405,
      "z": 0.33400794400080547,
      "w": 0.6091821109137433
    },
    "_lscale": {
      "__type__": "cc.Vec3",
      "x": 1.00000011920929,
      "y": 1.00000023841858,
      "z": 1.00000011920929
    },
    "_layer": 1073741824,
    "_euler": {
      "__type__": "cc.Vec3",
      "x": 82.65349135077136,
      "y": -66.82860272104746,
      "z": -5.348225814933083
    },
    "_id": ""
  },
  {
    "__type__": "cc.Node",
    "_name": "Bone024",
    "_objFlags": 0,
    "_parent": {
      "__id__": 81
    },
    "_children": [],
    "_active": true,
    "_components": [],
    "_prefab": {
      "__id__": 83
    },
    "_lpos": {
      "__type__": "cc.Vec3",
      "x": 0.0920803844928741,
      "y": 3.57627847336062e-8,
      "z": -2.38418573772492e-9
    },
    "_lrot": {
      "__type__": "cc.Quat",
      "x": 5.70435165769823e-9,
      "y": 9.31322685637781e-10,
      "z": -1.91903801073547e-17,
      "w": 1
    },
    "_lscale": {
      "__type__": "cc.Vec3",
      "x": 1,
      "y": 1,
      "z": 1
    },
    "_layer": 1073741824,
    "_euler": {
      "__type__": "cc.Vec3",
      "x": 6.536705496891269e-7,
      "y": 1.0672171850366799e-7,
      "z": -1.5902773629476698e-15
    },
    "_id": ""
  },
  {
    "__type__": "cc.PrefabInfo",
    "root": {
      "__id__": 1
    },
    "asset": {
      "__id__": 0
    },
    "fileId": "22HvtQF0hQeaeJszBPqhAc"
  },
  {
    "__type__": "cc.PrefabInfo",
    "root": {
      "__id__": 1
    },
    "asset": {
      "__id__": 0
    },
    "fileId": "6cTy1XZkhcta65qT1kLV1M"
  },
  {
    "__type__": "cc.PrefabInfo",
    "root": {
      "__id__": 1
    },
    "asset": {
      "__id__": 0
    },
    "fileId": "91zlcHublbrY87ITMVHA3O"
  },
  {
    "__type__": "cc.PrefabInfo",
    "root": {
      "__id__": 1
    },
    "asset": {
      "__id__": 0
    },
    "fileId": "a26eOdzTZSnJxlndaw5ubX"
  },
  {
    "__type__": "cc.PrefabInfo",
    "root": {
      "__id__": 1
    },
    "asset": {
      "__id__": 0
    },
    "fileId": "cdTSoxtcFZDZitsnbbp8Lu"
  },
  {
    "__type__": "cc.PrefabInfo",
    "root": {
      "__id__": 1
    },
    "asset": {
      "__id__": 0
    },
    "fileId": "41lkLOBo5a0rBK9SKz4jd6"
  },
  {
    "__type__": "cc.Node",
    "_name": "Bip001 Head",
    "_objFlags": 0,
    "_parent": {
      "__id__": 8
    },
    "_children": [
      {
        "__id__": 90
      }
    ],
    "_active": true,
    "_components": [],
    "_prefab": {
      "__id__": 98
    },
    "_lpos": {
      "__type__": "cc.Vec3",
      "x": 0.00533298496156931,
      "y": 4.76837147544984e-9,
      "z": -8.88178399847791e-18
    },
    "_lrot": {
      "__type__": "cc.Quat",
      "x": 0.1936963402646911,
      "y": -0.0061502062537890385,
      "z": -0.20036241961087078,
      "w": 0.9603638912093573
    },
    "_lscale": {
      "__type__": "cc.Vec3",
      "x": 1.00000011920929,
      "y": 1.00000011920929,
      "z": 1
    },
    "_layer": 1073741824,
    "_euler": {
      "__type__": "cc.Vec3",
      "x": 23.63102036054869,
      "y": 4.092925490936558,
      "z": -22.781891577645656
    },
    "_id": ""
  },
  {
    "__type__": "cc.Node",
    "_name": "Bone019",
    "_objFlags": 0,
    "_parent": {
      "__id__": 89
    },
    "_children": [
      {
        "__id__": 91
      }
    ],
    "_active": true,
    "_components": [],
    "_prefab": {
      "__id__": 97
    },
    "_lpos": {
      "__type__": "cc.Vec3",
      "x": 0.0198721699416637,
      "y": 0.00404580589383841,
      "z": -0.00165447231847793
    },
    "_lrot": {
      "__type__": "cc.Quat",
      "x": -0.4817107344536662,
      "y": 0.5250508216128884,
      "z": 0.47084552291112636,
      "w": 0.5201739099477098
    },
    "_lscale": {
      "__type__": "cc.Vec3",
      "x": 0.999999940395355,
      "y": 1,
      "z": 1
    },
    "_layer": 1073741824,
    "_euler": {
      "__type__": "cc.Vec3",
      "x": -84.69080567029816,
      "y": 89.69902794533117,
      "z": -0.9168931042515255
    },
    "_id": ""
  },
  {
    "__type__": "cc.Node",
    "_name": "Bone020",
    "_objFlags": 0,
    "_parent": {
      "__id__": 90
    },
    "_children": [
      {
        "__id__": 92
      }
    ],
    "_active": true,
    "_components": [],
    "_prefab": {
      "__id__": 96
    },
    "_lpos": {
      "__type__": "cc.Vec3",
      "x": 0.00768426991999149,
      "y": 0,
      "z": 8.88178399847791e-18
    },
    "_lrot": {
      "__type__": "cc.Quat",
      "x": -0.24866109965579802,
      "y": -0.06414464084919133,
      "z": 0.37584554966399475,
      "w": 0.8903893785114844
    },
    "_lscale": {
      "__type__": "cc.Vec3",
      "x": 0.99999988079071,
      "y": 0.99999988079071,
      "z": 1
    },
    "_layer": 1073741824,
    "_euler": {
      "__type__": "cc.Vec3",
      "x": -33.60423924676737,
      "y": 5.851633598060671,
      "z": 44.523224992547085
    },
    "_id": ""
  },
  {
    "__type__": "cc.Node",
    "_name": "Bone021",
    "_objFlags": 0,
    "_parent": {
      "__id__": 91
    },
    "_children": [
      {
        "__id__": 93
      }
    ],
    "_active": true,
    "_components": [],
    "_prefab": {
      "__id__": 95
    },
    "_lpos": {
      "__type__": "cc.Vec3",
      "x": 0.00801311433315277,
      "y": 0,
      "z": -1.77635679969558e-17
    },
    "_lrot": {
      "__type__": "cc.Quat",
      "x": 0.015156554518309719,
      "y": 0.03238833048915003,
      "z": 0.33044097830644104,
      "w": 0.9431489992356146
    },
    "_lscale": {
      "__type__": "cc.Vec3",
      "x": 1.00000023841858,
      "y": 1.00000023841858,
      "z": 1
    },
    "_layer": 1073741824,
    "_euler": {
      "__type__": "cc.Vec3",
      "x": 0.5269787541029457,
      "y": 3.748897907372786,
      "z": 38.63023709570503
    },
    "_id": ""
  },
  {
    "__type__": "cc.Node",
    "_name": "Bone022",
    "_objFlags": 0,
    "_parent": {
      "__id__": 92
    },
    "_children": [],
    "_active": true,
    "_components": [],
    "_prefab": {
      "__id__": 94
    },
    "_lpos": {
      "__type__": "cc.Vec3",
      "x": 0.00787744484841824,
      "y": 4.76837147544984e-9,
      "z": -1.77635679969558e-17
    },
    "_lrot": {
      "__type__": "cc.Quat",
      "x": 3.9115544581136306e-8,
      "y": -4.4703472923401793e-8,
      "z": 4.09781861776536e-8,
      "w": 0.9999999999999976
    },
    "_lscale": {
      "__type__": "cc.Vec3",
      "x": 1.00000011920929,
      "y": 1.00000011920929,
      "z": 1.00000011920929
    },
    "_layer": 1073741824,
    "_euler": {
      "__type__": "cc.Vec3",
      "x": 0.000004482311445626387,
      "y": -0.000005122640839853545,
      "z": 0.000004695754039786871
    },
    "_id": ""
  },
  {
    "__type__": "cc.PrefabInfo",
    "root": {
      "__id__": 1
    },
    "asset": {
      "__id__": 0
    },
    "fileId": "57jSAaTL5Qe6q5HRe80H3u"
  },
  {
    "__type__": "cc.PrefabInfo",
    "root": {
      "__id__": 1
    },
    "asset": {
      "__id__": 0
    },
    "fileId": "61UKkvV0BZSZHJshE01v8Y"
  },
  {
    "__type__": "cc.PrefabInfo",
    "root": {
      "__id__": 1
    },
    "asset": {
      "__id__": 0
    },
    "fileId": "7droqJPIVcH7gv8hoUBkly"
  },
  {
    "__type__": "cc.PrefabInfo",
    "root": {
      "__id__": 1
    },
    "asset": {
      "__id__": 0
    },
    "fileId": "de63g2R+1Sc6+K00+USDw9"
  },
  {
    "__type__": "cc.PrefabInfo",
    "root": {
      "__id__": 1
    },
    "asset": {
      "__id__": 0
    },
    "fileId": "25j8FEwqpcA62Xnss42ah0"
  },
  {
    "__type__": "cc.PrefabInfo",
    "root": {
      "__id__": 1
    },
    "asset": {
      "__id__": 0
    },
    "fileId": "b1fFoZ7R1XS6Pk3isrLYcH"
  },
  {
    "__type__": "cc.Node",
    "_name": "Bone008",
    "_objFlags": 0,
    "_parent": {
      "__id__": 7
    },
    "_children": [
      {
        "__id__": 101
      }
    ],
    "_active": true,
    "_components": [],
    "_prefab": {
      "__id__": 111
    },
    "_lpos": {
      "__type__": "cc.Vec3",
      "x": 0.0170686710625887,
      "y": -0.0102890962734818,
      "z": 0.00822294969111681
    },
    "_lrot": {
      "__type__": "cc.Quat",
      "x": 0.00780043759091837,
      "y": -0.05407814737618919,
      "z": 0.9542428354053597,
      "w": -0.29399884052031316
    },
    "_lscale": {
      "__type__": "cc.Vec3",
      "x": 1.00000011920929,
      "y": 1.00000011920929,
      "z": 1
    },
    "_layer": 1073741824,
    "_euler": {
      "__type__": "cc.Vec3",
      "x": 173.1526137391243,
      "y": 178.82856882543555,
      "z": -34.18980773684928
    },
    "_id": ""
  },
  {
    "__type__": "cc.Node",
    "_name": "Bone009",
    "_objFlags": 0,
    "_parent": {
      "__id__": 100
    },
    "_children": [
      {
        "__id__": 102
      }
    ],
    "_active": true,
    "_components": [],
    "_prefab": {
      "__id__": 110
    },
    "_lpos": {
      "__type__": "cc.Vec3",
      "x": 0.0114417737349868,
      "y": 6.67572024326546e-8,
      "z": 4.76837147544984e-9
    },
    "_lrot": {
      "__type__": "cc.Quat",
      "x": 0.04084115055991968,
      "y": -0.03429850896553269,
      "z": -0.16888199552692715,
      "w": 0.984192300462936
    },
    "_lscale": {
      "__type__": "cc.Vec3",
      "x": 1,
      "y": 1,
      "z": 1
    },
    "_layer": 1073741824,
    "_euler": {
      "__type__": "cc.Vec3",
      "x": 4.188159823401637,
      "y": -3.2686137275890865,
      "z": -19.58629974470257
    },
    "_id": ""
  },
  {
    "__type__": "cc.Node",
    "_name": "Bone010",
    "_objFlags": 0,
    "_parent": {
      "__id__": 101
    },
    "_children": [
      {
        "__id__": 103
      }
    ],
    "_active": true,
    "_components": [],
    "_prefab": {
      "__id__": 109
    },
    "_lpos": {
      "__type__": "cc.Vec3",
      "x": 0.0214765202254057,
      "y": 0,
      "z": -1.19209286886246e-9
    },
    "_lrot": {
      "__type__": "cc.Quat",
      "x": 0.00930019444862033,
      "y": -0.06913451677900921,
      "z": -0.00007128757537804932,
      "w": 0.9975639928801723
    },
    "_lscale": {
      "__type__": "cc.Vec3",
      "x": 1.00000011920929,
      "y": 1.00000011920929,
      "z": 1
    },
    "_layer": 1073741824,
    "_euler": {
      "__type__": "cc.Vec3",
      "x": 1.0626249139482895,
      "y": -7.928141153743404,
      "z": -0.081827381214191
    },
    "_id": ""
  },
  {
    "__type__": "cc.Node",
    "_name": "Bone011",
    "_objFlags": 0,
    "_parent": {
      "__id__": 102
    },
    "_children": [
      {
        "__id__": 104
      }
    ],
    "_active": true,
    "_components": [],
    "_prefab": {
      "__id__": 108
    },
    "_lpos": {
      "__type__": "cc.Vec3",
      "x": 0.0254594087600708,
      "y": 2.86102277868849e-7,
      "z": -7.15255721317476e-9
    },
    "_lrot": {
      "__type__": "cc.Quat",
      "x": 0.00003281256441430339,
      "y": 0.05477660911197704,
      "z": 0.0027645025487113965,
      "w": 0.9984948069685629
    },
    "_lscale": {
      "__type__": "cc.Vec3",
      "x": 0.99999988079071,
      "y": 0.99999988079071,
      "z": 1
    },
    "_layer": 1073741824,
    "_euler": {
      "__type__": "cc.Vec3",
      "x": -0.013598432738785986,
      "y": 6.280141835907084,
      "z": 0.3165194012288039
    },
    "_id": ""
  },
  {
    "__type__": "cc.Node",
    "_name": "Bone012",
    "_objFlags": 0,
    "_parent": {
      "__id__": 103
    },
    "_children": [
      {
        "__id__": 105
      }
    ],
    "_active": true,
    "_components": [],
    "_prefab": {
      "__id__": 107
    },
    "_lpos": {
      "__type__": "cc.Vec3",
      "x": 0.0228057336062193,
      "y": 0,
      "z": -3.57627860658738e-9
    },
    "_lrot": {
      "__type__": "cc.Quat",
      "x": 0.00920129735128655,
      "y": 0.15854307690028502,
      "z": -0.05205138667955849,
      "w": 0.9859361450108108
    },
    "_lscale": {
      "__type__": "cc.Vec3",
      "x": 0.999999940395355,
      "y": 0.999999940395355,
      "z": 1
    },
    "_layer": 1073741824,
    "_euler": {
      "__type__": "cc.Vec3",
      "x": 1.9955645549001793,
      "y": 18.370201159715894,
      "z": -5.7231094318728175
    },
    "_id": ""
  },
  {
    "__type__": "cc.Node",
    "_name": "Bone013",
    "_objFlags": 0,
    "_parent": {
      "__id__": 104
    },
    "_children": [],
    "_active": true,
    "_components": [],
    "_prefab": {
      "__id__": 106
    },
    "_lpos": {
      "__type__": "cc.Vec3",
      "x": 0.0270075239241123,
      "y": 0,
      "z": -4.44089199923895e-18
    },
    "_lrot": {
      "__type__": "cc.Quat",
      "x": -0.0045399656140774295,
      "y": -0.30832591395803555,
      "z": 0.02497543001213292,
      "w": 0.9509420315612693
    },
    "_lscale": {
      "__type__": "cc.Vec3",
      "x": 1,
      "y": 1,
      "z": 1
    },
    "_layer": 1073741824,
    "_euler": {
      "__type__": "cc.Vec3",
      "x": 0.38819520930498197,
      "y": -35.93848428284486,
      "z": 2.883191527175895
    },
    "_id": ""
  },
  {
    "__type__": "cc.PrefabInfo",
    "root": {
      "__id__": 1
    },
    "asset": {
      "__id__": 0
    },
    "fileId": "63jan7lXBaeYx/bBBQafnB"
  },
  {
    "__type__": "cc.PrefabInfo",
    "root": {
      "__id__": 1
    },
    "asset": {
      "__id__": 0
    },
    "fileId": "34rJGYUAZRuKyqXcSHE6RJ"
  },
  {
    "__type__": "cc.PrefabInfo",
    "root": {
      "__id__": 1
    },
    "asset": {
      "__id__": 0
    },
    "fileId": "fb8tYdPD5aBLY2dQ/l8iRQ"
  },
  {
    "__type__": "cc.PrefabInfo",
    "root": {
      "__id__": 1
    },
    "asset": {
      "__id__": 0
    },
    "fileId": "72RIBhdSZb7KEbb9UGelru"
  },
  {
    "__type__": "cc.PrefabInfo",
    "root": {
      "__id__": 1
    },
    "asset": {
      "__id__": 0
    },
    "fileId": "4euIA4RepRF7m1s2jYsvef"
  },
  {
    "__type__": "cc.PrefabInfo",
    "root": {
      "__id__": 1
    },
    "asset": {
      "__id__": 0
    },
    "fileId": "6668kG6ydZJow2PyolmVq4"
  },
  {
    "__type__": "cc.Node",
    "_name": "Bone014",
    "_objFlags": 0,
    "_parent": {
      "__id__": 7
    },
    "_children": [
      {
        "__id__": 113
      }
    ],
    "_active": true,
    "_components": [],
    "_prefab": {
      "__id__": 121
    },
    "_lpos": {
      "__type__": "cc.Vec3",
      "x": 0.0161422919481993,
      "y": -0.00850710365921259,
      "z": 0.0127223087474704
    },
    "_lrot": {
      "__type__": "cc.Quat",
      "x": 0.04023106779107262,
      "y": 0.025461403718718214,
      "z": 0.9627420927091774,
      "w": -0.26619699666039814
    },
    "_lscale": {
      "__type__": "cc.Vec3",
      "x": 1.00000011920929,
      "y": 1.00000011920929,
      "z": 0.99999988079071
    },
    "_layer": 1073741824,
    "_euler": {
      "__type__": "cc.Vec3",
      "x": -175.30082455489955,
      "y": -173.9237039407567,
      "z": -30.69776846791574
    },
    "_id": ""
  },
  {
    "__type__": "cc.Node",
    "_name": "Bone018",
    "_objFlags": 0,
    "_parent": {
      "__id__": 112
    },
    "_children": [
      {
        "__id__": 114
      }
    ],
    "_active": true,
    "_components": [],
    "_prefab": {
      "__id__": 120
    },
    "_lpos": {
      "__type__": "cc.Vec3",
      "x": 0.0120178889483213,
      "y": 9.53674295089968e-9,
      "z": -2.22044599961948e-18
    },
    "_lrot": {
      "__type__": "cc.Quat",
      "x": -0.00007925033230949184,
      "y": -0.0458428736795431,
      "z": -0.12315401880242569,
      "w": 0.9913281557108109
    },
    "_lscale": {
      "__type__": "cc.Vec3",
      "x": 1.00000011920929,
      "y": 0.99999988079071,
      "z": 1
    },
    "_layer": 1073741824,
    "_euler": {
      "__type__": "cc.Vec3",
      "x": -0.6764448320564579,
      "y": -5.379239183565724,
      "z": -14.132482955157835
    },
    "_id": ""
  },
  {
    "__type__": "cc.Node",
    "_name": "Bone015",
    "_objFlags": 0,
    "_parent": {
      "__id__": 113
    },
    "_children": [
      {
        "__id__": 115
      }
    ],
    "_active": true,
    "_components": [],
    "_prefab": {
      "__id__": 119
    },
    "_lpos": {
      "__type__": "cc.Vec3",
      "x": 0.0159172918647528,
      "y": 9.53674295089968e-9,
      "z": -2.22044599961948e-18
    },
    "_lrot": {
      "__type__": "cc.Quat",
      "x": 0.02281090943333142,
      "y": -0.09764504979218845,
      "z": -0.0057285948423169055,
      "w": 0.994943360128122
    },
    "_lscale": {
      "__type__": "cc.Vec3",
      "x": 0.999999940395355,
      "y": 1,
      "z": 1.00000011920929
    },
    "_layer": 1073741824,
    "_euler": {
      "__type__": "cc.Vec3",
      "x": 2.5377695177420514,
      "y": -11.190145451017273,
      "z": -0.9084053213992604
    },
    "_id": ""
  },
  {
    "__type__": "cc.Node",
    "_name": "Bone016",
    "_objFlags": 0,
    "_parent": {
      "__id__": 114
    },
    "_children": [
      {
        "__id__": 116
      }
    ],
    "_active": true,
    "_components": [],
    "_prefab": {
      "__id__": 118
    },
    "_lpos": {
      "__type__": "cc.Vec3",
      "x": 0.0171141903847456,
      "y": 9.53674295089968e-9,
      "z": 1.19209286886246e-9
    },
    "_lrot": {
      "__type__": "cc.Quat",
      "x": -0.08889442891444085,
      "y": 0.11791466453975381,
      "z": -0.03523228027875353,
      "w": 0.9884091252213386
    },
    "_lscale": {
      "__type__": "cc.Vec3",
      "x": 1.00000035762787,
      "y": 1.00000035762787,
      "z": 1
    },
    "_layer": 1073741824,
    "_euler": {
      "__type__": "cc.Vec3",
      "x": -9.677999920180676,
      "y": 13.165754705263229,
      "z": -5.198800331715805
    },
    "_id": ""
  },
  {
    "__type__": "cc.Node",
    "_name": "Bone017",
    "_objFlags": 0,
    "_parent": {
      "__id__": 115
    },
    "_children": [],
    "_active": true,
    "_components": [],
    "_prefab": {
      "__id__": 117
    },
    "_lpos": {
      "__type__": "cc.Vec3",
      "x": 0.0160191636532545,
      "y": 0,
      "z": -3.57627860658738e-9
    },
    "_lrot": {
      "__type__": "cc.Quat",
      "x": 0.03324994865998111,
      "y": -0.2931419057797375,
      "z": 0.013255782619245187,
      "w": 0.9553986331459154
    },
    "_lscale": {
      "__type__": "cc.Vec3",
      "x": 1,
      "y": 1,
      "z": 1
    },
    "_layer": 1073741824,
    "_euler": {
      "__type__": "cc.Vec3",
      "x": 4.08904754045574,
      "y": -34.126769188665,
      "z": 0.3343346056432811
    },
    "_id": ""
  },
  {
    "__type__": "cc.PrefabInfo",
    "root": {
      "__id__": 1
    },
    "asset": {
      "__id__": 0
    },
    "fileId": "12mCZAEHVW1a1Tc4AluXeR"
  },
  {
    "__type__": "cc.PrefabInfo",
    "root": {
      "__id__": 1
    },
    "asset": {
      "__id__": 0
    },
    "fileId": "49ZBU6IDJdr5EmI0T603oF"
  },
  {
    "__type__": "cc.PrefabInfo",
    "root": {
      "__id__": 1
    },
    "asset": {
      "__id__": 0
    },
    "fileId": "30jEyYHWNS+qZLVOetw8QN"
  },
  {
    "__type__": "cc.PrefabInfo",
    "root": {
      "__id__": 1
    },
    "asset": {
      "__id__": 0
    },
    "fileId": "834s2ITqBXLYSeMXrYDOam"
  },
  {
    "__type__": "cc.PrefabInfo",
    "root": {
      "__id__": 1
    },
    "asset": {
      "__id__": 0
    },
    "fileId": "2eW3B8DCheu7VjNzjbyY4w"
  },
  {
    "__type__": "cc.Node",
    "_name": "Bone001",
    "_objFlags": 0,
    "_parent": {
      "__id__": 7
    },
    "_children": [
      {
        "__id__": 123
      }
    ],
    "_active": true,
    "_components": [],
    "_prefab": {
      "__id__": 135
    },
    "_lpos": {
      "__type__": "cc.Vec3",
      "x": 0.017323998734355,
      "y": -0.0105658052489161,
      "z": -1.90734859017994e-8
    },
    "_lrot": {
      "__type__": "cc.Quat",
      "x": -0.26811212028000847,
      "y": 0.9628549120045933,
      "z": 0.006877276045027909,
      "w": 0.031289174833886824
    },
    "_lscale": {
      "__type__": "cc.Vec3",
      "x": 1.00000011920929,
      "y": 1.00000011920929,
      "z": 1
    },
    "_layer": 1073741824,
    "_euler": {
      "__type__": "cc.Vec3",
      "x": -2.008334006406366,
      "y": 175.71944356449163,
      "z": -31.05601101343725
    },
    "_id": ""
  },
  {
    "__type__": "cc.Node",
    "_name": "Bone002",
    "_objFlags": 0,
    "_parent": {
      "__id__": 122
    },
    "_children": [
      {
        "__id__": 124
      }
    ],
    "_active": true,
    "_components": [],
    "_prefab": {
      "__id__": 134
    },
    "_lpos": {
      "__type__": "cc.Vec3",
      "x": 0.0109487771987915,
      "y": 9.53674295089968e-9,
      "z": -8.88178399847791e-18
    },
    "_lrot": {
      "__type__": "cc.Quat",
      "x": -0.0019028324383006596,
      "y": 0.04306485925061523,
      "z": 0.10616172224931217,
      "w": 0.9934140555959012
    },
    "_lscale": {
      "__type__": "cc.Vec3",
      "x": 1,
      "y": 1,
      "z": 1
    },
    "_layer": 1073741824,
    "_euler": {
      "__type__": "cc.Vec3",
      "x": -0.7575445722956964,
      "y": 5.045215765699685,
      "z": 12.166964444685311
    },
    "_id": ""
  },
  {
    "__type__": "cc.Node",
    "_name": "Bone003",
    "_objFlags": 0,
    "_parent": {
      "__id__": 123
    },
    "_children": [
      {
        "__id__": 125
      }
    ],
    "_active": true,
    "_components": [],
    "_prefab": {
      "__id__": 133
    },
    "_lpos": {
      "__type__": "cc.Vec3",
      "x": 0.0214635320007801,
      "y": -1.77635679969558e-17,
      "z": 0
    },
    "_lrot": {
      "__type__": "cc.Quat",
      "x": 0.003679020132251196,
      "y": 0.04100934082286313,
      "z": 0.03079647413691001,
      "w": 0.9986772631620663
    },
    "_lscale": {
      "__type__": "cc.Vec3",
      "x": 1.00000023841858,
      "y": 1.00000023841858,
      "z": 1
    },
    "_layer": 1073741824,
    "_euler": {
      "__type__": "cc.Vec3",
      "x": 0.2768348447096635,
      "y": 4.69434207253971,
      "z": 3.543896178382876
    },
    "_id": ""
  },
  {
    "__type__": "cc.Node",
    "_name": "Bone004",
    "_objFlags": 0,
    "_parent": {
      "__id__": 124
    },
    "_children": [
      {
        "__id__": 126
      }
    ],
    "_active": true,
    "_components": [],
    "_prefab": {
      "__id__": 132
    },
    "_lpos": {
      "__type__": "cc.Vec3",
      "x": 0.0237103272229433,
      "y": -9.53674295089968e-9,
      "z": 2.38418573772492e-9
    },
    "_lrot": {
      "__type__": "cc.Quat",
      "x": -0.0030776131123471783,
      "y": -0.003274928928804499,
      "z": 0.010551634910338968,
      "w": 0.9999342309065937
    },
    "_lscale": {
      "__type__": "cc.Vec3",
      "x": 0.999999821186066,
      "y": 0.999999821186066,
      "z": 1
    },
    "_layer": 1073741824,
    "_euler": {
      "__type__": "cc.Vec3",
      "x": -0.3487654418987844,
      "y": -0.37161881209156294,
      "z": 1.2102937405021579
    },
    "_id": ""
  },
  {
    "__type__": "cc.Node",
    "_name": "Bone005",
    "_objFlags": 0,
    "_parent": {
      "__id__": 125
    },
    "_children": [
      {
        "__id__": 127
      }
    ],
    "_active": true,
    "_components": [],
    "_prefab": {
      "__id__": 131
    },
    "_lpos": {
      "__type__": "cc.Vec3",
      "x": 0.0237607974559069,
      "y": 9.53674295089968e-9,
      "z": -2.38418573772492e-9
    },
    "_lrot": {
      "__type__": "cc.Quat",
      "x": -0.0006812276462147797,
      "y": -0.10306335850479152,
      "z": 0.019381101920311297,
      "w": 0.994485722849233
    },
    "_lscale": {
      "__type__": "cc.Vec3",
      "x": 0.999999701976776,
      "y": 0.999999701976776,
      "z": 1
    },
    "_layer": 1073741824,
    "_euler": {
      "__type__": "cc.Vec3",
      "x": 0.15137554681937884,
      "y": -11.83636233944364,
      "z": 2.2172627749497016
    },
    "_id": ""
  },
  {
    "__type__": "cc.Node",
    "_name": "Bone006",
    "_objFlags": 0,
    "_parent": {
      "__id__": 126
    },
    "_children": [
      {
        "__id__": 128
      }
    ],
    "_active": true,
    "_components": [],
    "_prefab": {
      "__id__": 130
    },
    "_lpos": {
      "__type__": "cc.Vec3",
      "x": 0.0272344965487719,
      "y": 1.81198117843451e-7,
      "z": 2.38418573772492e-9
    },
    "_lrot": {
      "__type__": "cc.Quat",
      "x": -0.0024336425789585835,
      "y": -0.15480915136698073,
      "z": -0.010224978720050001,
      "w": 0.9878884824953713
    },
    "_lscale": {
      "__type__": "cc.Vec3",
      "x": 1.00000035762787,
      "y": 1.00000035762787,
      "z": 1
    },
    "_layer": 1073741824,
    "_euler": {
      "__type__": "cc.Vec3",
      "x": -0.4569778808095955,
      "y": -17.81689185775236,
      "z": -1.114403108964807
    },
    "_id": ""
  },
  {
    "__type__": "cc.Node",
    "_name": "Bone007",
    "_objFlags": 0,
    "_parent": {
      "__id__": 127
    },
    "_children": [],
    "_active": true,
    "_components": [],
    "_prefab": {
      "__id__": 129
    },
    "_lpos": {
      "__type__": "cc.Vec3",
      "x": 0.0267726443707943,
      "y": 1.90734859017994e-8,
      "z": 4.44089199923895e-18
    },
    "_lrot": {
      "__type__": "cc.Quat",
      "x": -0.0003418063962356912,
      "y": 0.030835962834523382,
      "z": -0.0005193242258237827,
      "w": 0.999524265271636
    },
    "_lscale": {
      "__type__": "cc.Vec3",
      "x": 1,
      "y": 1,
      "z": 1
    },
    "_layer": 1073741824,
    "_euler": {
      "__type__": "cc.Vec3",
      "x": -0.03731446428890887,
      "y": 3.5340821976818466,
      "z": -0.06068965990416424
    },
    "_id": ""
  },
  {
    "__type__": "cc.PrefabInfo",
    "root": {
      "__id__": 1
    },
    "asset": {
      "__id__": 0
    },
    "fileId": "2cgX1tyZtYq7GYsZ/IKga5"
  },
  {
    "__type__": "cc.PrefabInfo",
    "root": {
      "__id__": 1
    },
    "asset": {
      "__id__": 0
    },
    "fileId": "48fhtHnglXmpWy4y2WQlpJ"
  },
  {
    "__type__": "cc.PrefabInfo",
    "root": {
      "__id__": 1
    },
    "asset": {
      "__id__": 0
    },
    "fileId": "e2UnI9iMFRtL9CwPzLen85"
  },
  {
    "__type__": "cc.PrefabInfo",
    "root": {
      "__id__": 1
    },
    "asset": {
      "__id__": 0
    },
    "fileId": "62zdhuQdFbJpau5XdRMP5u"
  },
  {
    "__type__": "cc.PrefabInfo",
    "root": {
      "__id__": 1
    },
    "asset": {
      "__id__": 0
    },
    "fileId": "31oKhyAqxYHIl8bMkp6Yk/"
  },
  {
    "__type__": "cc.PrefabInfo",
    "root": {
      "__id__": 1
    },
    "asset": {
      "__id__": 0
    },
    "fileId": "4aDK2W4zJTkaTs6JICy+4a"
  },
  {
    "__type__": "cc.PrefabInfo",
    "root": {
      "__id__": 1
    },
    "asset": {
      "__id__": 0
    },
    "fileId": "58aIz+T65WFopCVdhEPrCE"
  },
  {
    "__type__": "cc.PrefabInfo",
    "root": {
      "__id__": 1
    },
    "asset": {
      "__id__": 0
    },
    "fileId": "3b7I8n4NdZ/7TeU08bJBjP"
  },
  {
    "__type__": "cc.PrefabInfo",
    "root": {
      "__id__": 1
    },
    "asset": {
      "__id__": 0
    },
    "fileId": "8cNV7vi9ZZYa7D27Girbg7"
  },
  {
    "__type__": "cc.Node",
    "_name": "Bip001 L Thigh",
    "_objFlags": 0,
    "_parent": {
      "__id__": 5
    },
    "_children": [
      {
        "__id__": 139
      }
    ],
    "_active": true,
    "_components": [],
    "_prefab": {
      "__id__": 145
    },
    "_lpos": {
      "__type__": "cc.Vec3",
      "x": -0.00767490826547146,
      "y": -0.00329645629972219,
      "z": 0.00795985478907824
    },
    "_lrot": {
      "__type__": "cc.Quat",
      "x": 0.5407172399717005,
      "y": 0.797569924392927,
      "z": 0.26083692706813977,
      "w": -0.05891671731263695
    },
    "_lscale": {
      "__type__": "cc.Vec3",
      "x": 0.999999821186066,
      "y": 0.99999988079071,
      "z": 1
    },
    "_layer": 1073741824,
    "_euler": {
      "__type__": "cc.Vec3",
      "x": -59.805723675123396,
      "y": -137.3543696943233,
      "z": 56.282467968633625
    },
    "_id": ""
  },
  {
    "__type__": "cc.Node",
    "_name": "Bip001 L Calf",
    "_objFlags": 0,
    "_parent": {
      "__id__": 138
    },
    "_children": [
      {
        "__id__": 140
      }
    ],
    "_active": true,
    "_components": [],
    "_prefab": {
      "__id__": 144
    },
    "_lpos": {
      "__type__": "cc.Vec3",
      "x": 0.038064394146204,
      "y": 0,
      "z": 1.19209286886246e-9
    },
    "_lrot": {
      "__type__": "cc.Quat",
      "x": 2.1558894912022957e-17,
      "y": 1.370963807471664e-17,
      "z": -0.25515419931527933,
      "w": 0.9669003746879917
    },
    "_lscale": {
      "__type__": "cc.Vec3",
      "x": 1,
      "y": 1.00000023841858,
      "z": 1.00000011920929
    },
    "_layer": 1073741824,
    "_euler": {
      "__type__": "cc.Vec3",
      "x": 3.2071382363597866e-15,
      "y": 2.471116623808377e-15,
      "z": -29.56544474732851
    },
    "_id": ""
  },
  {
    "__type__": "cc.Node",
    "_name": "Bip001 L Foot",
    "_objFlags": 0,
    "_parent": {
      "__id__": 139
    },
    "_children": [
      {
        "__id__": 141
      }
    ],
    "_active": true,
    "_components": [],
    "_prefab": {
      "__id__": 143
    },
    "_lpos": {
      "__type__": "cc.Vec3",
      "x": 0.0413631610572338,
      "y": -4.76837147544984e-9,
      "z": 1.19209286886246e-9
    },
    "_lrot": {
      "__type__": "cc.Quat",
      "x": 0.015422874167146777,
      "y": 0.03170101352157339,
      "z": -0.1691917483079455,
      "w": 0.9849524521511839
    },
    "_lscale": {
      "__type__": "cc.Vec3",
      "x": 1.00000011920929,
      "y": 1.00000011920929,
      "z": 1.00000011920929
    },
    "_layer": 1073741824,
    "_euler": {
      "__type__": "cc.Vec3",
      "x": 2.4980692083313594,
      "y": 4.1141702928169215,
      "z": -19.409274850010622
    },
    "_id": ""
  },
  {
    "__type__": "cc.Node",
    "_name": "Bip001 L Toe0",
    "_objFlags": 0,
    "_parent": {
      "__id__": 140
    },
    "_children": [],
    "_active": true,
    "_components": [],
    "_prefab": {
      "__id__": 142
    },
    "_lpos": {
      "__type__": "cc.Vec3",
      "x": 0.0137450955808163,
      "y": 0.0128078758716583,
      "z": -5.55111499904869e-19
    },
    "_lrot": {
      "__type__": "cc.Quat",
      "x": 0.03339730263932687,
      "y": 0.036600296120366034,
      "z": 0.6978012450374951,
      "w": 0.714575720917273
    },
    "_lscale": {
      "__type__": "cc.Vec3",
      "x": 1,
      "y": 1,
      "z": 1
    },
    "_layer": 1073741824,
    "_euler": {
      "__type__": "cc.Vec3",
      "x": -7.9729216189260415,
      "y": 13.647452310768621,
      "z": 88.6161998457083
    },
    "_id": ""
  },
  {
    "__type__": "cc.PrefabInfo",
    "root": {
      "__id__": 1
    },
    "asset": {
      "__id__": 0
    },
    "fileId": "9dpFJ4xFBfGa1wiOVjgQpf"
  },
  {
    "__type__": "cc.PrefabInfo",
    "root": {
      "__id__": 1
    },
    "asset": {
      "__id__": 0
    },
    "fileId": "94/+HwAPFUKaSB3iu0jV5b"
  },
  {
    "__type__": "cc.PrefabInfo",
    "root": {
      "__id__": 1
    },
    "asset": {
      "__id__": 0
    },
    "fileId": "3aYHDzTOZczYqGSebwIQns"
  },
  {
    "__type__": "cc.PrefabInfo",
    "root": {
      "__id__": 1
    },
    "asset": {
      "__id__": 0
    },
    "fileId": "a2VzJaEMhfN6AQzDXvn08U"
  },
  {
    "__type__": "cc.Node",
    "_name": "Bip001 R Thigh",
    "_objFlags": 0,
    "_parent": {
      "__id__": 5
    },
    "_children": [
      {
        "__id__": 147
      }
    ],
    "_active": true,
    "_components": [],
    "_prefab": {
      "__id__": 153
    },
    "_lpos": {
      "__type__": "cc.Vec3",
      "x": -0.00993265118449926,
      "y": 0.00168026925530285,
      "z": -0.00846266467124224
    },
    "_lrot": {
      "__type__": "cc.Quat",
      "x": 0.15865171128607372,
      "y": 0.9305774670955503,
      "z": 0.3279006218892526,
      "w": -0.03655672858273534
    },
    "_lscale": {
      "__type__": "cc.Vec3",
      "x": 0.999999940395355,
      "y": 0.999999940395355,
      "z": 1
    },
    "_layer": 1073741824,
    "_euler": {
      "__type__": "cc.Vec3",
      "x": -40.24865136948568,
      "y": -169.70087182081633,
      "z": 15.741726412375485
    },
    "_id": ""
  },
  {
    "__type__": "cc.Node",
    "_name": "Bip001 R Calf",
    "_objFlags": 0,
    "_parent": {
      "__id__": 146
    },
    "_children": [
      {
        "__id__": 148
      }
    ],
    "_active": true,
    "_components": [],
    "_prefab": {
      "__id__": 152
    },
    "_lpos": {
      "__type__": "cc.Vec3",
      "x": 0.0380643978714943,
      "y": 0,
      "z": -5.55111499904869e-19
    },
    "_lrot": {
      "__type__": "cc.Quat",
      "x": -2.2288313965321987e-17,
      "y": -7.981655222528046e-18,
      "z": -0.6672366914076229,
      "w": 0.7448457542601747
    },
    "_lscale": {
      "__type__": "cc.Vec3",
      "x": 0.999999940395355,
      "y": 0.999999940395355,
      "z": 0.999999940395355
    },
    "_layer": 1073741824,
    "_euler": {
      "__type__": "cc.Vec3",
      "x": -2.2927649528670137e-14,
      "y": -2.1766653345464447e-14,
      "z": -83.7082958014862
    },
    "_id": ""
  },
  {
    "__type__": "cc.Node",
    "_name": "Bip001 R Foot",
    "_objFlags": 0,
    "_parent": {
      "__id__": 147
    },
    "_children": [
      {
        "__id__": 149
      }
    ],
    "_active": true,
    "_components": [],
    "_prefab": {
      "__id__": 151
    },
    "_lpos": {
      "__type__": "cc.Vec3",
      "x": 0.0413631461560726,
      "y": -8.88178399847791e-18,
      "z": 1.78813930329369e-9
    },
    "_lrot": {
      "__type__": "cc.Quat",
      "x": 0.06260680356279952,
      "y": 0.11035966038200927,
      "z": -0.08956926243050826,
      "w": 0.9878656187638436
    },
    "_lscale": {
      "__type__": "cc.Vec3",
      "x": 1.00000011920929,
      "y": 1.00000011920929,
      "z": 1
    },
    "_layer": 1073741824,
    "_euler": {
      "__type__": "cc.Vec3",
      "x": 8.361145522973782,
      "y": 13.43662211889296,
      "z": -9.389563755809812
    },
    "_id": ""
  },
  {
    "__type__": "cc.Node",
    "_name": "Bip001 R Toe0",
    "_objFlags": 0,
    "_parent": {
      "__id__": 148
    },
    "_children": [],
    "_active": true,
    "_components": [],
    "_prefab": {
      "__id__": 150
    },
    "_lpos": {
      "__type__": "cc.Vec3",
      "x": 0.0137450974434614,
      "y": 0.0128078693524003,
      "z": 2.38418573772492e-9
    },
    "_lrot": {
      "__type__": "cc.Quat",
      "x": 0.001353588658473791,
      "y": 0.0014443743326115481,
      "z": 0.7395086314377898,
      "w": 0.6731441640611158
    },
    "_lscale": {
      "__type__": "cc.Vec3",
      "x": 1,
      "y": 1.00000011920929,
      "z": 1.00000011920929
    },
    "_layer": 1073741824,
    "_euler": {
      "__type__": "cc.Vec3",
      "x": -179.80813779219073,
      "y": -179.96489736336505,
      "z": 84.62060823463177
    },
    "_id": ""
  },
  {
    "__type__": "cc.PrefabInfo",
    "root": {
      "__id__": 1
    },
    "asset": {
      "__id__": 0
    },
    "fileId": "26ynvFvMJUMreTXxb4BgIi"
  },
  {
    "__type__": "cc.PrefabInfo",
    "root": {
      "__id__": 1
    },
    "asset": {
      "__id__": 0
    },
    "fileId": "e8v36/yE9fRLZug9T29UXk"
  },
  {
    "__type__": "cc.PrefabInfo",
    "root": {
      "__id__": 1
    },
    "asset": {
      "__id__": 0
    },
    "fileId": "5dfRvEWJ1X5p+pSxWqenGp"
  },
  {
    "__type__": "cc.PrefabInfo",
    "root": {
      "__id__": 1
    },
    "asset": {
      "__id__": 0
    },
    "fileId": "e4SYIfq6FcioWDJuNW2XIc"
  },
  {
    "__type__": "cc.PrefabInfo",
    "root": {
      "__id__": 1
    },
    "asset": {
      "__id__": 0
    },
    "fileId": "f3R9TFm/9ZTp0SZh9xjmy2"
  },
  {
    "__type__": "cc.PrefabInfo",
    "root": {
      "__id__": 1
    },
    "asset": {
      "__id__": 0
    },
    "fileId": "80nFdFI2VT1IFsoRNFosEX"
  },
  {
    "__type__": "cc.PrefabInfo",
    "root": {
      "__id__": 1
    },
    "asset": {
      "__id__": 0
    },
    "fileId": "19Er0/TElVrKcjjHICiGKc"
  },
  {
    "__type__": "cc.PrefabInfo",
    "root": {
      "__id__": 1
    },
    "asset": {
      "__id__": 0
    },
    "fileId": "b6DqQ/kv1VnrSo21ACLak4"
  },
  {
    "__type__": "cc.Animation",
    "_name": "",
    "_objFlags": 0,
    "node": {
      "__id__": 1
    },
    "_enabled": true,
    "__prefab": {
      "__id__": 159
    },
    "playOnLoad": false,
    "_clips": [
      {
        "__uuid__": "2ceef282-a4cc-45e1-a7e2-0e65f4f60213@a9a8e",
        "__expectedType__": "cc.AnimationClip"
      }
    ],
    "_defaultClip": {
      "__uuid__": "2ceef282-a4cc-45e1-a7e2-0e65f4f60213@a9a8e",
      "__expectedType__": "cc.AnimationClip"
    },
    "_id": ""
  },
  {
    "__type__": "cc.CompPrefabInfo",
    "fileId": "8cUW1RcNhQQ4+ZjaJVZ3Uy"
  },
  {
    "__type__": "cc.PrefabInfo",
    "root": {
      "__id__": 1
    },
    "asset": {
      "__id__": 0
    },
    "fileId": "eeTCkdJHRZ2azv97ycXICB"
  }
]