{
  "node_modules/bezier-js/src/bezier.js": {
    "imports": {
      "__unresolved_1": "node_modules/bezier-js/src/poly-bezier.js",
      "__unresolved_0": "node_modules/bezier-js/src/utils.js"
    },
    "physicalLocation": "fs/0/node_modules/bezier-js/src/bezier.js",
    "mTimestamp": 1639981146405
  },
  "node_modules/bezier-js/src/utils.js": {
    "imports": {
      "__unresolved_0": "node_modules/bezier-js/src/bezier.js"
    },
    "physicalLocation": "fs/0/node_modules/bezier-js/src/utils.js",
    "mTimestamp": 1639981146583
  },
  "node_modules/bezier-js/src/poly-bezier.js": {
    "imports": {
      "__unresolved_0": "node_modules/bezier-js/src/utils.js"
    },
    "physicalLocation": "fs/0/node_modules/bezier-js/src/poly-bezier.js",
    "mTimestamp": 1639981146597
  },
  "assets/src/Rotation.js": {
    "imports": {
      "cc": "quick-pack:/cce/internal/x/cc.js"
    },
    "physicalLocation": "fs/0/assets/src/Rotation.js",
    "mTimestamp": 1639987655754
  },
  "quick-pack:/cce/internal/x/cc.js": {
    "imports": {
      "__unresolved_0": {
        "external": true,
        "url": "cce:/internal/x/cc-fu/base"
      },
      "__unresolved_1": {
        "external": true,
        "url": "cce:/internal/x/cc-fu/gfx-webgl"
      },
      "__unresolved_2": {
        "external": true,
        "url": "cce:/internal/x/cc-fu/gfx-webgl2"
      },
      "__unresolved_3": {
        "external": true,
        "url": "cce:/internal/x/cc-fu/3d"
      },
      "__unresolved_4": {
        "external": true,
        "url": "cce:/internal/x/cc-fu/2d"
      },
      "__unresolved_5": {
        "external": true,
        "url": "cce:/internal/x/cc-fu/ui"
      },
      "__unresolved_6": {
        "external": true,
        "url": "cce:/internal/x/cc-fu/particle"
      },
      "__unresolved_7": {
        "external": true,
        "url": "cce:/internal/x/cc-fu/particle-2d"
      },
      "__unresolved_8": {
        "external": true,
        "url": "cce:/internal/x/cc-fu/physics-framework"
      },
      "__unresolved_9": {
        "external": true,
        "url": "cce:/internal/x/cc-fu/physics-2d-framework"
      },
      "__unresolved_10": {
        "external": true,
        "url": "cce:/internal/x/cc-fu/intersection-2d"
      },
      "__unresolved_11": {
        "external": true,
        "url": "cce:/internal/x/cc-fu/primitive"
      },
      "__unresolved_12": {
        "external": true,
        "url": "cce:/internal/x/cc-fu/profiler"
      },
      "__unresolved_13": {
        "external": true,
        "url": "cce:/internal/x/cc-fu/audio"
      },
      "__unresolved_14": {
        "external": true,
        "url": "cce:/internal/x/cc-fu/video"
      },
      "__unresolved_15": {
        "external": true,
        "url": "cce:/internal/x/cc-fu/terrain"
      },
      "__unresolved_16": {
        "external": true,
        "url": "cce:/internal/x/cc-fu/webview"
      },
      "__unresolved_17": {
        "external": true,
        "url": "cce:/internal/x/cc-fu/tween"
      },
      "__unresolved_18": {
        "external": true,
        "url": "cce:/internal/x/cc-fu/tiled-map"
      },
      "__unresolved_19": {
        "external": true,
        "url": "cce:/internal/x/cc-fu/spine"
      },
      "__unresolved_20": {
        "external": true,
        "url": "cce:/internal/x/cc-fu/dragon-bones"
      }
    },
    "physicalLocation": "cce/internal/x/cc.js",
    "mTimestamp": 1640229145972,
    "isEntry": true,
    "exposeAs": "cce:/internal/x/cc"
  },
  "quick-pack:/cce/internal/code-quality/cr.js": {
    "imports": {},
    "physicalLocation": "cce/internal/code-quality/cr.js",
    "mTimestamp": 1640229146054
  },
  "assets/src/RotationAxis.js": {
    "imports": {
      "cc": "quick-pack:/cce/internal/x/cc.js"
    },
    "physicalLocation": "fs/0/assets/src/RotationAxis.js",
    "mTimestamp": 1640229146302
  },
  "quick-pack:/cce/internal/x/prerequisite-imports.js": {
    "imports": {
      "__unresolved_0": "assets/src/Rotation.js",
      "__unresolved_1": "assets/src/RotationAxis.js",
      "__unresolved_2": "assets/src/RotationLerp.js"
    },
    "physicalLocation": "cce/internal/x/prerequisite-imports.js",
    "mTimestamp": 1640260100895,
    "isEntry": true,
    "exposeAs": "cce:/internal/x/prerequisite-imports"
  },
  "assets/src/RotationLerp.js": {
    "imports": {
      "cc": "quick-pack:/cce/internal/x/cc.js",
      "__unresolved_0": "quick-pack:/cce/internal/code-quality/cr.js",
      "bezier-js": "node_modules/bezier-js/src/bezier.js"
    },
    "physicalLocation": "fs/0/assets/src/RotationLerp.js",
    "mTimestamp": 1640260101043
  }
}
