{
  "D:\\workspace\\cocos\\rotation\\rotation\\assets\\scene.scene.meta": {
    "time": 1639922798886.5222
  },
  "D:\\workspace\\cocos\\rotation\\rotation\\assets\\scene.scene": {
    "time": 1640259958913.484,
    "uuid": "f2dd1719-ac66-4b94-b56c-def0c7bf8015",
    "missing": false
  },
  "D:\\workspace\\cocos\\rotation\\rotation\\assets\\res.meta": {
    "time": 1639723209919.7224
  },
  "D:\\workspace\\cocos\\rotation\\rotation\\assets\\res\\skybox.meta": {
    "time": 1639723209927.5647
  },
  "D:\\workspace\\cocos\\rotation\\rotation\\assets\\res\\skybox\\cubemap_sky01.cubemap.meta": {
    "time": 1639723214097.2234
  },
  "D:\\workspace\\cocos\\rotation\\rotation\\assets\\res\\skybox\\cubemap_sky02.cubemap.meta": {
    "time": 1639723214101.7065
  },
  "D:\\workspace\\cocos\\rotation\\rotation\\assets\\res\\skybox\\cubemap_sky03.cubemap.meta": {
    "time": 1639723214104.6868
  },
  "D:\\workspace\\cocos\\rotation\\rotation\\assets\\res\\skybox\\cubemap_sky04.cubemap.meta": {
    "time": 1639723214106.7617
  },
  "D:\\workspace\\cocos\\rotation\\rotation\\assets\\res\\skybox\\cubemap_sky05.cubemap.meta": {
    "time": 1639723214109.1902
  },
  "D:\\workspace\\cocos\\rotation\\rotation\\assets\\res\\skybox\\cubemap_sky06.cubemap.meta": {
    "time": 1639723214113.954
  },
  "D:\\workspace\\cocos\\rotation\\rotation\\assets\\res\\skybox\\cubemap_sky07.cubemap.meta": {
    "time": 1639723214117.7234
  },
  "D:\\workspace\\cocos\\rotation\\rotation\\assets\\res\\skybox\\cubemap_sky08.cubemap.meta": {
    "time": 1639723214120.1414
  },
  "D:\\workspace\\cocos\\rotation\\rotation\\assets\\res\\skybox\\cubemap_sky09.cubemap.meta": {
    "time": 1639723214123.3762
  },
  "D:\\workspace\\cocos\\rotation\\rotation\\assets\\res\\skybox\\cubemap_sky10.cubemap.meta": {
    "time": 1639723214127.822
  },
  "D:\\workspace\\cocos\\rotation\\rotation\\assets\\res\\skybox\\Sky_07.meta": {
    "time": 1639723214139.6848
  },
  "D:\\workspace\\cocos\\rotation\\rotation\\assets\\res\\skybox\\Sky_08.meta": {
    "time": 1639723214141.7083
  },
  "D:\\workspace\\cocos\\rotation\\rotation\\assets\\res\\skybox\\Sky_09.meta": {
    "time": 1639723214142.8098
  },
  "D:\\workspace\\cocos\\rotation\\rotation\\assets\\res\\skybox\\Sky_10.meta": {
    "time": 1639723214143.9558
  },
  "D:\\workspace\\cocos\\rotation\\rotation\\assets\\res\\skybox\\Sky_07\\Sky0002.jpg.meta": {
    "time": 1639723214949.3315
  },
  "D:\\workspace\\cocos\\rotation\\rotation\\assets\\res\\skybox\\Sky_07\\Sky0003.jpg.meta": {
    "time": 1639723214952.047
  },
  "D:\\workspace\\cocos\\rotation\\rotation\\assets\\res\\skybox\\Sky_07\\Sky0004.jpg.meta": {
    "time": 1639723214954.8574
  },
  "D:\\workspace\\cocos\\rotation\\rotation\\assets\\res\\skybox\\Sky_07\\Sky0005.jpg.meta": {
    "time": 1639723214958.3342
  },
  "D:\\workspace\\cocos\\rotation\\rotation\\assets\\res\\skybox\\Sky_08\\Sky0000.png.meta": {
    "time": 1639723214964.7395
  },
  "D:\\workspace\\cocos\\rotation\\rotation\\assets\\res\\skybox\\Sky_08\\Sky0001.png.meta": {
    "time": 1639723214965.975
  },
  "D:\\workspace\\cocos\\rotation\\rotation\\assets\\res\\skybox\\Sky_08\\Sky0002.png.meta": {
    "time": 1639723214973.7354
  },
  "D:\\workspace\\cocos\\rotation\\rotation\\assets\\res\\skybox\\Sky_08\\Sky0003.png.meta": {
    "time": 1639723214975.6428
  },
  "D:\\workspace\\cocos\\rotation\\rotation\\assets\\res\\skybox\\Sky_08\\Sky0004.png.meta": {
    "time": 1639723214993.8655
  },
  "D:\\workspace\\cocos\\rotation\\rotation\\assets\\res\\skybox\\Sky_08\\Sky0005.png.meta": {
    "time": 1639723214995.551
  },
  "D:\\workspace\\cocos\\rotation\\rotation\\assets\\res\\skybox\\Sky_09\\Sky0000.png.meta": {
    "time": 1639723214999.0166
  },
  "D:\\workspace\\cocos\\rotation\\rotation\\assets\\res\\skybox\\Sky_09\\Sky0001.png.meta": {
    "time": 1639723215000.8325
  },
  "D:\\workspace\\cocos\\rotation\\rotation\\assets\\res\\skybox\\Sky_09\\Sky0002.png.meta": {
    "time": 1639723215005.6611
  },
  "D:\\workspace\\cocos\\rotation\\rotation\\assets\\res\\skybox\\Sky_09\\Sky0003.png.meta": {
    "time": 1639723215007.3562
  },
  "D:\\workspace\\cocos\\rotation\\rotation\\assets\\res\\skybox\\Sky_09\\Sky0004.png.meta": {
    "time": 1639723215009.3599
  },
  "D:\\workspace\\cocos\\rotation\\rotation\\assets\\res\\skybox\\Sky_09\\Sky0005.png.meta": {
    "time": 1639723215013.7744
  },
  "D:\\workspace\\cocos\\rotation\\rotation\\assets\\res\\skybox\\Sky_10\\Sky0000.png.meta": {
    "time": 1639723215017.225
  },
  "D:\\workspace\\cocos\\rotation\\rotation\\assets\\res\\skybox\\Sky_10\\Sky0001.png.meta": {
    "time": 1639723215020.9094
  },
  "D:\\workspace\\cocos\\rotation\\rotation\\assets\\res\\skybox\\Sky_10\\Sky0002.png.meta": {
    "time": 1639723215027.6606
  },
  "D:\\workspace\\cocos\\rotation\\rotation\\assets\\res\\skybox\\Sky_10\\Sky0003.png.meta": {
    "time": 1639723215025.4438
  },
  "D:\\workspace\\cocos\\rotation\\rotation\\assets\\res\\skybox\\Sky_10\\Sky0004.png.meta": {
    "time": 1639723215031.2502
  },
  "D:\\workspace\\cocos\\rotation\\rotation\\assets\\res\\skybox\\Sky_10\\Sky0005.png.meta": {
    "time": 1639723215042.5242
  },
  "D:\\workspace\\cocos\\rotation\\rotation\\assets\\res": {
    "time": 1639971651542.436,
    "uuid": "afb0cfff-dc66-425b-9b1a-8ed9cf2ae506",
    "missing": false
  },
  "D:\\workspace\\cocos\\rotation\\rotation\\assets\\res\\skybox": {
    "time": 1639971639997.9988,
    "uuid": "93197ff9-3802-421f-a03e-ad53bcba0e2a",
    "missing": false
  },
  "D:\\workspace\\cocos\\rotation\\rotation\\assets\\res\\skybox\\cubemap_sky03.cubemap": {
    "time": 1639723165097.4434,
    "uuid": "57410778-fa13-48b2-9d57-7474d31de405",
    "missing": false
  },
  "D:\\workspace\\cocos\\rotation\\rotation\\assets\\res\\skybox\\cubemap_sky01.cubemap": {
    "time": 1639723165096.4531,
    "uuid": "beaf5ced-0687-4bd1-a3d2-972226c7957b",
    "missing": false
  },
  "D:\\workspace\\cocos\\rotation\\rotation\\assets\\res\\skybox\\cubemap_sky02.cubemap": {
    "time": 1639723165097.4434,
    "uuid": "c557f2c9-e1cf-4600-9b6d-7435dc74108c",
    "missing": false
  },
  "D:\\workspace\\cocos\\rotation\\rotation\\assets\\res\\skybox\\cubemap_sky04.cubemap": {
    "time": 1639723165098.4397,
    "uuid": "4d8393a9-bd52-4113-8fc1-b66395e9aeca",
    "missing": false
  },
  "D:\\workspace\\cocos\\rotation\\rotation\\assets\\res\\skybox\\cubemap_sky05.cubemap": {
    "time": 1639723165098.4397,
    "uuid": "2921bd04-8451-418b-ac0b-6d142a584a08",
    "missing": false
  },
  "D:\\workspace\\cocos\\rotation\\rotation\\assets\\res\\skybox\\cubemap_sky06.cubemap": {
    "time": 1639723165099.4368,
    "uuid": "5cefa511-2816-4455-aba6-0c54109631a5",
    "missing": false
  },
  "D:\\workspace\\cocos\\rotation\\rotation\\assets\\res\\skybox\\Sky_07": {
    "time": 1639971639874.906,
    "uuid": "e10231eb-c3c0-48d9-8cc1-ad062f7eaed0",
    "missing": false
  },
  "D:\\workspace\\cocos\\rotation\\rotation\\assets\\res\\skybox\\cubemap_sky08.cubemap": {
    "time": 1639723165100.4697,
    "uuid": "1f39e355-0c8c-4223-9a84-d6e74be830e1",
    "missing": false
  },
  "D:\\workspace\\cocos\\rotation\\rotation\\assets\\res\\skybox\\cubemap_sky09.cubemap": {
    "time": 1639723165100.4697,
    "uuid": "056d89a5-7e92-4482-8cd3-e8c8552ea4b3",
    "missing": false
  },
  "D:\\workspace\\cocos\\rotation\\rotation\\assets\\res\\skybox\\Sky_08": {
    "time": 1639971639850.6035,
    "uuid": "df92b1af-307f-4e53-9c07-bea90cf970dd",
    "missing": false
  },
  "D:\\workspace\\cocos\\rotation\\rotation\\assets\\res\\skybox\\Sky_09": {
    "time": 1639971639833.0962,
    "uuid": "eaf5f22b-bf1f-48f8-8f4b-c1edc87937bc",
    "missing": false
  },
  "D:\\workspace\\cocos\\rotation\\rotation\\assets\\res\\skybox\\Sky_10": {
    "time": 1639971639813.786,
    "uuid": "4fffc3df-18dd-4c5d-aad7-75b96ca4c929",
    "missing": false
  },
  "D:\\workspace\\cocos\\rotation\\rotation\\assets\\res\\skybox\\cubemap_sky07.cubemap": {
    "time": 1639723165099.9736,
    "uuid": "fa1148d2-effd-488a-ae67-c2129907f05e",
    "missing": false
  },
  "D:\\workspace\\cocos\\rotation\\rotation\\assets\\res\\skybox\\cubemap_sky10.cubemap": {
    "time": 1639723165101.4734,
    "uuid": "031815de-1e7f-4c93-82e5-15ae156d35ed",
    "missing": false
  },
  "D:\\workspace\\cocos\\rotation\\rotation\\assets\\res\\skybox\\Sky_07\\Sky0003.jpg": {
    "time": 1639723165019.1948,
    "uuid": "00b05b3a-cc9c-4ccd-9425-72632b659eff",
    "missing": false
  },
  "D:\\workspace\\cocos\\rotation\\rotation\\assets\\res\\skybox\\Sky_07\\Sky0004.jpg": {
    "time": 1639723165020.1914,
    "uuid": "a6c47018-859e-41bc-96a9-3d1f0b088109",
    "missing": false
  },
  "D:\\workspace\\cocos\\rotation\\rotation\\assets\\res\\skybox\\Sky_07\\Sky0005.jpg": {
    "time": 1639723165021.1887,
    "uuid": "fb26d584-06e0-4996-8b0c-b8a752b18e8f",
    "missing": false
  },
  "D:\\workspace\\cocos\\rotation\\rotation\\assets\\res\\skybox\\Sky_07\\Sky0002.jpg": {
    "time": 1639723165018.198,
    "uuid": "d7810337-3c7c-4c6c-91a8-e3379c581a55",
    "missing": false
  },
  "D:\\workspace\\cocos\\rotation\\rotation\\assets\\res\\skybox\\Sky_08\\Sky0000.png": {
    "time": 1639723165024.6494,
    "uuid": "26d3e3aa-ff97-42ff-b9e3-2b02930eb34e",
    "missing": false
  },
  "D:\\workspace\\cocos\\rotation\\rotation\\assets\\res\\skybox\\Sky_08\\Sky0003.png": {
    "time": 1639723165031.465,
    "uuid": "dbdf8e49-3757-4ff5-8988-c9b41455fbc8",
    "missing": false
  },
  "D:\\workspace\\cocos\\rotation\\rotation\\assets\\res\\skybox\\Sky_08\\Sky0001.png": {
    "time": 1639723165028.454,
    "uuid": "2c1e35a8-997b-484f-ab57-747fff3d29c2",
    "missing": false
  },
  "D:\\workspace\\cocos\\rotation\\rotation\\assets\\res\\skybox\\Sky_08\\Sky0004.png": {
    "time": 1639723165032.462,
    "uuid": "64997c39-474a-401d-89a3-ea691af20922",
    "missing": false
  },
  "D:\\workspace\\cocos\\rotation\\rotation\\assets\\res\\skybox\\Sky_08\\Sky0002.png": {
    "time": 1639723165030.4475,
    "uuid": "64572244-9d21-4343-bdb5-49fa07cb84c8",
    "missing": false
  },
  "D:\\workspace\\cocos\\rotation\\rotation\\assets\\res\\skybox\\Sky_08\\Sky0005.png": {
    "time": 1639723165034.7456,
    "uuid": "2369ca18-2607-47d9-86bd-378e29c9d831",
    "missing": false
  },
  "D:\\workspace\\cocos\\rotation\\rotation\\assets\\res\\skybox\\Sky_09\\Sky0000.png": {
    "time": 1639723165039.5688,
    "uuid": "19fe9182-da62-4a1b-9852-175ecf9db68d",
    "missing": false
  },
  "D:\\workspace\\cocos\\rotation\\rotation\\assets\\res\\skybox\\Sky_09\\Sky0002.png": {
    "time": 1639723165050.236,
    "uuid": "9ce321c0-ee60-4851-9b97-f127c95f734b",
    "missing": false
  },
  "D:\\workspace\\cocos\\rotation\\rotation\\assets\\res\\skybox\\Sky_09\\Sky0001.png": {
    "time": 1639723165045.491,
    "uuid": "c8bad51f-d539-431f-899b-187f8ce747af",
    "missing": false
  },
  "D:\\workspace\\cocos\\rotation\\rotation\\assets\\res\\skybox\\Sky_09\\Sky0003.png": {
    "time": 1639723165054.7295,
    "uuid": "edac8638-bd08-4a0f-afe8-f8d3c2b454e8",
    "missing": false
  },
  "D:\\workspace\\cocos\\rotation\\rotation\\assets\\res\\skybox\\Sky_09\\Sky0004.png": {
    "time": 1639723165060.5981,
    "uuid": "6852e15a-89e7-4005-a324-acf5aa745de2",
    "missing": false
  },
  "D:\\workspace\\cocos\\rotation\\rotation\\assets\\res\\skybox\\Sky_09\\Sky0005.png": {
    "time": 1639723165064.5789,
    "uuid": "93aff618-94ba-493c-adf9-60bde9102458",
    "missing": false
  },
  "D:\\workspace\\cocos\\rotation\\rotation\\assets\\res\\skybox\\Sky_10\\Sky0001.png": {
    "time": 1639723165075.3135,
    "uuid": "70892b50-844a-4989-a500-b2055a86a3b7",
    "missing": false
  },
  "D:\\workspace\\cocos\\rotation\\rotation\\assets\\res\\skybox\\Sky_10\\Sky0000.png": {
    "time": 1639723165069.3499,
    "uuid": "d2476684-1f9a-4efa-af74-234767475f8e",
    "missing": false
  },
  "D:\\workspace\\cocos\\rotation\\rotation\\assets\\res\\skybox\\Sky_10\\Sky0002.png": {
    "time": 1639723165080.874,
    "uuid": "372cba5e-a4e2-43f9-8dfc-0c83a8236e1a",
    "missing": false
  },
  "D:\\workspace\\cocos\\rotation\\rotation\\assets\\res\\skybox\\Sky_10\\Sky0003.png": {
    "time": 1639723165085.513,
    "uuid": "21f5b557-8e3f-4aa0-aa84-4f89fdfc926b",
    "missing": false
  },
  "D:\\workspace\\cocos\\rotation\\rotation\\assets\\res\\skybox\\Sky_10\\Sky0004.png": {
    "time": 1639723165091.323,
    "uuid": "32811a18-b9ed-4081-b28f-618b6b2d7561",
    "missing": false
  },
  "D:\\workspace\\cocos\\rotation\\rotation\\assets\\res\\skybox\\Sky_10\\Sky0005.png": {
    "time": 1639723165096.4531,
    "uuid": "5e6f7365-d76b-40a3-8389-360ac193d154",
    "missing": false
  },
  "D:\\workspace\\cocos\\rotation\\rotation\\assets\\res\\actors.meta": {
    "time": 1639723209921.1096
  },
  "D:\\workspace\\cocos\\rotation\\rotation\\assets\\res\\model.meta": {
    "time": 1639723209926.0757
  },
  "D:\\workspace\\cocos\\rotation\\rotation\\assets\\res\\actors\\@BattleRetreat.FBX.meta": {
    "time": 1639723210542.914
  },
  "D:\\workspace\\cocos\\rotation\\rotation\\assets\\res\\actors\\@BattleRun.FBX.meta": {
    "time": 1639723210436.112
  },
  "D:\\workspace\\cocos\\rotation\\rotation\\assets\\res\\actors\\@BattleStand.FBX.meta": {
    "time": 1639723210601.6028
  },
  "D:\\workspace\\cocos\\rotation\\rotation\\assets\\res\\actors\\@Cast.FBX.meta": {
    "time": 1639723210559.5857
  },
  "D:\\workspace\\cocos\\rotation\\rotation\\assets\\res\\actors\\@DamageA.FBX.meta": {
    "time": 1639723210563.1106
  },
  "D:\\workspace\\cocos\\rotation\\rotation\\assets\\res\\actors\\@Dead.FBX.meta": {
    "time": 1639723211042.3896
  },
  "D:\\workspace\\cocos\\rotation\\rotation\\assets\\res\\actors\\@DeadStand.FBX.meta": {
    "time": 1639723210883.1953
  },
  "D:\\workspace\\cocos\\rotation\\rotation\\assets\\res\\actors\\@IdleA.FBX.meta": {
    "time": 1639723211296.3208
  },
  "D:\\workspace\\cocos\\rotation\\rotation\\assets\\res\\actors\\@IdleB.FBX.meta": {
    "time": 1639723211708.406
  },
  "D:\\workspace\\cocos\\rotation\\rotation\\assets\\res\\actors\\@IdleC.FBX.meta": {
    "time": 1639723211452.434
  },
  "D:\\workspace\\cocos\\rotation\\rotation\\assets\\res\\actors\\@jumpA.FBX.meta": {
    "time": 1639723211227.4688
  },
  "D:\\workspace\\cocos\\rotation\\rotation\\assets\\res\\actors\\@jumpA_1.FBX.meta": {
    "time": 1639723211364.5593
  },
  "D:\\workspace\\cocos\\rotation\\rotation\\assets\\res\\actors\\@jumpA_2.FBX.meta": {
    "time": 1639723211552.5437
  },
  "D:\\workspace\\cocos\\rotation\\rotation\\assets\\res\\actors\\@jumpA_C.FBX.meta": {
    "time": 1639723211771.732
  },
  "D:\\workspace\\cocos\\rotation\\rotation\\assets\\res\\actors\\@jumpB.FBX.meta": {
    "time": 1639723211740.2234
  },
  "D:\\workspace\\cocos\\rotation\\rotation\\assets\\res\\actors\\@jumpB_1.FBX.meta": {
    "time": 1639723211859.911
  },
  "D:\\workspace\\cocos\\rotation\\rotation\\assets\\res\\actors\\@jumpB_2.FBX.meta": {
    "time": 1639723211991.6953
  },
  "D:\\workspace\\cocos\\rotation\\rotation\\assets\\res\\actors\\@jumpC.FBX.meta": {
    "time": 1639723212152.444
  },
  "D:\\workspace\\cocos\\rotation\\rotation\\assets\\res\\actors\\@jumpC_2.FBX.meta": {
    "time": 1639723212253.0679
  },
  "D:\\workspace\\cocos\\rotation\\rotation\\assets\\res\\actors\\@MountA.FBX.meta": {
    "time": 1639723212185.4614
  },
  "D:\\workspace\\cocos\\rotation\\rotation\\assets\\res\\actors\\@MountB.FBX.meta": {
    "time": 1639723212292.9888
  },
  "D:\\workspace\\cocos\\rotation\\rotation\\assets\\res\\actors\\@MountC.FBX.meta": {
    "time": 1639723212478.6736
  },
  "D:\\workspace\\cocos\\rotation\\rotation\\assets\\res\\actors\\@Pick1.FBX.meta": {
    "time": 1639723212658.8726
  },
  "D:\\workspace\\cocos\\rotation\\rotation\\assets\\res\\actors\\@Pick2.FBX.meta": {
    "time": 1639723212605.9436
  },
  "D:\\workspace\\cocos\\rotation\\rotation\\assets\\res\\actors\\@Pick3.FBX.meta": {
    "time": 1639723212717.3738
  },
  "D:\\workspace\\cocos\\rotation\\rotation\\assets\\res\\actors\\@Revive.FBX.meta": {
    "time": 1639723212951.7195
  },
  "D:\\workspace\\cocos\\rotation\\rotation\\assets\\res\\actors\\@SitA.FBX.meta": {
    "time": 1639723212882.7827
  },
  "D:\\workspace\\cocos\\rotation\\rotation\\assets\\res\\actors\\@SitB.FBX.meta": {
    "time": 1639723213044.1228
  },
  "D:\\workspace\\cocos\\rotation\\rotation\\assets\\res\\actors\\@SitC.FBX.meta": {
    "time": 1639723213138.7363
  },
  "D:\\workspace\\cocos\\rotation\\rotation\\assets\\res\\actors\\@SkillA.FBX.meta": {
    "time": 1639723213350.3623
  },
  "D:\\workspace\\cocos\\rotation\\rotation\\assets\\res\\actors\\@SkillB.FBX.meta": {
    "time": 1639723213476.9734
  },
  "D:\\workspace\\cocos\\rotation\\rotation\\assets\\res\\actors\\@SkillC.FBX.meta": {
    "time": 1639723213526.2449
  },
  "D:\\workspace\\cocos\\rotation\\rotation\\assets\\res\\actors\\@SkillD.FBX.meta": {
    "time": 1639723213640.393
  },
  "D:\\workspace\\cocos\\rotation\\rotation\\assets\\res\\actors\\@SkillE.FBX.meta": {
    "time": 1639723213752.0103
  },
  "D:\\workspace\\cocos\\rotation\\rotation\\assets\\res\\actors\\@SkillL.FBX.meta": {
    "time": 1639723213854.9597
  },
  "D:\\workspace\\cocos\\rotation\\rotation\\assets\\res\\actors\\@SkillM_End.fbx.meta": {
    "time": 1639723213753.955
  },
  "D:\\workspace\\cocos\\rotation\\rotation\\assets\\res\\actors\\@SkillM_Start.FBX.meta": {
    "time": 1639723213852.2146
  },
  "D:\\workspace\\cocos\\rotation\\rotation\\assets\\res\\actors\\@Stand.FBX.meta": {
    "time": 1639723214518.7144
  },
  "D:\\workspace\\cocos\\rotation\\rotation\\assets\\res\\actors\\@Vertigo.FBX.meta": {
    "time": 1639723214460.3086
  },
  "D:\\workspace\\cocos\\rotation\\rotation\\assets\\res\\actors\\@Walk.FBX.meta": {
    "time": 1639723214458.3103
  },
  "D:\\workspace\\cocos\\rotation\\rotation\\assets\\res\\actors\\E3D-Syana.FBX.meta": {
    "time": 1639723214991.7031
  },
  "D:\\workspace\\cocos\\rotation\\rotation\\assets\\res\\model\\guppie-animated.meta": {
    "time": 1639723214091.7605
  },
  "D:\\workspace\\cocos\\rotation\\rotation\\assets\\res\\model\\lorenz_erdnusslocken_low_poly_asset.meta": {
    "time": 1639723214093.746
  },
  "D:\\workspace\\cocos\\rotation\\rotation\\assets\\res\\skybox\\Sky_01.meta": {
    "time": 1639723214129.3113
  },
  "D:\\workspace\\cocos\\rotation\\rotation\\assets\\res\\skybox\\Sky_02.meta": {
    "time": 1639723214130.801
  },
  "D:\\workspace\\cocos\\rotation\\rotation\\assets\\res\\skybox\\Sky_03.meta": {
    "time": 1639723214132.7876
  },
  "D:\\workspace\\cocos\\rotation\\rotation\\assets\\res\\skybox\\Sky_04.meta": {
    "time": 1639723214135.7678
  },
  "D:\\workspace\\cocos\\rotation\\rotation\\assets\\res\\skybox\\Sky_05.meta": {
    "time": 1639723214137.3293
  },
  "D:\\workspace\\cocos\\rotation\\rotation\\assets\\res\\skybox\\Sky_06.meta": {
    "time": 1639723214138.8774
  },
  "D:\\workspace\\cocos\\rotation\\rotation\\assets\\res\\model\\guppie-animated\\source.meta": {
    "time": 1639723214225.828
  },
  "D:\\workspace\\cocos\\rotation\\rotation\\assets\\res\\model\\lorenz_erdnusslocken_low_poly_asset\\scene.bin.meta": {
    "time": 1639723214463.0403
  },
  "D:\\workspace\\cocos\\rotation\\rotation\\assets\\res\\model\\lorenz_erdnusslocken_low_poly_asset\\scene.gltf.meta": {
    "time": 1639723214525.0334
  },
  "D:\\workspace\\cocos\\rotation\\rotation\\assets\\res\\model\\lorenz_erdnusslocken_low_poly_asset\\textures.meta": {
    "time": 1639723214462.517
  },
  "D:\\workspace\\cocos\\rotation\\rotation\\assets\\res\\skybox\\Sky_01\\Sky0000.jpg.meta": {
    "time": 1639723214514.0225
  },
  "D:\\workspace\\cocos\\rotation\\rotation\\assets\\res\\skybox\\Sky_01\\Sky0001.jpg.meta": {
    "time": 1639723214508.2832
  },
  "D:\\workspace\\cocos\\rotation\\rotation\\assets\\res\\skybox\\Sky_01\\Sky0002.jpg.meta": {
    "time": 1639723214763.526
  },
  "D:\\workspace\\cocos\\rotation\\rotation\\assets\\res\\skybox\\Sky_01\\Sky0003.jpg.meta": {
    "time": 1639723214770.049
  },
  "D:\\workspace\\cocos\\rotation\\rotation\\assets\\res\\skybox\\Sky_01\\Sky0004.jpg.meta": {
    "time": 1639723214772.567
  },
  "D:\\workspace\\cocos\\rotation\\rotation\\assets\\res\\skybox\\Sky_01\\Sky0005.jpg.meta": {
    "time": 1639723214776.1765
  },
  "D:\\workspace\\cocos\\rotation\\rotation\\assets\\res\\skybox\\Sky_02\\Sky0000.jpg.meta": {
    "time": 1639723214782.125
  },
  "D:\\workspace\\cocos\\rotation\\rotation\\assets\\res\\skybox\\Sky_02\\Sky0001.jpg.meta": {
    "time": 1639723214785.1516
  },
  "D:\\workspace\\cocos\\rotation\\rotation\\assets\\res\\skybox\\Sky_02\\Sky0002.jpg.meta": {
    "time": 1639723214787.392
  },
  "D:\\workspace\\cocos\\rotation\\rotation\\assets\\res\\skybox\\Sky_02\\Sky0003.jpg.meta": {
    "time": 1639723214794.257
  },
  "D:\\workspace\\cocos\\rotation\\rotation\\assets\\res\\skybox\\Sky_02\\Sky0004.jpg.meta": {
    "time": 1639723214797.1008
  },
  "D:\\workspace\\cocos\\rotation\\rotation\\assets\\res\\skybox\\Sky_02\\Sky0005.jpg.meta": {
    "time": 1639723214800.6
  },
  "D:\\workspace\\cocos\\rotation\\rotation\\assets\\res\\skybox\\Sky_03\\Sky0000.jpg.meta": {
    "time": 1639723214805.232
  },
  "D:\\workspace\\cocos\\rotation\\rotation\\assets\\res\\skybox\\Sky_03\\Sky0001.jpg.meta": {
    "time": 1639723214808.418
  },
  "D:\\workspace\\cocos\\rotation\\rotation\\assets\\res\\skybox\\Sky_03\\Sky0002.jpg.meta": {
    "time": 1639723214812.0674
  },
  "D:\\workspace\\cocos\\rotation\\rotation\\assets\\res\\skybox\\Sky_03\\Sky0003.jpg.meta": {
    "time": 1639723214816.3809
  },
  "D:\\workspace\\cocos\\rotation\\rotation\\assets\\res\\skybox\\Sky_03\\Sky0004.jpg.meta": {
    "time": 1639723214821.14
  },
  "D:\\workspace\\cocos\\rotation\\rotation\\assets\\res\\skybox\\Sky_03\\Sky0005.jpg.meta": {
    "time": 1639723214825.5732
  },
  "D:\\workspace\\cocos\\rotation\\rotation\\assets\\res\\skybox\\Sky_04\\Sky0000.jpg.meta": {
    "time": 1639723214827.969
  },
  "D:\\workspace\\cocos\\rotation\\rotation\\assets\\res\\skybox\\Sky_04\\Sky0001.jpg.meta": {
    "time": 1639723214831.595
  },
  "D:\\workspace\\cocos\\rotation\\rotation\\assets\\res\\skybox\\Sky_04\\Sky0002.jpg.meta": {
    "time": 1639723214836.5813
  },
  "D:\\workspace\\cocos\\rotation\\rotation\\assets\\res\\skybox\\Sky_04\\Sky0003.jpg.meta": {
    "time": 1639723214841.5205
  },
  "D:\\workspace\\cocos\\rotation\\rotation\\assets\\res\\skybox\\Sky_04\\Sky0004.jpg.meta": {
    "time": 1639723214840.115
  },
  "D:\\workspace\\cocos\\rotation\\rotation\\assets\\res\\skybox\\Sky_04\\Sky0005.jpg.meta": {
    "time": 1639723214848.486
  },
  "D:\\workspace\\cocos\\rotation\\rotation\\assets\\res\\skybox\\Sky_05\\Sky0000.jpg.meta": {
    "time": 1639723214851.3428
  },
  "D:\\workspace\\cocos\\rotation\\rotation\\assets\\res\\skybox\\Sky_05\\Sky0001.jpg.meta": {
    "time": 1639723214856.3984
  },
  "D:\\workspace\\cocos\\rotation\\rotation\\assets\\res\\skybox\\Sky_05\\Sky0002.jpg.meta": {
    "time": 1639723214859.2842
  },
  "D:\\workspace\\cocos\\rotation\\rotation\\assets\\res\\skybox\\Sky_05\\Sky0003.jpg.meta": {
    "time": 1639723214865.4885
  },
  "D:\\workspace\\cocos\\rotation\\rotation\\assets\\res\\skybox\\Sky_05\\Sky0004.jpg.meta": {
    "time": 1639723214864.4138
  },
  "D:\\workspace\\cocos\\rotation\\rotation\\assets\\res\\skybox\\Sky_05\\Sky0005.jpg.meta": {
    "time": 1639723214871.9153
  },
  "D:\\workspace\\cocos\\rotation\\rotation\\assets\\res\\skybox\\Sky_06\\Sky0000.jpg.meta": {
    "time": 1639723214873.9067
  },
  "D:\\workspace\\cocos\\rotation\\rotation\\assets\\res\\skybox\\Sky_06\\Sky0001.jpg.meta": {
    "time": 1639723214918.009
  },
  "D:\\workspace\\cocos\\rotation\\rotation\\assets\\res\\skybox\\Sky_06\\Sky0002.jpg.meta": {
    "time": 1639723214919.656
  },
  "D:\\workspace\\cocos\\rotation\\rotation\\assets\\res\\skybox\\Sky_06\\Sky0003.jpg.meta": {
    "time": 1639723214926.8547
  },
  "D:\\workspace\\cocos\\rotation\\rotation\\assets\\res\\skybox\\Sky_06\\Sky0004.jpg.meta": {
    "time": 1639723214926.8547
  },
  "D:\\workspace\\cocos\\rotation\\rotation\\assets\\res\\skybox\\Sky_06\\Sky0005.jpg.meta": {
    "time": 1639723214931.1199
  },
  "D:\\workspace\\cocos\\rotation\\rotation\\assets\\res\\skybox\\Sky_07\\Sky0000.jpg.meta": {
    "time": 1639723214935.5513
  },
  "D:\\workspace\\cocos\\rotation\\rotation\\assets\\res\\skybox\\Sky_07\\Sky0000.png.meta": {
    "time": 1639723214941.0796
  },
  "D:\\workspace\\cocos\\rotation\\rotation\\assets\\res\\skybox\\Sky_07\\Sky0001.jpg.meta": {
    "time": 1639723214939.8462
  },
  "D:\\workspace\\cocos\\rotation\\rotation\\assets\\res\\model\\guppie-animated\\source\\Guppie_Animated.fbx.meta": {
    "time": 1639723215292.8518
  },
  "D:\\workspace\\cocos\\rotation\\rotation\\assets\\res\\model\\lorenz_erdnusslocken_low_poly_asset\\textures\\A1339_Lorenz_Erdnusslocken_baseColor.png.meta": {
    "time": 1639723215047.4243
  },
  "D:\\workspace\\cocos\\rotation\\rotation\\assets\\res\\actors": {
    "time": 1639971640187.888,
    "uuid": "09530114-4848-4e8d-b0ae-9efc8cf6032d",
    "missing": false
  },
  "D:\\workspace\\cocos\\rotation\\rotation\\assets\\res\\model": {
    "time": 1639971640035.6255,
    "uuid": "34e3edac-90b7-4f55-8022-85f1ceab8bca",
    "missing": false
  },
  "D:\\workspace\\cocos\\rotation\\rotation\\assets\\res\\actors\\@DamageA.FBX": {
    "time": 1639723164860.2273,
    "uuid": "64beedcb-722c-40a1-8cf3-e41e4f67f2b6",
    "missing": false
  },
  "D:\\workspace\\cocos\\rotation\\rotation\\assets\\res\\actors\\@BattleRun.FBX": {
    "time": 1639723164850.87,
    "uuid": "2ceef282-a4cc-45e1-a7e2-0e65f4f60213",
    "missing": false
  },
  "D:\\workspace\\cocos\\rotation\\rotation\\assets\\res\\actors\\@Cast.FBX": {
    "time": 1639723164856.4624,
    "uuid": "429d4c29-d066-420e-a6fb-3c9fc91163ff",
    "missing": false
  },
  "D:\\workspace\\cocos\\rotation\\rotation\\assets\\res\\actors\\@BattleRetreat.FBX": {
    "time": 1639723164848.9536,
    "uuid": "2f981ece-097c-4c0c-855f-8387ba48a8f3",
    "missing": false
  },
  "D:\\workspace\\cocos\\rotation\\rotation\\assets\\res\\actors\\@BattleStand.FBX": {
    "time": 1639723164855.6855,
    "uuid": "9c4f53db-8e81-4f2f-adae-96d97a5f7e72",
    "missing": false
  },
  "D:\\workspace\\cocos\\rotation\\rotation\\assets\\res\\actors\\@DeadStand.FBX": {
    "time": 1639723164866.8923,
    "uuid": "d545ac92-4453-4e8b-9386-8ef2aea4f990",
    "missing": false
  },
  "D:\\workspace\\cocos\\rotation\\rotation\\assets\\res\\actors\\@Dead.FBX": {
    "time": 1639723164864.865,
    "uuid": "df323c87-0150-4a9a-a688-05038baf8af5",
    "missing": false
  },
  "D:\\workspace\\cocos\\rotation\\rotation\\assets\\res\\actors\\@jumpA.FBX": {
    "time": 1639723164918.4856,
    "uuid": "def3a8a0-b5ca-48fe-8ce3-0b891d79aae4",
    "missing": false
  },
  "D:\\workspace\\cocos\\rotation\\rotation\\assets\\res\\actors\\@IdleA.FBX": {
    "time": 1639723164868.9043,
    "uuid": "dd27814a-50e7-41c0-9ea5-6a8327ef95d1",
    "missing": false
  },
  "D:\\workspace\\cocos\\rotation\\rotation\\assets\\res\\actors\\@jumpA_1.FBX": {
    "time": 1639723164923.8613,
    "uuid": "d01ffe2d-3ed3-4746-a419-9e13492afa18",
    "missing": false
  },
  "D:\\workspace\\cocos\\rotation\\rotation\\assets\\res\\actors\\@IdleC.FBX": {
    "time": 1639723164874.7656,
    "uuid": "9a6e73c2-7393-4308-8a79-5f2b11402340",
    "missing": false
  },
  "D:\\workspace\\cocos\\rotation\\rotation\\assets\\res\\actors\\@jumpA_2.FBX": {
    "time": 1639723164924.897,
    "uuid": "6fd6bc05-3de1-4f75-a99f-a2d76863eb61",
    "missing": false
  },
  "D:\\workspace\\cocos\\rotation\\rotation\\assets\\res\\actors\\@jumpB.FBX": {
    "time": 1639723164928.3855,
    "uuid": "deaf03df-042a-4770-8b45-ef63d0922d46",
    "missing": false
  },
  "D:\\workspace\\cocos\\rotation\\rotation\\assets\\res\\actors\\@IdleB.FBX": {
    "time": 1639723164870.9739,
    "uuid": "98018075-0e6e-457d-8d34-5f2d811aa99e",
    "missing": false
  },
  "D:\\workspace\\cocos\\rotation\\rotation\\assets\\res\\actors\\@jumpA_C.FBX": {
    "time": 1639723164927.2505,
    "uuid": "4fe91525-2169-43e2-8d56-9209e7b954a5",
    "missing": false
  },
  "D:\\workspace\\cocos\\rotation\\rotation\\assets\\res\\actors\\@jumpB_1.FBX": {
    "time": 1639723164930.387,
    "uuid": "fd8c709c-2c55-42f5-8b35-ff72079b2797",
    "missing": false
  },
  "D:\\workspace\\cocos\\rotation\\rotation\\assets\\res\\actors\\@jumpB_2.FBX": {
    "time": 1639723164932.4944,
    "uuid": "16aa0b55-2b87-4294-8215-6c919cf4367a",
    "missing": false
  },
  "D:\\workspace\\cocos\\rotation\\rotation\\assets\\res\\actors\\@jumpC.FBX": {
    "time": 1639723164935.6394,
    "uuid": "59dfc53d-9d96-4489-b336-82ff5640b8ba",
    "missing": false
  },
  "D:\\workspace\\cocos\\rotation\\rotation\\assets\\res\\actors\\@MountA.FBX": {
    "time": 1639723164878.758,
    "uuid": "79152248-40bf-4c13-8fe6-75bb30b74aa6",
    "missing": false
  },
  "D:\\workspace\\cocos\\rotation\\rotation\\assets\\res\\actors\\@jumpC_2.FBX": {
    "time": 1639723164937.1301,
    "uuid": "ad363363-42de-4535-806f-f032baef9463",
    "missing": false
  },
  "D:\\workspace\\cocos\\rotation\\rotation\\assets\\res\\actors\\@MountB.FBX": {
    "time": 1639723164879.9653,
    "uuid": "3ceddfc1-f28e-4c3a-a233-8f5a72953d7a",
    "missing": false
  },
  "D:\\workspace\\cocos\\rotation\\rotation\\assets\\res\\actors\\@MountC.FBX": {
    "time": 1639723164882.0073,
    "uuid": "6603a0d0-6b69-49a8-b005-33aca7849ec4",
    "missing": false
  },
  "D:\\workspace\\cocos\\rotation\\rotation\\assets\\res\\actors\\@Pick2.FBX": {
    "time": 1639723164886.992,
    "uuid": "0d69b7f6-6bff-4429-8daa-14ba94b4b923",
    "missing": false
  },
  "D:\\workspace\\cocos\\rotation\\rotation\\assets\\res\\actors\\@Pick1.FBX": {
    "time": 1639723164884.0796,
    "uuid": "4c0bfd69-dcc6-4bc2-9059-7a9b8aa5d575",
    "missing": false
  },
  "D:\\workspace\\cocos\\rotation\\rotation\\assets\\res\\actors\\@Pick3.FBX": {
    "time": 1639723164887.989,
    "uuid": "0f1888b4-68ab-449c-9372-f944d3e56cd3",
    "missing": false
  },
  "D:\\workspace\\cocos\\rotation\\rotation\\assets\\res\\actors\\@Revive.FBX": {
    "time": 1639723164889.5278,
    "uuid": "71c3211a-f657-43c3-8f55-0bf53020ae8b",
    "missing": false
  },
  "D:\\workspace\\cocos\\rotation\\rotation\\assets\\res\\actors\\@SitA.FBX": {
    "time": 1639723164891.7896,
    "uuid": "62d3ab70-7967-4568-95d7-89f6ce464cd8",
    "missing": false
  },
  "D:\\workspace\\cocos\\rotation\\rotation\\assets\\res\\actors\\@SitC.FBX": {
    "time": 1639723164894.7007,
    "uuid": "bdef7e2b-aa97-44a9-b38a-91f508da56cd",
    "missing": false
  },
  "D:\\workspace\\cocos\\rotation\\rotation\\assets\\res\\actors\\@SitB.FBX": {
    "time": 1639723164892.7222,
    "uuid": "b802b9c5-9b5e-4b4a-9e67-d10a80b857aa",
    "missing": false
  },
  "D:\\workspace\\cocos\\rotation\\rotation\\assets\\res\\actors\\@SkillA.FBX": {
    "time": 1639723164896.694,
    "uuid": "8ab2b8f3-ebaf-4314-9549-b4f64dd498e3",
    "missing": false
  },
  "D:\\workspace\\cocos\\rotation\\rotation\\assets\\res\\actors\\@SkillC.FBX": {
    "time": 1639723164900.0015,
    "uuid": "5774b5ed-78df-4874-bfcd-e6c395c07f9c",
    "missing": false
  },
  "D:\\workspace\\cocos\\rotation\\rotation\\assets\\res\\actors\\@SkillB.FBX": {
    "time": 1639723164898.6873,
    "uuid": "9420b1a3-50db-46ac-b06b-282bdb338115",
    "missing": false
  },
  "D:\\workspace\\cocos\\rotation\\rotation\\assets\\res\\actors\\@SkillD.FBX": {
    "time": 1639723164902.4934,
    "uuid": "74cd2828-e137-476f-a82a-205afef1a7a9",
    "missing": false
  },
  "D:\\workspace\\cocos\\rotation\\rotation\\assets\\res\\actors\\@SkillM_Start.FBX": {
    "time": 1639723164910.4102,
    "uuid": "2d1ba026-5383-422e-a6c0-b650eedf897d",
    "missing": false
  },
  "D:\\workspace\\cocos\\rotation\\rotation\\assets\\res\\actors\\@SkillM_End.fbx": {
    "time": 1639723164909.488,
    "uuid": "031b779f-d1c1-46cd-9c00-0b22362687f5",
    "missing": false
  },
  "D:\\workspace\\cocos\\rotation\\rotation\\assets\\res\\actors\\@Stand.FBX": {
    "time": 1639723164912.6973,
    "uuid": "6ab3d1fc-e0f8-4903-8ee1-8866212b6f4f",
    "missing": false
  },
  "D:\\workspace\\cocos\\rotation\\rotation\\assets\\res\\actors\\@SkillE.FBX": {
    "time": 1639723164906.619,
    "uuid": "c67efd44-2711-4c9c-ad0b-f6eaa04a566e",
    "missing": false
  },
  "D:\\workspace\\cocos\\rotation\\rotation\\assets\\res\\actors\\@SkillL.FBX": {
    "time": 1639723164907.363,
    "uuid": "4e2c5e49-1dbb-48c1-a1c0-bd1b76a45f23",
    "missing": false
  },
  "D:\\workspace\\cocos\\rotation\\rotation\\assets\\res\\model\\guppie-animated": {
    "time": 1639971640037.4355,
    "uuid": "81bc4bba-acd8-4f44-97ae-0936eda63d65",
    "missing": false
  },
  "D:\\workspace\\cocos\\rotation\\rotation\\assets\\res\\model\\lorenz_erdnusslocken_low_poly_asset": {
    "time": 1639971640033.1953,
    "uuid": "f76318b5-b0d3-42ea-a941-a4401b6cab4b",
    "missing": false
  },
  "D:\\workspace\\cocos\\rotation\\rotation\\assets\\res\\skybox\\Sky_01": {
    "time": 1639971640016.5703,
    "uuid": "8faa2b36-f277-47df-91c6-49085b631061",
    "missing": false
  },
  "D:\\workspace\\cocos\\rotation\\rotation\\assets\\res\\skybox\\Sky_02": {
    "time": 1639971639993.9626,
    "uuid": "85dcd697-faa9-4da9-83d2-a9f163e24429",
    "missing": false
  },
  "D:\\workspace\\cocos\\rotation\\rotation\\assets\\res\\skybox\\Sky_03": {
    "time": 1639971639976.6714,
    "uuid": "c6ddeaff-b693-4aa6-b533-94c3a6889d60",
    "missing": false
  },
  "D:\\workspace\\cocos\\rotation\\rotation\\assets\\res\\skybox\\Sky_04": {
    "time": 1639971639948.8655,
    "uuid": "b8a24a41-82d0-4b68-bae6-df1040e9b23c",
    "missing": false
  },
  "D:\\workspace\\cocos\\rotation\\rotation\\assets\\res\\skybox\\Sky_05": {
    "time": 1639971639913.401,
    "uuid": "e164b9cb-77b6-434d-a3e1-fa5c39ba90b7",
    "missing": false
  },
  "D:\\workspace\\cocos\\rotation\\rotation\\assets\\res\\skybox\\Sky_06": {
    "time": 1639971639893.4265,
    "uuid": "862b303c-d2cf-40f4-a1b4-be0470afd5a0",
    "missing": false
  },
  "D:\\workspace\\cocos\\rotation\\rotation\\assets\\res\\model\\guppie-animated\\source": {
    "time": 1639971640039.8098,
    "uuid": "b12b0fe6-e9a7-496c-9682-29898b000865",
    "missing": false
  },
  "D:\\workspace\\cocos\\rotation\\rotation\\assets\\res\\model\\lorenz_erdnusslocken_low_poly_asset\\scene.bin": {
    "time": 1639723164971.6355,
    "uuid": "0a24ae74-0fe1-4928-b181-8480bbe399a3",
    "missing": false
  },
  "D:\\workspace\\cocos\\rotation\\rotation\\assets\\res\\model\\lorenz_erdnusslocken_low_poly_asset\\textures": {
    "time": 1639971640025.523,
    "uuid": "bd677fcb-db37-42ef-a526-3d3f410bd388",
    "missing": false
  },
  "D:\\workspace\\cocos\\rotation\\rotation\\assets\\res\\model\\lorenz_erdnusslocken_low_poly_asset\\scene.gltf": {
    "time": 1639723164971.6355,
    "uuid": "239300b5-e817-48bc-a7e1-196f96d2602c",
    "missing": false
  },
  "D:\\workspace\\cocos\\rotation\\rotation\\assets\\res\\skybox\\Sky_01\\Sky0000.jpg": {
    "time": 1639723164976.6184,
    "uuid": "b67616c7-aba0-4b89-9917-ae8eb2e39d80",
    "missing": false
  },
  "D:\\workspace\\cocos\\rotation\\rotation\\assets\\res\\skybox\\Sky_01\\Sky0001.jpg": {
    "time": 1639723164977.615,
    "uuid": "aa1c32e9-5422-4c08-845e-448b4b9115f3",
    "missing": false
  },
  "D:\\workspace\\cocos\\rotation\\rotation\\assets\\res\\skybox\\Sky_01\\Sky0002.jpg": {
    "time": 1639723164978.149,
    "uuid": "897e99bc-174b-40d4-879c-0ce685ed5036",
    "missing": false
  },
  "D:\\workspace\\cocos\\rotation\\rotation\\assets\\res\\skybox\\Sky_01\\Sky0003.jpg": {
    "time": 1639723164979.2024,
    "uuid": "563b6f18-fe9f-4860-95ce-ce09b3295565",
    "missing": false
  },
  "D:\\workspace\\cocos\\rotation\\rotation\\assets\\res\\skybox\\Sky_01\\Sky0004.jpg": {
    "time": 1639723164980.7505,
    "uuid": "b9f06e4c-a787-4e50-ab8a-7a0e118837e6",
    "missing": false
  },
  "D:\\workspace\\cocos\\rotation\\rotation\\assets\\res\\skybox\\Sky_01\\Sky0005.jpg": {
    "time": 1639723164981.4932,
    "uuid": "c1254332-fddc-4c5e-8706-a62ec9eea977",
    "missing": false
  },
  "D:\\workspace\\cocos\\rotation\\rotation\\assets\\res\\skybox\\Sky_02\\Sky0000.jpg": {
    "time": 1639723164983.59,
    "uuid": "9840b602-3c05-4856-b48b-41e24183d140",
    "missing": false
  },
  "D:\\workspace\\cocos\\rotation\\rotation\\assets\\res\\skybox\\Sky_02\\Sky0001.jpg": {
    "time": 1639723164984.586,
    "uuid": "0e6d8824-3cee-43a7-a006-b25b7027f9f6",
    "missing": false
  },
  "D:\\workspace\\cocos\\rotation\\rotation\\assets\\res\\skybox\\Sky_02\\Sky0002.jpg": {
    "time": 1639723164984.586,
    "uuid": "394a0e33-7c66-47f3-bcd0-a32a98880da2",
    "missing": false
  },
  "D:\\workspace\\cocos\\rotation\\rotation\\assets\\res\\skybox\\Sky_02\\Sky0003.jpg": {
    "time": 1639723164986.579,
    "uuid": "a6944268-a767-4436-bc04-56b8b17139a4",
    "missing": false
  },
  "D:\\workspace\\cocos\\rotation\\rotation\\assets\\res\\skybox\\Sky_02\\Sky0004.jpg": {
    "time": 1639723164986.579,
    "uuid": "47d850a9-a028-4176-8caa-13bd27bed79e",
    "missing": false
  },
  "D:\\workspace\\cocos\\rotation\\rotation\\assets\\res\\skybox\\Sky_02\\Sky0005.jpg": {
    "time": 1639723164987.5762,
    "uuid": "5c2ab96a-9cae-48a5-ada3-92e00dc291bc",
    "missing": false
  },
  "D:\\workspace\\cocos\\rotation\\rotation\\assets\\res\\skybox\\Sky_03\\Sky0000.jpg": {
    "time": 1639723164989.3137,
    "uuid": "ee0b34df-681b-4b08-a29c-49b3ecef4975",
    "missing": false
  },
  "D:\\workspace\\cocos\\rotation\\rotation\\assets\\res\\skybox\\Sky_03\\Sky0001.jpg": {
    "time": 1639723164990.4143,
    "uuid": "882083bf-c614-4d0f-bfd9-9a97c0d3aadb",
    "missing": false
  },
  "D:\\workspace\\cocos\\rotation\\rotation\\assets\\res\\skybox\\Sky_03\\Sky0002.jpg": {
    "time": 1639723164991.411,
    "uuid": "6d616e98-053a-47a1-b219-225e98ee872a",
    "missing": false
  },
  "D:\\workspace\\cocos\\rotation\\rotation\\assets\\res\\skybox\\Sky_03\\Sky0003.jpg": {
    "time": 1639723164992.407,
    "uuid": "ec2f3015-3f71-4a84-9b45-4d612ac3a466",
    "missing": false
  },
  "D:\\workspace\\cocos\\rotation\\rotation\\assets\\res\\skybox\\Sky_03\\Sky0004.jpg": {
    "time": 1639723164992.407,
    "uuid": "62eaadea-f08e-4b31-a09e-50e77b18b2c0",
    "missing": false
  },
  "D:\\workspace\\cocos\\rotation\\rotation\\assets\\res\\skybox\\Sky_03\\Sky0005.jpg": {
    "time": 1639723164993.4036,
    "uuid": "3c781326-d2c1-4e44-bba7-c04ad68e759e",
    "missing": false
  },
  "D:\\workspace\\cocos\\rotation\\rotation\\assets\\res\\skybox\\Sky_04\\Sky0000.jpg": {
    "time": 1639723164994.4001,
    "uuid": "73d8c636-a321-4e4b-afdf-810bb17e85b8",
    "missing": false
  },
  "D:\\workspace\\cocos\\rotation\\rotation\\assets\\res\\skybox\\Sky_04\\Sky0001.jpg": {
    "time": 1639723164995.9497,
    "uuid": "a580acd0-b7eb-4610-bce0-d4feda3ddd23",
    "missing": false
  },
  "D:\\workspace\\cocos\\rotation\\rotation\\assets\\res\\skybox\\Sky_04\\Sky0002.jpg": {
    "time": 1639723164996.9636,
    "uuid": "924a7c86-77d5-4199-a0b6-9a25c680766e",
    "missing": false
  },
  "D:\\workspace\\cocos\\rotation\\rotation\\assets\\res\\skybox\\Sky_04\\Sky0003.jpg": {
    "time": 1639723164997.9602,
    "uuid": "1450bd9e-8799-4a3f-9f68-af5e764ec0e7",
    "missing": false
  },
  "D:\\workspace\\cocos\\rotation\\rotation\\assets\\res\\skybox\\Sky_04\\Sky0004.jpg": {
    "time": 1639723164998.9565,
    "uuid": "d68c9a57-3e30-4026-93e7-01a925304e04",
    "missing": false
  },
  "D:\\workspace\\cocos\\rotation\\rotation\\assets\\res\\skybox\\Sky_04\\Sky0005.jpg": {
    "time": 1639723164999.9531,
    "uuid": "273590b4-222f-437c-82c2-0ab3b8e4c089",
    "missing": false
  },
  "D:\\workspace\\cocos\\rotation\\rotation\\assets\\res\\skybox\\Sky_05\\Sky0000.jpg": {
    "time": 1639723165001.2866,
    "uuid": "6a536155-2b57-4a7c-8b93-e5e2f80167af",
    "missing": false
  },
  "D:\\workspace\\cocos\\rotation\\rotation\\assets\\res\\skybox\\Sky_05\\Sky0001.jpg": {
    "time": 1639723165002.3496,
    "uuid": "e4b8e520-7307-41a6-9f7e-397937afa02b",
    "missing": false
  },
  "D:\\workspace\\cocos\\rotation\\rotation\\assets\\res\\skybox\\Sky_05\\Sky0002.jpg": {
    "time": 1639723165003.3464,
    "uuid": "3b733f5d-cfed-44bf-9e9c-152a155a5830",
    "missing": false
  },
  "D:\\workspace\\cocos\\rotation\\rotation\\assets\\res\\skybox\\Sky_05\\Sky0003.jpg": {
    "time": 1639723165004.343,
    "uuid": "161dbf18-18dc-4306-bedf-5fd558576cd8",
    "missing": false
  },
  "D:\\workspace\\cocos\\rotation\\rotation\\assets\\res\\skybox\\Sky_05\\Sky0004.jpg": {
    "time": 1639723165005.34,
    "uuid": "030c2fca-673e-4127-9cbf-25b635f575ff",
    "missing": false
  },
  "D:\\workspace\\cocos\\rotation\\rotation\\assets\\res\\skybox\\Sky_05\\Sky0005.jpg": {
    "time": 1639723165006.337,
    "uuid": "cce3a657-b6db-4bb2-9dd5-5b1c087939a0",
    "missing": false
  },
  "D:\\workspace\\cocos\\rotation\\rotation\\assets\\res\\skybox\\Sky_06\\Sky0000.jpg": {
    "time": 1639723165007.3345,
    "uuid": "9aa4f5e1-bbc0-4475-90e8-59ddc0a29076",
    "missing": false
  },
  "D:\\workspace\\cocos\\rotation\\rotation\\assets\\res\\skybox\\Sky_06\\Sky0001.jpg": {
    "time": 1639723165008.3308,
    "uuid": "17b56b7b-6cbb-4677-a0b8-5233a7d92025",
    "missing": false
  },
  "D:\\workspace\\cocos\\rotation\\rotation\\assets\\res\\skybox\\Sky_06\\Sky0002.jpg": {
    "time": 1639723165009.3274,
    "uuid": "57e65ba3-6de2-4e11-af02-4853f1076b34",
    "missing": false
  },
  "D:\\workspace\\cocos\\rotation\\rotation\\assets\\res\\skybox\\Sky_06\\Sky0003.jpg": {
    "time": 1639723165010.992,
    "uuid": "48df8ed8-0de9-4516-acb0-2512d7e87d30",
    "missing": false
  },
  "D:\\workspace\\cocos\\rotation\\rotation\\assets\\res\\skybox\\Sky_06\\Sky0004.jpg": {
    "time": 1639723165011.8943,
    "uuid": "c9f98a59-18a1-4040-ab46-867da392fdae",
    "missing": false
  },
  "D:\\workspace\\cocos\\rotation\\rotation\\assets\\res\\skybox\\Sky_06\\Sky0005.jpg": {
    "time": 1639723165012.9595,
    "uuid": "68b36d20-2281-41ed-aaee-aa61963ef1a3",
    "missing": false
  },
  "D:\\workspace\\cocos\\rotation\\rotation\\assets\\res\\skybox\\Sky_07\\Sky0000.jpg": {
    "time": 1639723165015.0469,
    "uuid": "e26d8617-e627-4a91-99c2-09d0f555cb17",
    "missing": false
  },
  "D:\\workspace\\cocos\\rotation\\rotation\\assets\\res\\skybox\\Sky_07\\Sky0000.png": {
    "time": 1639723165016.2048,
    "uuid": "8199f3c7-55e1-415c-a332-d317ce696069",
    "missing": false
  },
  "D:\\workspace\\cocos\\rotation\\rotation\\assets\\res\\skybox\\Sky_07\\Sky0001.jpg": {
    "time": 1639723165017.2014,
    "uuid": "de1eb24a-5034-4b45-97b1-85ea776e66bf",
    "missing": false
  },
  "D:\\workspace\\cocos\\rotation\\rotation\\assets\\res\\model\\lorenz_erdnusslocken_low_poly_asset\\textures\\A1339_Lorenz_Erdnusslocken_baseColor.png": {
    "time": 1639723164974.625,
    "uuid": "7851cce8-05de-4a84-bb6f-41c086e5660c",
    "missing": false
  },
  "D:\\workspace\\cocos\\rotation\\rotation\\assets\\res\\actors\\@Walk.FBX": {
    "time": 1639723164916.0176,
    "uuid": "660f5e54-458a-4f22-85aa-de438049b44e",
    "missing": false
  },
  "D:\\workspace\\cocos\\rotation\\rotation\\assets\\res\\actors\\@Vertigo.FBX": {
    "time": 1639723164914.88,
    "uuid": "c4a045b0-948c-40ec-9027-be07710fd5d5",
    "missing": false
  },
  "D:\\workspace\\cocos\\rotation\\rotation\\assets\\res\\model\\guppie-animated\\source\\Guppie_Animated.fbx": {
    "time": 1639723164970.6392,
    "uuid": "3bf5c0d6-49cd-4619-8008-951865e579f2",
    "missing": false
  },
  "D:\\workspace\\cocos\\rotation\\rotation\\assets\\res\\actors\\E3D-Syana.FBX": {
    "time": 1639723164957.1592,
    "uuid": "9dc579dc-db00-456f-9a84-e4ccdbf82e4d",
    "missing": false
  },
  "D:\\workspace\\cocos\\rotation\\rotation\\assets\\src.meta": {
    "time": 1639971789903.3452
  },
  "D:\\workspace\\cocos\\rotation\\rotation\\assets\\src": {
    "time": 1640164000998.0415,
    "uuid": "69a148c1-2e20-4c8b-9f6b-b0b47186fac3",
    "missing": false
  },
  "D:\\workspace\\cocos\\rotation\\rotation\\assets\\src\\Rotation.ts.meta": {
    "time": 1639972128982.314
  },
  "D:\\workspace\\cocos\\rotation\\rotation\\assets\\src\\Rotation.ts": {
    "time": 1639987584995.7686,
    "uuid": "12172a68-5535-4c12-bbdf-c87cfb3199d4",
    "missing": false
  },
  "D:\\workspace\\cocos\\rotation\\rotation\\assets\\src\\RotationAxis.ts.meta": {
    "time": 1639976410105.2104
  },
  "D:\\workspace\\cocos\\rotation\\rotation\\assets\\src\\RotationAxis.ts": {
    "time": 1640164191586.8518,
    "uuid": "1aad44cd-0782-48e4-abb3-e87f9d9b3c85",
    "missing": false
  },
  "D:\\workspace\\cocos\\rotation\\rotation\\assets\\src\\RotationLerp.ts.meta": {
    "time": 1639980398776.0913
  },
  "D:\\workspace\\cocos\\rotation\\rotation\\assets\\src\\RotationLerp.ts": {
    "time": 1640260098370.214,
    "uuid": "5d7fcec8-a58b-4b96-8325-e8f78d607339",
    "missing": false
  },
  "D:\\workspace\\cocos\\rotation\\rotation\\assets\\scene-001.scene.meta": {
    "time": 1640076335161.7163
  },
  "D:\\workspace\\cocos\\rotation\\rotation\\assets\\scene-001.scene": {
    "time": 1640255383947.6062,
    "uuid": "15b3cd06-9bab-4515-8b52-a87f168c4ef4",
    "missing": false
  },
  "D:\\workspace\\cocos\\rotation\\rotation\\assets\\1(1).png": {
    "time": 1640078434646.3535,
    "uuid": "a02b10b3-edcd-48bd-a58f-c2e0916387f7",
    "missing": false
  },
  "D:\\workspace\\cocos\\rotation\\rotation\\assets\\1(2).png": {
    "time": 1640163949320.4917,
    "uuid": "7a8c6e8f-be0e-4ac7-b56c-922d72a6bc20",
    "missing": false
  },
  "D:\\workspace\\cocos\\rotation\\rotation\\assets\\1(2).png.meta": {
    "time": 1640229145783.394
  },
  "D:\\workspace\\cocos\\rotation\\rotation\\assets\\1(1).png.meta": {
    "time": 1640229145786.3877
  }
}
