{
  "__type__": "cc.Material",
  "_name": "01 - Default",
  "_objFlags": 0,
  "_native": "",
  "_effectAsset": {
    "__uuid__": "1baf0fc9-befa-459c-8bdd-af1a450a0319",
    "__expectedType__": "cc.EffectAsset"
  },
  "_techIdx": 0,
  "_defines": [
    {
      "USE_ALBEDO_MAP": true
    }
  ],
  "_states": [
    {
      "rasterizerState": {},
      "blendState": {
        "targets": [
          {}
        ]
      },
      "depthStencilState": {}
    }
  ],
  "_props": [
    {
      "mainTexture": {
        "__uuid__": "3bf5c0d6-49cd-4619-8008-951865e579f2@6e70c",
        "__expectedType__": "cc.Texture2D"
      },
      "albedoScale": {
        "__type__": "cc.Vec3",
        "x": 1,
        "y": 1,
        "z": 1
      },
      "metallic": 0.400000005960464,
      "roughness": 0.70710676908493
    }
  ]
}