[
  {
    "__type__": "cc.Prefab",
    "_name": "",
    "_objFlags": 0,
    "_native": "",
    "data": {
      "__id__": 1
    },
    "optimizationPolicy": 0
  },
  {
    "__type__": "cc.Node",
    "_name": "@IdleC",
    "_objFlags": 0,
    "_parent": null,
    "_children": [
      {
        "__id__": 2
      }
    ],
    "_active": true,
    "_components": [
      {
        "__id__": 184
      }
    ],
    "_prefab": {
      "__id__": 186
    },
    "_lpos": {
      "__type__": "cc.Vec3",
      "x": 0,
      "y": 0,
      "z": 0
    },
    "_lrot": {
      "__type__": "cc.Quat",
      "x": 0,
      "y": 0,
      "z": 0,
      "w": 1
    },
    "_lscale": {
      "__type__": "cc.Vec3",
      "x": 1,
      "y": 1,
      "z": 1
    },
    "_layer": 1073741824,
    "_euler": {
      "__type__": "cc.Vec3",
      "x": 0,
      "y": 0,
      "z": 0
    },
    "_id": ""
  },
  {
    "__type__": "cc.Node",
    "_name": "RootNode",
    "_objFlags": 0,
    "_parent": {
      "__id__": 1
    },
    "_children": [
      {
        "__id__": 3
      }
    ],
    "_active": true,
    "_components": [],
    "_prefab": {
      "__id__": 183
    },
    "_lpos": {
      "__type__": "cc.Vec3",
      "x": 0,
      "y": 0,
      "z": 0
    },
    "_lrot": {
      "__type__": "cc.Quat",
      "x": 0,
      "y": 0,
      "z": 0,
      "w": 1
    },
    "_lscale": {
      "__type__": "cc.Vec3",
      "x": 1,
      "y": 1,
      "z": 1
    },
    "_layer": 1073741824,
    "_euler": {
      "__type__": "cc.Vec3",
      "x": 0,
      "y": 0,
      "z": 0
    },
    "_id": ""
  },
  {
    "__type__": "cc.Node",
    "_name": "Bip001",
    "_objFlags": 0,
    "_parent": {
      "__id__": 2
    },
    "_children": [
      {
        "__id__": 4
      }
    ],
    "_active": true,
    "_components": [],
    "_prefab": {
      "__id__": 182
    },
    "_lpos": {
      "__type__": "cc.Vec3",
      "x": 0,
      "y": 0.905740439891815,
      "z": 0
    },
    "_lrot": {
      "__type__": "cc.Quat",
      "x": 0.3598666715662106,
      "y": 0.5438220988965405,
      "z": 0.7033376554011671,
      "w": -0.28296580348587647
    },
    "_lscale": {
      "__type__": "cc.Vec3",
      "x": 10,
      "y": 9.99999904632568,
      "z": 10
    },
    "_layer": 1073741824,
    "_euler": {
      "__type__": "cc.Vec3",
      "x": -104.38174198812024,
      "y": -125.51143668890825,
      "z": -0.38010942136132536
    },
    "_id": ""
  },
  {
    "__type__": "cc.Node",
    "_name": "Bip001 Pelvis",
    "_objFlags": 0,
    "_parent": {
      "__id__": 3
    },
    "_children": [
      {
        "__id__": 5
      }
    ],
    "_active": true,
    "_components": [],
    "_prefab": {
      "__id__": 181
    },
    "_lpos": {
      "__type__": "cc.Vec3",
      "x": 0,
      "y": 0,
      "z": 0
    },
    "_lrot": {
      "__type__": "cc.Quat",
      "x": -0.49192971746328196,
      "y": -0.4831222369928376,
      "z": -0.5083693343958033,
      "w": 0.5159056861922539
    },
    "_lscale": {
      "__type__": "cc.Vec3",
      "x": 1.00000023841858,
      "y": 1.00000011920929,
      "z": 1
    },
    "_layer": 1073741824,
    "_euler": {
      "__type__": "cc.Vec3",
      "x": -90.04981913914563,
      "y": -89.06449974290888,
      "z": -2.8210597423574257
    },
    "_id": ""
  },
  {
    "__type__": "cc.Node",
    "_name": "Bip001 Spine",
    "_objFlags": 0,
    "_parent": {
      "__id__": 4
    },
    "_children": [
      {
        "__id__": 6
      },
      {
        "__id__": 160
      },
      {
        "__id__": 170
      }
    ],
    "_active": true,
    "_components": [],
    "_prefab": {
      "__id__": 180
    },
    "_lpos": {
      "__type__": "cc.Vec3",
      "x": 0.00877047516405582,
      "y": 0.00104402482975274,
      "z": 0.000434883811976761
    },
    "_lrot": {
      "__type__": "cc.Quat",
      "x": -0.08206162769627696,
      "y": 0.16305907404295775,
      "z": -0.07621772743259615,
      "w": 0.980238994152498
    },
    "_lscale": {
      "__type__": "cc.Vec3",
      "x": 0.999999821186066,
      "y": 0.999999940395355,
      "z": 0.999999940395355
    },
    "_layer": 1073741824,
    "_euler": {
      "__type__": "cc.Vec3",
      "x": -7.942871671544086,
      "y": 18.182571302932352,
      "z": -10.147623002961751
    },
    "_id": ""
  },
  {
    "__type__": "cc.Node",
    "_name": "Bip001 Spine1",
    "_objFlags": 0,
    "_parent": {
      "__id__": 5
    },
    "_children": [
      {
        "__id__": 7
      }
    ],
    "_active": true,
    "_components": [],
    "_prefab": {
      "__id__": 159
    },
    "_lpos": {
      "__type__": "cc.Vec3",
      "x": 0.0117081450298429,
      "y": -0.0000092864038379048,
      "z": 3.40938555609682e-7
    },
    "_lrot": {
      "__type__": "cc.Quat",
      "x": -0.018326874625248228,
      "y": 0.005576697583861452,
      "z": -0.009356333773526165,
      "w": 0.9997727167355823
    },
    "_lscale": {
      "__type__": "cc.Vec3",
      "x": 1,
      "y": 0.999999940395355,
      "z": 0.99999988079071
    },
    "_layer": 1073741824,
    "_euler": {
      "__type__": "cc.Vec3",
      "x": -2.0944897204804542,
      "y": 0.6193707856332741,
      "z": -1.0836894533620776
    },
    "_id": ""
  },
  {
    "__type__": "cc.Node",
    "_name": "Bip001 Spine2",
    "_objFlags": 0,
    "_parent": {
      "__id__": 6
    },
    "_children": [
      {
        "__id__": 8
      },
      {
        "__id__": 122
      },
      {
        "__id__": 134
      },
      {
        "__id__": 144
      }
    ],
    "_active": true,
    "_components": [],
    "_prefab": {
      "__id__": 158
    },
    "_lpos": {
      "__type__": "cc.Vec3",
      "x": 0.0116703603416681,
      "y": -0.0000144851201184792,
      "z": 0.00000106930735910282
    },
    "_lrot": {
      "__type__": "cc.Quat",
      "x": -0.03664556502733391,
      "y": 0.011150782880816808,
      "z": -0.018708435739607277,
      "w": 0.9990909653465742
    },
    "_lscale": {
      "__type__": "cc.Vec3",
      "x": 0.999999940395355,
      "y": 0.999999940395355,
      "z": 0.99999988079071
    },
    "_layer": 1073741824,
    "_euler": {
      "__type__": "cc.Vec3",
      "x": -4.17829920104766,
      "y": 1.199024832240013,
      "z": -2.1892378394128578
    },
    "_id": ""
  },
  {
    "__type__": "cc.Node",
    "_name": "Bip001 Neck",
    "_objFlags": 0,
    "_parent": {
      "__id__": 7
    },
    "_children": [
      {
        "__id__": 9
      },
      {
        "__id__": 57
      },
      {
        "__id__": 109
      }
    ],
    "_active": true,
    "_components": [],
    "_prefab": {
      "__id__": 121
    },
    "_lpos": {
      "__type__": "cc.Vec3",
      "x": 0.0232623759657145,
      "y": -0.00196328992024064,
      "z": -0.00000171184535702196
    },
    "_lrot": {
      "__type__": "cc.Quat",
      "x": 0.2552714009433392,
      "y": -0.1087222007599048,
      "z": 0.29203018084126353,
      "w": 0.9152783010648546
    },
    "_lscale": {
      "__type__": "cc.Vec3",
      "x": 1,
      "y": 1.00000011920929,
      "z": 1
    },
    "_layer": 1073741824,
    "_euler": {
      "__type__": "cc.Vec3",
      "x": 37.20706463475946,
      "y": -23.365081576166116,
      "z": 28.624708477408348
    },
    "_id": ""
  },
  {
    "__type__": "cc.Node",
    "_name": "Bip001 L Clavicle",
    "_objFlags": 0,
    "_parent": {
      "__id__": 8
    },
    "_children": [
      {
        "__id__": 10
      }
    ],
    "_active": true,
    "_components": [],
    "_prefab": {
      "__id__": 56
    },
    "_lpos": {
      "__type__": "cc.Vec3",
      "x": -0.00308849336579442,
      "y": 0.00454174028709531,
      "z": 0.00505590671673417
    },
    "_lrot": {
      "__type__": "cc.Quat",
      "x": 0.457863144411836,
      "y": -0.34158732918992635,
      "z": 0.8069785699140072,
      "w": 0.14988337207890237
    },
    "_lscale": {
      "__type__": "cc.Vec3",
      "x": 1.00000011920929,
      "y": 1,
      "z": 1.00000011920929
    },
    "_layer": 1073741824,
    "_euler": {
      "__type__": "cc.Vec3",
      "x": 136.34642426836834,
      "y": -122.48944353692193,
      "z": -4.065403784086586
    },
    "_id": ""
  },
  {
    "__type__": "cc.Node",
    "_name": "Bip001 L UpperArm",
    "_objFlags": 0,
    "_parent": {
      "__id__": 9
    },
    "_children": [
      {
        "__id__": 11
      }
    ],
    "_active": true,
    "_components": [],
    "_prefab": {
      "__id__": 55
    },
    "_lpos": {
      "__type__": "cc.Vec3",
      "x": 0.0112501522526145,
      "y": 4.44089199923895e-18,
      "z": -9.53674295089968e-9
    },
    "_lrot": {
      "__type__": "cc.Quat",
      "x": 0.25204753878003106,
      "y": 0.45138391856445337,
      "z": 0.10711295903693985,
      "w": 0.8492652178575776
    },
    "_lscale": {
      "__type__": "cc.Vec3",
      "x": 1,
      "y": 1.00000011920929,
      "z": 1.00000011920929
    },
    "_layer": 1073741824,
    "_euler": {
      "__type__": "cc.Vec3",
      "x": 21.300703596231592,
      "y": 51.3694502849993,
      "z": 24.17186142620195
    },
    "_id": ""
  },
  {
    "__type__": "cc.Node",
    "_name": "Bip001 L Forearm",
    "_objFlags": 0,
    "_parent": {
      "__id__": 10
    },
    "_children": [
      {
        "__id__": 12
      }
    ],
    "_active": true,
    "_components": [],
    "_prefab": {
      "__id__": 54
    },
    "_lpos": {
      "__type__": "cc.Vec3",
      "x": 0.0209654420614243,
      "y": 0,
      "z": 4.44089199923895e-18
    },
    "_lrot": {
      "__type__": "cc.Quat",
      "x": 1.2783695643736887e-17,
      "y": -6.419275476147045e-18,
      "z": -0.2186042032736053,
      "w": 0.9758136104354727
    },
    "_lscale": {
      "__type__": "cc.Vec3",
      "x": 0.999999940395355,
      "y": 1.00000023841858,
      "z": 1.00000011920929
    },
    "_layer": 1073741824,
    "_euler": {
      "__type__": "cc.Vec3",
      "x": 1.4027361116536815e-15,
      "y": -4.395826927926543e-16,
      "z": -25.2541287258832
    },
    "_id": ""
  },
  {
    "__type__": "cc.Node",
    "_name": "Bip001 L Hand",
    "_objFlags": 0,
    "_parent": {
      "__id__": 11
    },
    "_children": [
      {
        "__id__": 13
      },
      {
        "__id__": 21
      },
      {
        "__id__": 29
      },
      {
        "__id__": 37
      },
      {
        "__id__": 45
      }
    ],
    "_active": true,
    "_components": [],
    "_prefab": {
      "__id__": 53
    },
    "_lpos": {
      "__type__": "cc.Vec3",
      "x": 0.020224791020155,
      "y": -2.38418573772492e-9,
      "z": -4.44089199923895e-18
    },
    "_lrot": {
      "__type__": "cc.Quat",
      "x": -0.5407304105290216,
      "y": -0.12144927540211925,
      "z": -0.12237038322009695,
      "w": 0.8233384394913081
    },
    "_lscale": {
      "__type__": "cc.Vec3",
      "x": 1.00000011920929,
      "y": 1.00000011920929,
      "z": 1
    },
    "_layer": 1073741824,
    "_euler": {
      "__type__": "cc.Vec3",
      "x": -67.2802495860461,
      "y": -19.45992711196554,
      "z": -4.023283260136889
    },
    "_id": ""
  },
  {
    "__type__": "cc.Node",
    "_name": "Bip001 L Finger0",
    "_objFlags": 0,
    "_parent": {
      "__id__": 12
    },
    "_children": [
      {
        "__id__": 14
      }
    ],
    "_active": true,
    "_components": [],
    "_prefab": {
      "__id__": 20
    },
    "_lpos": {
      "__type__": "cc.Vec3",
      "x": 0.0033895920496434,
      "y": 0.000751838670112193,
      "z": -0.0035553143825382
    },
    "_lrot": {
      "__type__": "cc.Quat",
      "x": 0.7485110210043845,
      "y": 0.45728403613044577,
      "z": 0.06572561751776705,
      "w": 0.4757128387348101
    },
    "_lscale": {
      "__type__": "cc.Vec3",
      "x": 0.999999940395355,
      "y": 1,
      "z": 1
    },
    "_layer": 1073741824,
    "_euler": {
      "__type__": "cc.Vec3",
      "x": 101.2058687012471,
      "y": 30.43108594670372,
      "z": 48.33956065895293
    },
    "_id": ""
  },
  {
    "__type__": "cc.Node",
    "_name": "Bip001 L Finger01",
    "_objFlags": 0,
    "_parent": {
      "__id__": 13
    },
    "_children": [
      {
        "__id__": 15
      }
    ],
    "_active": true,
    "_components": [],
    "_prefab": {
      "__id__": 19
    },
    "_lpos": {
      "__type__": "cc.Vec3",
      "x": 0.00378630636259913,
      "y": -2.38418573772492e-9,
      "z": 1.19209286886246e-9
    },
    "_lrot": {
      "__type__": "cc.Quat",
      "x": 5.401633788122168e-8,
      "y": 1.9869778629445218e-10,
      "z": 0.003678450701897168,
      "w": 0.9999932344773292
    },
    "_lscale": {
      "__type__": "cc.Vec3",
      "x": 1.00000011920929,
      "y": 1.00000011920929,
      "z": 1.00000011920929
    },
    "_layer": 1073741824,
    "_euler": {
      "__type__": "cc.Vec3",
      "x": 0.0000061898582483170385,
      "y": 6.883678169278139e-16,
      "z": 0.4215203513335464
    },
    "_id": ""
  },
  {
    "__type__": "cc.Node",
    "_name": "Bip001 L Finger02",
    "_objFlags": 0,
    "_parent": {
      "__id__": 14
    },
    "_children": [
      {
        "__id__": 16
      }
    ],
    "_active": true,
    "_components": [],
    "_prefab": {
      "__id__": 18
    },
    "_lpos": {
      "__type__": "cc.Vec3",
      "x": 0.00310072884894907,
      "y": 2.38418573772492e-9,
      "z": 4.16333624928652e-19
    },
    "_lrot": {
      "__type__": "cc.Quat",
      "x": 0.017718546409393635,
      "y": 0.00045632714406856824,
      "z": 0.025741208805060974,
      "w": 0.999511498206964
    },
    "_lscale": {
      "__type__": "cc.Vec3",
      "x": 1,
      "y": 1,
      "z": 1.00000011920929
    },
    "_layer": 1073741824,
    "_euler": {
      "__type__": "cc.Vec3",
      "x": 2.031175421164815,
      "y": 8.519251575275697e-7,
      "z": 2.950514711752965
    },
    "_id": ""
  },
  {
    "__type__": "cc.Node",
    "_name": "Bip001 L Finger0Nub",
    "_objFlags": 0,
    "_parent": {
      "__id__": 15
    },
    "_children": [],
    "_active": true,
    "_components": [],
    "_prefab": {
      "__id__": 17
    },
    "_lpos": {
      "__type__": "cc.Vec3",
      "x": 0.0029391716234386,
      "y": 4.76837147544984e-9,
      "z": -4.16333624928652e-19
    },
    "_lrot": {
      "__type__": "cc.Quat",
      "x": -5.55111512312578e-17,
      "y": -5.58793544769287e-9,
      "z": -4.16333634234434e-17,
      "w": 1
    },
    "_lscale": {
      "__type__": "cc.Vec3",
      "x": 1,
      "y": 1,
      "z": 0.999999940395355
    },
    "_layer": 1073741824,
    "_euler": {
      "__type__": "cc.Vec3",
      "x": -6.361109389586132e-15,
      "y": -6.403302346886954e-7,
      "z": -4.77083198664981e-15
    },
    "_id": ""
  },
  {
    "__type__": "cc.PrefabInfo",
    "root": {
      "__id__": 1
    },
    "asset": {
      "__id__": 0
    },
    "fileId": "31Bi3S/FNaNorM0m9cc45Q"
  },
  {
    "__type__": "cc.PrefabInfo",
    "root": {
      "__id__": 1
    },
    "asset": {
      "__id__": 0
    },
    "fileId": "3dPpf+9l1Y8JXM+FMHJBJk"
  },
  {
    "__type__": "cc.PrefabInfo",
    "root": {
      "__id__": 1
    },
    "asset": {
      "__id__": 0
    },
    "fileId": "7036WxWMhUxZnJ3gHeTX7g"
  },
  {
    "__type__": "cc.PrefabInfo",
    "root": {
      "__id__": 1
    },
    "asset": {
      "__id__": 0
    },
    "fileId": "3fnSEYfXZZKqRB1Q8qJpwP"
  },
  {
    "__type__": "cc.Node",
    "_name": "Bip001 L Finger1",
    "_objFlags": 0,
    "_parent": {
      "__id__": 12
    },
    "_children": [
      {
        "__id__": 22
      }
    ],
    "_active": true,
    "_components": [],
    "_prefab": {
      "__id__": 28
    },
    "_lpos": {
      "__type__": "cc.Vec3",
      "x": 0.0100068235769868,
      "y": -0.0000837469051475637,
      "z": -0.00318700238130987
    },
    "_lrot": {
      "__type__": "cc.Quat",
      "x": -0.00864254311334982,
      "y": -0.04133329543398229,
      "z": 0.06369705502698599,
      "w": 0.9970754988053764
    },
    "_lscale": {
      "__type__": "cc.Vec3",
      "x": 1,
      "y": 1,
      "z": 0.999999940395355
    },
    "_layer": 1073741824,
    "_euler": {
      "__type__": "cc.Vec3",
      "x": -0.6914493199617453,
      "y": -4.703277176086717,
      "z": 7.338783664181925
    },
    "_id": ""
  },
  {
    "__type__": "cc.Node",
    "_name": "Bip001 L Finger11",
    "_objFlags": 0,
    "_parent": {
      "__id__": 21
    },
    "_children": [
      {
        "__id__": 23
      }
    ],
    "_active": true,
    "_components": [],
    "_prefab": {
      "__id__": 27
    },
    "_lpos": {
      "__type__": "cc.Vec3",
      "x": 0.00425855163484812,
      "y": 4.76837147544984e-9,
      "z": -5.9604643443123e-10
    },
    "_lrot": {
      "__type__": "cc.Quat",
      "x": 3.5584243878797335e-8,
      "y": -3.5081540655513133e-9,
      "z": 0.08497559463347618,
      "w": 0.9963830329329608
    },
    "_lscale": {
      "__type__": "cc.Vec3",
      "x": 1.00000011920929,
      "y": 0.999999940395355,
      "z": 1
    },
    "_layer": 1073741824,
    "_euler": {
      "__type__": "cc.Vec3",
      "x": 0.000004157101469597695,
      "y": -7.579986692297272e-7,
      "z": 9.749242935188256
    },
    "_id": ""
  },
  {
    "__type__": "cc.Node",
    "_name": "Bip001 L Finger12",
    "_objFlags": 0,
    "_parent": {
      "__id__": 22
    },
    "_children": [
      {
        "__id__": 24
      }
    ],
    "_active": true,
    "_components": [],
    "_prefab": {
      "__id__": 26
    },
    "_lpos": {
      "__type__": "cc.Vec3",
      "x": 0.00269484985619783,
      "y": -2.38418573772492e-9,
      "z": -2.22044599961948e-18
    },
    "_lrot": {
      "__type__": "cc.Quat",
      "x": -3.21813182507597e-8,
      "y": 1.4745776504619497e-9,
      "z": 0.15732863206992548,
      "w": 0.9875463034870846
    },
    "_lscale": {
      "__type__": "cc.Vec3",
      "x": 1.00000023841858,
      "y": 1.00000011920929,
      "z": 1
    },
    "_layer": 1073741824,
    "_euler": {
      "__type__": "cc.Vec3",
      "x": -0.000003859425622747042,
      "y": 7.859604181933292e-7,
      "z": 18.103748673374316
    },
    "_id": ""
  },
  {
    "__type__": "cc.Node",
    "_name": "Bip001 L Finger1Nub",
    "_objFlags": 0,
    "_parent": {
      "__id__": 23
    },
    "_children": [],
    "_active": true,
    "_components": [],
    "_prefab": {
      "__id__": 25
    },
    "_lpos": {
      "__type__": "cc.Vec3",
      "x": 0.00269486429169774,
      "y": -1.19209286886246e-9,
      "z": -2.22044599961948e-18
    },
    "_lrot": {
      "__type__": "cc.Quat",
      "x": 2.7474012398442894e-8,
      "y": -1.8626450382086496e-9,
      "z": 3.725290298461909e-9,
      "w": 0.9999999999999998
    },
    "_lscale": {
      "__type__": "cc.Vec3",
      "x": 1,
      "y": 1.00000011920929,
      "z": 1.00000011920929
    },
    "_layer": 1073741824,
    "_euler": {
      "__type__": "cc.Vec3",
      "x": 0.000003148289914236888,
      "y": -2.13443410568973e-7,
      "z": 4.2688681726164967e-7
    },
    "_id": ""
  },
  {
    "__type__": "cc.PrefabInfo",
    "root": {
      "__id__": 1
    },
    "asset": {
      "__id__": 0
    },
    "fileId": "33i7efKdheT5OT4vpAPCeW"
  },
  {
    "__type__": "cc.PrefabInfo",
    "root": {
      "__id__": 1
    },
    "asset": {
      "__id__": 0
    },
    "fileId": "c88I/ddFNZToj8GAoIQTf6"
  },
  {
    "__type__": "cc.PrefabInfo",
    "root": {
      "__id__": 1
    },
    "asset": {
      "__id__": 0
    },
    "fileId": "23r6Az20JSSKRumwdREaht"
  },
  {
    "__type__": "cc.PrefabInfo",
    "root": {
      "__id__": 1
    },
    "asset": {
      "__id__": 0
    },
    "fileId": "acdZZsGMZbEaM/ZlsIVtRL"
  },
  {
    "__type__": "cc.Node",
    "_name": "Bip001 L Finger2",
    "_objFlags": 0,
    "_parent": {
      "__id__": 12
    },
    "_children": [
      {
        "__id__": 30
      }
    ],
    "_active": true,
    "_components": [],
    "_prefab": {
      "__id__": 36
    },
    "_lpos": {
      "__type__": "cc.Vec3",
      "x": 0.00977931916713715,
      "y": -0.000283322326140478,
      "z": -0.000841699831653386
    },
    "_lrot": {
      "__type__": "cc.Quat",
      "x": -0.05412509500621054,
      "y": -0.052619358790304105,
      "z": 0.255626164068947,
      "w": 0.9638241236939765
    },
    "_lscale": {
      "__type__": "cc.Vec3",
      "x": 1.00000011920929,
      "y": 0.999999940395355,
      "z": 1
    },
    "_layer": 1073741824,
    "_euler": {
      "__type__": "cc.Vec3",
      "x": -5.124448107589981,
      "y": -4.880809449611202,
      "z": 29.897729268933066
    },
    "_id": ""
  },
  {
    "__type__": "cc.Node",
    "_name": "Bip001 L Finger21",
    "_objFlags": 0,
    "_parent": {
      "__id__": 29
    },
    "_children": [
      {
        "__id__": 31
      }
    ],
    "_active": true,
    "_components": [],
    "_prefab": {
      "__id__": 35
    },
    "_lpos": {
      "__type__": "cc.Vec3",
      "x": 0.00446990970522165,
      "y": 4.44089199923895e-18,
      "z": 5.9604643443123e-10
    },
    "_lrot": {
      "__type__": "cc.Quat",
      "x": -1.2313698403097313e-8,
      "y": -1.2314004158515775e-9,
      "z": 0.17410813127497868,
      "w": 0.9847265400221195
    },
    "_lscale": {
      "__type__": "cc.Vec3",
      "x": 1.00000011920929,
      "y": 1.00000011920929,
      "z": 1.00000011920929
    },
    "_layer": 1073741824,
    "_euler": {
      "__type__": "cc.Vec3",
      "x": -0.0000014530188633653772,
      "y": 1.1360951596513958e-7,
      "z": 20.05352209428818
    },
    "_id": ""
  },
  {
    "__type__": "cc.Node",
    "_name": "Bip001 L Finger22",
    "_objFlags": 0,
    "_parent": {
      "__id__": 30
    },
    "_children": [
      {
        "__id__": 32
      }
    ],
    "_active": true,
    "_components": [],
    "_prefab": {
      "__id__": 34
    },
    "_lpos": {
      "__type__": "cc.Vec3",
      "x": 0.00304985046386719,
      "y": 4.44089199923895e-18,
      "z": 2.22044599961948e-18
    },
    "_lrot": {
      "__type__": "cc.Quat",
      "x": -1.30385160446167e-8,
      "y": -9.31322574615479e-10,
      "z": 2.25514051876985e-17,
      "w": 1
    },
    "_lscale": {
      "__type__": "cc.Vec3",
      "x": 1,
      "y": 1,
      "z": 1.00000011920929
    },
    "_layer": 1073741824,
    "_euler": {
      "__type__": "cc.Vec3",
      "x": -0.0000014941038809402895,
      "y": -1.0672170578144926e-7,
      "z": 3.9756933518293975e-15
    },
    "_id": ""
  },
  {
    "__type__": "cc.Node",
    "_name": "Bip001 L Finger2Nub",
    "_objFlags": 0,
    "_parent": {
      "__id__": 31
    },
    "_children": [],
    "_active": true,
    "_components": [],
    "_prefab": {
      "__id__": 33
    },
    "_lpos": {
      "__type__": "cc.Vec3",
      "x": 0.00282691465690732,
      "y": -2.22044599961948e-18,
      "z": 0
    },
    "_lrot": {
      "__type__": "cc.Quat",
      "x": -1.30385160446167e-8,
      "y": -9.31322574615479e-10,
      "z": -2.60208521396521e-17,
      "w": 1
    },
    "_lscale": {
      "__type__": "cc.Vec3",
      "x": 1,
      "y": 1,
      "z": 1.00000011920929
    },
    "_layer": 1073741824,
    "_euler": {
      "__type__": "cc.Vec3",
      "x": -0.0000014941038809402895,
      "y": -1.0672170578144933e-7,
      "z": -1.590277340731757e-15
    },
    "_id": ""
  },
  {
    "__type__": "cc.PrefabInfo",
    "root": {
      "__id__": 1
    },
    "asset": {
      "__id__": 0
    },
    "fileId": "01lYZwW9dRmIdp/O/vbiR1"
  },
  {
    "__type__": "cc.PrefabInfo",
    "root": {
      "__id__": 1
    },
    "asset": {
      "__id__": 0
    },
    "fileId": "a1nnLJmjxagIp0qCfkQXRR"
  },
  {
    "__type__": "cc.PrefabInfo",
    "root": {
      "__id__": 1
    },
    "asset": {
      "__id__": 0
    },
    "fileId": "97JiePdetU3paxdJkZJc6f"
  },
  {
    "__type__": "cc.PrefabInfo",
    "root": {
      "__id__": 1
    },
    "asset": {
      "__id__": 0
    },
    "fileId": "3eumTJwINfvJMN/nWW6xYT"
  },
  {
    "__type__": "cc.Node",
    "_name": "Bip001 L Finger3",
    "_objFlags": 0,
    "_parent": {
      "__id__": 12
    },
    "_children": [
      {
        "__id__": 38
      }
    ],
    "_active": true,
    "_components": [],
    "_prefab": {
      "__id__": 44
    },
    "_lpos": {
      "__type__": "cc.Vec3",
      "x": 0.00994964595884085,
      "y": -0.000171351435710676,
      "z": 0.00139930308796465
    },
    "_lrot": {
      "__type__": "cc.Quat",
      "x": -0.10592365443662259,
      "y": -0.03407514152815758,
      "z": 0.30633464972612257,
      "w": 0.9453984062488158
    },
    "_lscale": {
      "__type__": "cc.Vec3",
      "x": 1.00000011920929,
      "y": 0.999999940395355,
      "z": 1.00000011920929
    },
    "_layer": 1073741824,
    "_euler": {
      "__type__": "cc.Vec3",
      "x": -12.796366061873782,
      "y": 0.03303380844151367,
      "z": 35.904452666586124
    },
    "_id": ""
  },
  {
    "__type__": "cc.Node",
    "_name": "Bip001 L Finger31",
    "_objFlags": 0,
    "_parent": {
      "__id__": 37
    },
    "_children": [
      {
        "__id__": 39
      }
    ],
    "_active": true,
    "_components": [],
    "_prefab": {
      "__id__": 43
    },
    "_lpos": {
      "__type__": "cc.Vec3",
      "x": 0.00389956473372877,
      "y": -2.38418573772492e-9,
      "z": -5.9604643443123e-10
    },
    "_lrot": {
      "__type__": "cc.Quat",
      "x": -7.45058059692383e-9,
      "y": -1.73472347597681e-18,
      "z": -4.33680868994202e-19,
      "w": 1
    },
    "_lscale": {
      "__type__": "cc.Vec3",
      "x": 1,
      "y": 0.999999940395355,
      "z": 1
    },
    "_layer": 1073741824,
    "_euler": {
      "__type__": "cc.Vec3",
      "x": -8.537736462515943e-7,
      "y": -1.9878466796173544e-16,
      "z": -4.969616541680628e-17
    },
    "_id": ""
  },
  {
    "__type__": "cc.Node",
    "_name": "Bip001 L Finger32",
    "_objFlags": 0,
    "_parent": {
      "__id__": 38
    },
    "_children": [
      {
        "__id__": 40
      }
    ],
    "_active": true,
    "_components": [],
    "_prefab": {
      "__id__": 42
    },
    "_lpos": {
      "__type__": "cc.Vec3",
      "x": 0.0026070021558553,
      "y": 2.38418573772492e-9,
      "z": -5.9604643443123e-10
    },
    "_lrot": {
      "__type__": "cc.Quat",
      "x": -7.45058059692383e-9,
      "y": -7.10858400542516e-26,
      "z": 9.54097911787244e-18,
      "w": 1
    },
    "_lscale": {
      "__type__": "cc.Vec3",
      "x": 1,
      "y": 0.999999940395355,
      "z": 1
    },
    "_layer": 1073741824,
    "_euler": {
      "__type__": "cc.Vec3",
      "x": -8.537736462515943e-7,
      "y": -7.062250011107925e-31,
      "z": 1.093315671753084e-15
    },
    "_id": ""
  },
  {
    "__type__": "cc.Node",
    "_name": "Bip001 L Finger3Nub",
    "_objFlags": 0,
    "_parent": {
      "__id__": 39
    },
    "_children": [],
    "_active": true,
    "_components": [],
    "_prefab": {
      "__id__": 41
    },
    "_lpos": {
      "__type__": "cc.Vec3",
      "x": 0.00294791208580136,
      "y": -4.44089199923895e-18,
      "z": -1.11022299980974e-18
    },
    "_lrot": {
      "__type__": "cc.Quat",
      "x": -7.45058148510225e-9,
      "y": -3.46944695195361e-18,
      "z": 1.30104260698261e-17,
      "w": 1
    },
    "_lscale": {
      "__type__": "cc.Vec3",
      "x": 1,
      "y": 0.999999940395355,
      "z": 1
    },
    "_layer": 1073741824,
    "_euler": {
      "__type__": "cc.Vec3",
      "x": -8.53773748029344e-7,
      "y": -3.975693240749789e-16,
      "z": 1.4908850098981515e-15
    },
    "_id": ""
  },
  {
    "__type__": "cc.PrefabInfo",
    "root": {
      "__id__": 1
    },
    "asset": {
      "__id__": 0
    },
    "fileId": "c7b3x3jdZTvZzf0d+YPxEw"
  },
  {
    "__type__": "cc.PrefabInfo",
    "root": {
      "__id__": 1
    },
    "asset": {
      "__id__": 0
    },
    "fileId": "eeCR0T8JBVTLEB076jDyGa"
  },
  {
    "__type__": "cc.PrefabInfo",
    "root": {
      "__id__": 1
    },
    "asset": {
      "__id__": 0
    },
    "fileId": "449piak2FW+qR1TnIVfW0I"
  },
  {
    "__type__": "cc.PrefabInfo",
    "root": {
      "__id__": 1
    },
    "asset": {
      "__id__": 0
    },
    "fileId": "d7pHdH5yJTl4FZAyB9/EU5"
  },
  {
    "__type__": "cc.Node",
    "_name": "Bip001 L Finger4",
    "_objFlags": 0,
    "_parent": {
      "__id__": 12
    },
    "_children": [
      {
        "__id__": 46
      }
    ],
    "_active": true,
    "_components": [],
    "_prefab": {
      "__id__": 52
    },
    "_lpos": {
      "__type__": "cc.Vec3",
      "x": 0.00942855793982744,
      "y": 0.00122400757391006,
      "z": 0.0028082774952054
    },
    "_lrot": {
      "__type__": "cc.Quat",
      "x": -0.13712103807580925,
      "y": -0.023193337264638125,
      "z": 0.24912336727966664,
      "w": 0.9584348897545316
    },
    "_lscale": {
      "__type__": "cc.Vec3",
      "x": 1,
      "y": 0.999999940395355,
      "z": 1
    },
    "_layer": 1073741824,
    "_euler": {
      "__type__": "cc.Vec3",
      "x": -16.68707516964235,
      "y": 1.5624435921340627,
      "z": 28.940274201153052
    },
    "_id": ""
  },
  {
    "__type__": "cc.Node",
    "_name": "Bip001 L Finger41",
    "_objFlags": 0,
    "_parent": {
      "__id__": 45
    },
    "_children": [
      {
        "__id__": 47
      }
    ],
    "_active": true,
    "_components": [],
    "_prefab": {
      "__id__": 51
    },
    "_lpos": {
      "__type__": "cc.Vec3",
      "x": 0.00284820538945496,
      "y": -4.44089199923895e-18,
      "z": -5.55111499904869e-19
    },
    "_lrot": {
      "__type__": "cc.Quat",
      "x": 8.73114824884169e-9,
      "y": 3.7252898543727e-9,
      "z": 9.31322463593176e-10,
      "w": 1
    },
    "_lscale": {
      "__type__": "cc.Vec3",
      "x": 1.00000011920929,
      "y": 1.00000011920929,
      "z": 1.00000011920929
    },
    "_layer": 1073741824,
    "_euler": {
      "__type__": "cc.Vec3",
      "x": 0.0000010005158895257673,
      "y": 4.268867713051186e-7,
      "z": 1.067216967864422e-7
    },
    "_id": ""
  },
  {
    "__type__": "cc.Node",
    "_name": "Bip001 L Finger42",
    "_objFlags": 0,
    "_parent": {
      "__id__": 46
    },
    "_children": [
      {
        "__id__": 48
      }
    ],
    "_active": true,
    "_components": [],
    "_prefab": {
      "__id__": 50
    },
    "_lpos": {
      "__type__": "cc.Vec3",
      "x": 0.00182514183688909,
      "y": 0,
      "z": 1.19209286886246e-9
    },
    "_lrot": {
      "__type__": "cc.Quat",
      "x": 8.73114824884169e-9,
      "y": 3.7252898543727e-9,
      "z": 9.31322408082025e-10,
      "w": 1
    },
    "_lscale": {
      "__type__": "cc.Vec3",
      "x": 1.00000011920929,
      "y": 1.00000011920929,
      "z": 1.00000011920929
    },
    "_layer": 1073741824,
    "_euler": {
      "__type__": "cc.Vec3",
      "x": 0.0000010005158895257675,
      "y": 4.268867713051187e-7,
      "z": 1.0672169042533286e-7
    },
    "_id": ""
  },
  {
    "__type__": "cc.Node",
    "_name": "Bip001 L Finger4Nub",
    "_objFlags": 0,
    "_parent": {
      "__id__": 47
    },
    "_children": [],
    "_active": true,
    "_components": [],
    "_prefab": {
      "__id__": 49
    },
    "_lpos": {
      "__type__": "cc.Vec3",
      "x": 0.002029252005741,
      "y": -2.38418573772492e-9,
      "z": -1.19209286886246e-9
    },
    "_lrot": {
      "__type__": "cc.Quat",
      "x": 8.73114824884169e-9,
      "y": 3.7252898543727e-9,
      "z": 9.31322408082025e-10,
      "w": 1
    },
    "_lscale": {
      "__type__": "cc.Vec3",
      "x": 1.00000011920929,
      "y": 1.00000011920929,
      "z": 1.00000011920929
    },
    "_layer": 1073741824,
    "_euler": {
      "__type__": "cc.Vec3",
      "x": 0.0000010005158895257675,
      "y": 4.268867713051187e-7,
      "z": 1.0672169042533286e-7
    },
    "_id": ""
  },
  {
    "__type__": "cc.PrefabInfo",
    "root": {
      "__id__": 1
    },
    "asset": {
      "__id__": 0
    },
    "fileId": "ebOly+x+5Sn7H0paZs1+se"
  },
  {
    "__type__": "cc.PrefabInfo",
    "root": {
      "__id__": 1
    },
    "asset": {
      "__id__": 0
    },
    "fileId": "81wl3rYSZU1o3z0+VmIw8y"
  },
  {
    "__type__": "cc.PrefabInfo",
    "root": {
      "__id__": 1
    },
    "asset": {
      "__id__": 0
    },
    "fileId": "a9EbfS/UxX+b/NQ8gRmNH5"
  },
  {
    "__type__": "cc.PrefabInfo",
    "root": {
      "__id__": 1
    },
    "asset": {
      "__id__": 0
    },
    "fileId": "fdDhx3cRNQ67wlLxkaQKgj"
  },
  {
    "__type__": "cc.PrefabInfo",
    "root": {
      "__id__": 1
    },
    "asset": {
      "__id__": 0
    },
    "fileId": "82NE75eYlSpLxB7RFrRANv"
  },
  {
    "__type__": "cc.PrefabInfo",
    "root": {
      "__id__": 1
    },
    "asset": {
      "__id__": 0
    },
    "fileId": "0eZKf+60xTWZjSW68i20Nn"
  },
  {
    "__type__": "cc.PrefabInfo",
    "root": {
      "__id__": 1
    },
    "asset": {
      "__id__": 0
    },
    "fileId": "64rQ5MHANVubkqgJiNymUa"
  },
  {
    "__type__": "cc.PrefabInfo",
    "root": {
      "__id__": 1
    },
    "asset": {
      "__id__": 0
    },
    "fileId": "cfnHm55yFRjpZJ4STV+hVM"
  },
  {
    "__type__": "cc.Node",
    "_name": "Bip001 R Clavicle",
    "_objFlags": 0,
    "_parent": {
      "__id__": 8
    },
    "_children": [
      {
        "__id__": 58
      }
    ],
    "_active": true,
    "_components": [],
    "_prefab": {
      "__id__": 108
    },
    "_lpos": {
      "__type__": "cc.Vec3",
      "x": -0.00659365626052022,
      "y": 0.000476007437100634,
      "z": -0.00346280867233872
    },
    "_lrot": {
      "__type__": "cc.Quat",
      "x": -0.4393778381892469,
      "y": 0.3720056660604932,
      "z": 0.8118626361800667,
      "w": 0.09714916212600803
    },
    "_lscale": {
      "__type__": "cc.Vec3",
      "x": 1.00000011920929,
      "y": 1,
      "z": 1
    },
    "_layer": 1073741824,
    "_euler": {
      "__type__": "cc.Vec3",
      "x": -135.61423811091626,
      "y": 127.13668873173206,
      "z": -9.738898464736199
    },
    "_id": ""
  },
  {
    "__type__": "cc.Node",
    "_name": "Bip001 R UpperArm",
    "_objFlags": 0,
    "_parent": {
      "__id__": 57
    },
    "_children": [
      {
        "__id__": 59
      }
    ],
    "_active": true,
    "_components": [],
    "_prefab": {
      "__id__": 107
    },
    "_lpos": {
      "__type__": "cc.Vec3",
      "x": 0.0112501569092274,
      "y": 4.44089199923895e-18,
      "z": 1.77635679969558e-17
    },
    "_lrot": {
      "__type__": "cc.Quat",
      "x": -0.46550038958453666,
      "y": -0.2207823270504858,
      "z": 0.13788722604063297,
      "w": 0.8459028692785222
    },
    "_lscale": {
      "__type__": "cc.Vec3",
      "x": 1,
      "y": 1.00000011920929,
      "z": 1.00000011920929
    },
    "_layer": 1073741824,
    "_euler": {
      "__type__": "cc.Vec3",
      "x": -53.966428364200475,
      "y": -15.832101787414281,
      "z": 26.029057873694008
    },
    "_id": ""
  },
  {
    "__type__": "cc.Node",
    "_name": "Bip001 R Forearm",
    "_objFlags": 0,
    "_parent": {
      "__id__": 58
    },
    "_children": [
      {
        "__id__": 60
      }
    ],
    "_active": true,
    "_components": [],
    "_prefab": {
      "__id__": 106
    },
    "_lpos": {
      "__type__": "cc.Vec3",
      "x": 0.020965438336134,
      "y": -9.53674295089968e-9,
      "z": 0
    },
    "_lrot": {
      "__type__": "cc.Quat",
      "x": -1.9610000584545246e-17,
      "y": 7.96197633116195e-19,
      "z": -0.7352107176335133,
      "w": 0.6778386243618865
    },
    "_lscale": {
      "__type__": "cc.Vec3",
      "x": 0.999999940395355,
      "y": 0.99999988079071,
      "z": 1
    },
    "_layer": 1073741824,
    "_euler": {
      "__type__": "cc.Vec3",
      "x": -180,
      "y": -180,
      "z": -85.34995106312756
    },
    "_id": ""
  },
  {
    "__type__": "cc.Node",
    "_name": "Bip001 R Hand",
    "_objFlags": 0,
    "_parent": {
      "__id__": 59
    },
    "_children": [
      {
        "__id__": 61
      },
      {
        "__id__": 69
      },
      {
        "__id__": 77
      },
      {
        "__id__": 85
      },
      {
        "__id__": 93
      },
      {
        "__id__": 101
      }
    ],
    "_active": true,
    "_components": [],
    "_prefab": {
      "__id__": 105
    },
    "_lpos": {
      "__type__": "cc.Vec3",
      "x": 0.0202247854322195,
      "y": -4.76837147544984e-9,
      "z": 8.88178399847791e-18
    },
    "_lrot": {
      "__type__": "cc.Quat",
      "x": 0.5153404439114733,
      "y": -0.0959655337941859,
      "z": -0.26698052701080593,
      "w": 0.808663243501122
    },
    "_lscale": {
      "__type__": "cc.Vec3",
      "x": 1,
      "y": 1,
      "z": 1
    },
    "_layer": 1073741824,
    "_euler": {
      "__type__": "cc.Vec3",
      "x": 67.35758987305623,
      "y": 8.137032186564582,
      "z": -32.05306873321698
    },
    "_id": ""
  },
  {
    "__type__": "cc.Node",
    "_name": "Bip001 R Finger0",
    "_objFlags": 0,
    "_parent": {
      "__id__": 60
    },
    "_children": [
      {
        "__id__": 62
      }
    ],
    "_active": true,
    "_components": [],
    "_prefab": {
      "__id__": 68
    },
    "_lpos": {
      "__type__": "cc.Vec3",
      "x": 0.00338960043154657,
      "y": 0.000751838670112193,
      "z": 0.00355531694367528
    },
    "_lrot": {
      "__type__": "cc.Quat",
      "x": -0.6646149076735707,
      "y": -0.449822390507524,
      "z": -0.1993820344721298,
      "w": 0.5623109867554624
    },
    "_lscale": {
      "__type__": "cc.Vec3",
      "x": 0.999999940395355,
      "y": 1.00000011920929,
      "z": 0.99999988079071
    },
    "_layer": 1073741824,
    "_euler": {
      "__type__": "cc.Vec3",
      "x": -87.70969139114906,
      "y": -56.21347251914229,
      "z": 21.94324122821597
    },
    "_id": ""
  },
  {
    "__type__": "cc.Node",
    "_name": "Bip001 R Finger01",
    "_objFlags": 0,
    "_parent": {
      "__id__": 61
    },
    "_children": [
      {
        "__id__": 63
      }
    ],
    "_active": true,
    "_components": [],
    "_prefab": {
      "__id__": 67
    },
    "_lpos": {
      "__type__": "cc.Vec3",
      "x": 0.00378630519844592,
      "y": -8.88178399847791e-18,
      "z": 9.53674295089968e-9
    },
    "_lrot": {
      "__type__": "cc.Quat",
      "x": -1.4050757153926518e-8,
      "y": -8.951648408071326e-9,
      "z": 0.10341576598397857,
      "w": 0.994638215305418
    },
    "_lscale": {
      "__type__": "cc.Vec3",
      "x": 0.99999988079071,
      "y": 1,
      "z": 1
    },
    "_layer": 1073741824,
    "_euler": {
      "__type__": "cc.Vec3",
      "x": -0.0000015280678200624773,
      "y": -8.724348506771296e-7,
      "z": 11.871799456989747
    },
    "_id": ""
  },
  {
    "__type__": "cc.Node",
    "_name": "Bip001 R Finger02",
    "_objFlags": 0,
    "_parent": {
      "__id__": 62
    },
    "_children": [
      {
        "__id__": 64
      }
    ],
    "_active": true,
    "_components": [],
    "_prefab": {
      "__id__": 66
    },
    "_lpos": {
      "__type__": "cc.Vec3",
      "x": 0.00310072884894907,
      "y": -8.88178399847791e-18,
      "z": 9.53674295089968e-9
    },
    "_lrot": {
      "__type__": "cc.Quat",
      "x": -1.490116119384769e-8,
      "y": 7.450581485102245e-9,
      "z": -3.352761268615718e-8,
      "w": 0.9999999999999993
    },
    "_lscale": {
      "__type__": "cc.Vec3",
      "x": 1,
      "y": 1,
      "z": 1
    },
    "_layer": 1073741824,
    "_euler": {
      "__type__": "cc.Vec3",
      "x": -0.0000017075472638781989,
      "y": 8.537736907793606e-7,
      "z": -0.000003841981420854388
    },
    "_id": ""
  },
  {
    "__type__": "cc.Node",
    "_name": "Bip001 R Finger0Nub",
    "_objFlags": 0,
    "_parent": {
      "__id__": 63
    },
    "_children": [],
    "_active": true,
    "_components": [],
    "_prefab": {
      "__id__": 65
    },
    "_lpos": {
      "__type__": "cc.Vec3",
      "x": 0.00293916929513216,
      "y": 8.88178399847791e-18,
      "z": -9.53674295089968e-9
    },
    "_lrot": {
      "__type__": "cc.Quat",
      "x": 7.450581485102245e-9,
      "y": 1.490116119384769e-8,
      "z": 0.9999999999999993,
      "w": 3.352761268615718e-8
    },
    "_lscale": {
      "__type__": "cc.Vec3",
      "x": -1,
      "y": -1,
      "z": -1
    },
    "_layer": 1073741824,
    "_euler": {
      "__type__": "cc.Vec3",
      "x": -179.99999829245274,
      "y": -179.99999914622632,
      "z": 0.000003841981420854388
    },
    "_id": ""
  },
  {
    "__type__": "cc.PrefabInfo",
    "root": {
      "__id__": 1
    },
    "asset": {
      "__id__": 0
    },
    "fileId": "28Opi3PwBaupKxKMK4Muy5"
  },
  {
    "__type__": "cc.PrefabInfo",
    "root": {
      "__id__": 1
    },
    "asset": {
      "__id__": 0
    },
    "fileId": "b4bdiYHmdZ5YNuh92Lt6in"
  },
  {
    "__type__": "cc.PrefabInfo",
    "root": {
      "__id__": 1
    },
    "asset": {
      "__id__": 0
    },
    "fileId": "15w5g6XmZYi6K2fb4vIaL8"
  },
  {
    "__type__": "cc.PrefabInfo",
    "root": {
      "__id__": 1
    },
    "asset": {
      "__id__": 0
    },
    "fileId": "8dx2+zIXtShLnXZfcwinxe"
  },
  {
    "__type__": "cc.Node",
    "_name": "Bip001 R Finger1",
    "_objFlags": 0,
    "_parent": {
      "__id__": 60
    },
    "_children": [
      {
        "__id__": 70
      }
    ],
    "_active": true,
    "_components": [],
    "_prefab": {
      "__id__": 76
    },
    "_lpos": {
      "__type__": "cc.Vec3",
      "x": 0.0100068254396319,
      "y": -0.0000837516781757586,
      "z": 0.00318699819035828
    },
    "_lrot": {
      "__type__": "cc.Quat",
      "x": -0.05645152866342137,
      "y": 0.04664535398292705,
      "z": -0.07446795622695968,
      "w": 0.9945310248346956
    },
    "_lscale": {
      "__type__": "cc.Vec3",
      "x": 1,
      "y": 1.00000011920929,
      "z": 1.00000011920929
    },
    "_layer": 1073741824,
    "_euler": {
      "__type__": "cc.Vec3",
      "x": -6.1193526756769705,
      "y": 4.898064335342821,
      "z": -8.823305244471321
    },
    "_id": ""
  },
  {
    "__type__": "cc.Node",
    "_name": "Bip001 R Finger11",
    "_objFlags": 0,
    "_parent": {
      "__id__": 69
    },
    "_children": [
      {
        "__id__": 71
      }
    ],
    "_active": true,
    "_components": [],
    "_prefab": {
      "__id__": 75
    },
    "_lpos": {
      "__type__": "cc.Vec3",
      "x": 0.00425854604691267,
      "y": -9.53674295089968e-9,
      "z": 0
    },
    "_lrot": {
      "__type__": "cc.Quat",
      "x": 1.3814328073139979e-8,
      "y": 9.312362251509077e-9,
      "z": 0.12912817042531624,
      "w": 0.9916279118714894
    },
    "_lscale": {
      "__type__": "cc.Vec3",
      "x": 1.00000011920929,
      "y": 0.999999940395355,
      "z": 1
    },
    "_layer": 1073741824,
    "_euler": {
      "__type__": "cc.Vec3",
      "x": 0.0000014813578942705354,
      "y": 8.832275327260864e-7,
      "z": 14.838431072593053
    },
    "_id": ""
  },
  {
    "__type__": "cc.Node",
    "_name": "Bip001 R Finger12",
    "_objFlags": 0,
    "_parent": {
      "__id__": 70
    },
    "_children": [
      {
        "__id__": 72
      }
    ],
    "_active": true,
    "_components": [],
    "_prefab": {
      "__id__": 74
    },
    "_lpos": {
      "__type__": "cc.Vec3",
      "x": 0.00269485823810101,
      "y": 0,
      "z": 4.76837147544984e-9
    },
    "_lrot": {
      "__type__": "cc.Quat",
      "x": -5.240854939185349e-9,
      "y": -4.682926116623272e-8,
      "z": 0.20875349951479982,
      "w": 0.9779682900995933
    },
    "_lscale": {
      "__type__": "cc.Vec3",
      "x": 1,
      "y": 1,
      "z": 1
    },
    "_layer": 1073741824,
    "_euler": {
      "__type__": "cc.Vec3",
      "x": 5.837739793444125e-7,
      "y": -0.00000561173911440111,
      "z": 24.098628271967616
    },
    "_id": ""
  },
  {
    "__type__": "cc.Node",
    "_name": "Bip001 R Finger1Nub",
    "_objFlags": 0,
    "_parent": {
      "__id__": 71
    },
    "_children": [],
    "_active": true,
    "_components": [],
    "_prefab": {
      "__id__": 73
    },
    "_lpos": {
      "__type__": "cc.Vec3",
      "x": 0.00269486429169774,
      "y": -8.88178399847791e-18,
      "z": 0
    },
    "_lrot": {
      "__type__": "cc.Quat",
      "x": 1.4901159417490797e-8,
      "y": 1.4901159417490797e-8,
      "z": 0.9999999999999998,
      "w": -2.8327688137984094e-16
    },
    "_lscale": {
      "__type__": "cc.Vec3",
      "x": -1.00000011920929,
      "y": -1.00000011920929,
      "z": -1
    },
    "_layer": 1073741824,
    "_euler": {
      "__type__": "cc.Vec3",
      "x": -179.99999829245291,
      "y": -179.99999829245291,
      "z": -7.016708088104074e-15
    },
    "_id": ""
  },
  {
    "__type__": "cc.PrefabInfo",
    "root": {
      "__id__": 1
    },
    "asset": {
      "__id__": 0
    },
    "fileId": "a53VVD/yBd4p5hjuTXbxA1"
  },
  {
    "__type__": "cc.PrefabInfo",
    "root": {
      "__id__": 1
    },
    "asset": {
      "__id__": 0
    },
    "fileId": "b4x5HwcIJbWJcmyG8jVdcR"
  },
  {
    "__type__": "cc.PrefabInfo",
    "root": {
      "__id__": 1
    },
    "asset": {
      "__id__": 0
    },
    "fileId": "31TnVu8PdVLZ85o2DF8qmj"
  },
  {
    "__type__": "cc.PrefabInfo",
    "root": {
      "__id__": 1
    },
    "asset": {
      "__id__": 0
    },
    "fileId": "4aUOfMag9RL56l8MHa6H7n"
  },
  {
    "__type__": "cc.Node",
    "_name": "Bip001 R Finger2",
    "_objFlags": 0,
    "_parent": {
      "__id__": 60
    },
    "_children": [
      {
        "__id__": 78
      }
    ],
    "_active": true,
    "_components": [],
    "_prefab": {
      "__id__": 84
    },
    "_lpos": {
      "__type__": "cc.Vec3",
      "x": 0.00977932475507259,
      "y": -0.000283317553112283,
      "z": 0.000841698609292507
    },
    "_lrot": {
      "__type__": "cc.Quat",
      "x": 0.0541251353230394,
      "y": 0.05261933941724957,
      "z": 0.2556261785394872,
      "w": 0.9638241186496908
    },
    "_lscale": {
      "__type__": "cc.Vec3",
      "x": 1,
      "y": 1,
      "z": 1.00000011920929
    },
    "_layer": 1073741824,
    "_euler": {
      "__type__": "cc.Vec3",
      "x": 5.124453878138006,
      "y": 4.880805555233589,
      "z": 29.89773108386818
    },
    "_id": ""
  },
  {
    "__type__": "cc.Node",
    "_name": "Bip001 R Finger21",
    "_objFlags": 0,
    "_parent": {
      "__id__": 77
    },
    "_children": [
      {
        "__id__": 79
      }
    ],
    "_active": true,
    "_components": [],
    "_prefab": {
      "__id__": 83
    },
    "_lpos": {
      "__type__": "cc.Vec3",
      "x": 0.00446991436183453,
      "y": -4.76837147544984e-9,
      "z": 9.53674295089968e-9
    },
    "_lrot": {
      "__type__": "cc.Quat",
      "x": -1.2525609778673243e-8,
      "y": 2.804992659290053e-8,
      "z": 0.1741081312749786,
      "w": 0.984726540022119
    },
    "_lscale": {
      "__type__": "cc.Vec3",
      "x": 1.00000011920929,
      "y": 1.00000011920929,
      "z": 1.00000011920929
    },
    "_layer": 1073741824,
    "_euler": {
      "__type__": "cc.Vec3",
      "x": -0.0000021003801759379886,
      "y": 0.000003635504823673286,
      "z": 20.053522094288112
    },
    "_id": ""
  },
  {
    "__type__": "cc.Node",
    "_name": "Bip001 R Finger22",
    "_objFlags": 0,
    "_parent": {
      "__id__": 78
    },
    "_children": [
      {
        "__id__": 80
      }
    ],
    "_active": true,
    "_components": [],
    "_prefab": {
      "__id__": 82
    },
    "_lpos": {
      "__type__": "cc.Vec3",
      "x": 0.00304986466653645,
      "y": 4.76837147544984e-9,
      "z": -9.53674295089968e-9
    },
    "_lrot": {
      "__type__": "cc.Quat",
      "x": -7.45058059692383e-9,
      "y": -1.49011594174908e-8,
      "z": -7.45057970874541e-9,
      "w": 1
    },
    "_lscale": {
      "__type__": "cc.Vec3",
      "x": 1.00000011920929,
      "y": 1,
      "z": 1
    },
    "_layer": 1073741824,
    "_euler": {
      "__type__": "cc.Vec3",
      "x": -8.5377365897381e-7,
      "y": -0.0000017075470953087952,
      "z": -8.537735317516271e-7
    },
    "_id": ""
  },
  {
    "__type__": "cc.Node",
    "_name": "Bip001 R Finger2Nub",
    "_objFlags": 0,
    "_parent": {
      "__id__": 79
    },
    "_children": [],
    "_active": true,
    "_components": [],
    "_prefab": {
      "__id__": 81
    },
    "_lpos": {
      "__type__": "cc.Vec3",
      "x": 0.00282691000029445,
      "y": -2.38418573772492e-9,
      "z": 4.76837147544984e-9
    },
    "_lrot": {
      "__type__": "cc.Quat",
      "x": -1.49011594174908e-8,
      "y": 7.45058059692383e-9,
      "z": 1,
      "w": 7.45057970874541e-9
    },
    "_lscale": {
      "__type__": "cc.Vec3",
      "x": -1.00000011920929,
      "y": -1,
      "z": -1
    },
    "_layer": 1073741824,
    "_euler": {
      "__type__": "cc.Vec3",
      "x": -179.99999914622634,
      "y": 179.99999829245291,
      "z": 8.537735317516271e-7
    },
    "_id": ""
  },
  {
    "__type__": "cc.PrefabInfo",
    "root": {
      "__id__": 1
    },
    "asset": {
      "__id__": 0
    },
    "fileId": "b1JVDls79VYY4/1vC/xWXd"
  },
  {
    "__type__": "cc.PrefabInfo",
    "root": {
      "__id__": 1
    },
    "asset": {
      "__id__": 0
    },
    "fileId": "3dNRKb2clZz7CgjSEGluvU"
  },
  {
    "__type__": "cc.PrefabInfo",
    "root": {
      "__id__": 1
    },
    "asset": {
      "__id__": 0
    },
    "fileId": "37/5DPDb1SRLcwtDX8Qx9B"
  },
  {
    "__type__": "cc.PrefabInfo",
    "root": {
      "__id__": 1
    },
    "asset": {
      "__id__": 0
    },
    "fileId": "dc4AfjcBlfjKw+k8x7fKHC"
  },
  {
    "__type__": "cc.Node",
    "_name": "Bip001 R Finger3",
    "_objFlags": 0,
    "_parent": {
      "__id__": 60
    },
    "_children": [
      {
        "__id__": 86
      }
    ],
    "_active": true,
    "_components": [],
    "_prefab": {
      "__id__": 92
    },
    "_lpos": {
      "__type__": "cc.Vec3",
      "x": 0.00994965061545372,
      "y": -0.000171346662682481,
      "z": -0.00139930716250092
    },
    "_lrot": {
      "__type__": "cc.Quat",
      "x": 0.10592373543313513,
      "y": 0.03407515239524159,
      "z": 0.3063346469501355,
      "w": 0.9453983976816694
    },
    "_lscale": {
      "__type__": "cc.Vec3",
      "x": 1,
      "y": 0.999999940395355,
      "z": 1
    },
    "_layer": 1073741824,
    "_euler": {
      "__type__": "cc.Vec3",
      "x": 12.796376538838576,
      "y": -0.033035864824220794,
      "z": 35.90445247732838
    },
    "_id": ""
  },
  {
    "__type__": "cc.Node",
    "_name": "Bip001 R Finger31",
    "_objFlags": 0,
    "_parent": {
      "__id__": 85
    },
    "_children": [
      {
        "__id__": 87
      }
    ],
    "_active": true,
    "_components": [],
    "_prefab": {
      "__id__": 91
    },
    "_lpos": {
      "__type__": "cc.Vec3",
      "x": 0.00389957427978516,
      "y": 0,
      "z": 4.76837147544984e-9
    },
    "_lrot": {
      "__type__": "cc.Quat",
      "x": -1.4901161193847696e-8,
      "y": -1.4901162970204496e-8,
      "z": -2.2204460492503096e-16,
      "w": 0.9999999999999998
    },
    "_lscale": {
      "__type__": "cc.Vec3",
      "x": 0.999999940395355,
      "y": 1,
      "z": 1
    },
    "_layer": 1073741824,
    "_euler": {
      "__type__": "cc.Vec3",
      "x": -0.0000017075472925031926,
      "y": -0.0000017075474960586878,
      "z": 3.0332134246334186e-21
    },
    "_id": ""
  },
  {
    "__type__": "cc.Node",
    "_name": "Bip001 R Finger32",
    "_objFlags": 0,
    "_parent": {
      "__id__": 86
    },
    "_children": [
      {
        "__id__": 88
      }
    ],
    "_active": true,
    "_components": [],
    "_prefab": {
      "__id__": 90
    },
    "_lpos": {
      "__type__": "cc.Vec3",
      "x": 0.0026070021558553,
      "y": 8.88178399847791e-18,
      "z": -4.76837147544984e-9
    },
    "_lrot": {
      "__type__": "cc.Quat",
      "x": -1.4901161193847696e-8,
      "y": -1.4901161193847696e-8,
      "z": -2.4980020701043997e-16,
      "w": 0.9999999999999998
    },
    "_lscale": {
      "__type__": "cc.Vec3",
      "x": 0.999999940395355,
      "y": 1,
      "z": 1
    },
    "_layer": 1073741824,
    "_euler": {
      "__type__": "cc.Vec3",
      "x": -0.0000017075472925031926,
      "y": -0.0000017075472925031926,
      "z": -3.180557714676704e-15
    },
    "_id": ""
  },
  {
    "__type__": "cc.Node",
    "_name": "Bip001 R Finger3Nub",
    "_objFlags": 0,
    "_parent": {
      "__id__": 87
    },
    "_children": [],
    "_active": true,
    "_components": [],
    "_prefab": {
      "__id__": 89
    },
    "_lpos": {
      "__type__": "cc.Vec3",
      "x": 0.00294790742918849,
      "y": 0,
      "z": 9.53674295089968e-9
    },
    "_lrot": {
      "__type__": "cc.Quat",
      "x": -1.4901162970204496e-8,
      "y": 1.4901161193847696e-8,
      "z": 0.9999999999999998,
      "w": 1.6081227553066299e-16
    },
    "_lscale": {
      "__type__": "cc.Vec3",
      "x": -0.999999940395355,
      "y": -1,
      "z": -1
    },
    "_layer": 1073741824,
    "_euler": {
      "__type__": "cc.Vec3",
      "x": -179.99999829245272,
      "y": 179.99999829245252,
      "z": -7.016711121317696e-15
    },
    "_id": ""
  },
  {
    "__type__": "cc.PrefabInfo",
    "root": {
      "__id__": 1
    },
    "asset": {
      "__id__": 0
    },
    "fileId": "1c/+rbmGdVH47vypK7KZgl"
  },
  {
    "__type__": "cc.PrefabInfo",
    "root": {
      "__id__": 1
    },
    "asset": {
      "__id__": 0
    },
    "fileId": "a76uhlxPldx6DK14hQm4Ma"
  },
  {
    "__type__": "cc.PrefabInfo",
    "root": {
      "__id__": 1
    },
    "asset": {
      "__id__": 0
    },
    "fileId": "e0lCc9P9FesKbsxOVdSV0g"
  },
  {
    "__type__": "cc.PrefabInfo",
    "root": {
      "__id__": 1
    },
    "asset": {
      "__id__": 0
    },
    "fileId": "e0bpkZNalaz7/S011fwWwg"
  },
  {
    "__type__": "cc.Node",
    "_name": "Bip001 R Finger4",
    "_objFlags": 0,
    "_parent": {
      "__id__": 60
    },
    "_children": [
      {
        "__id__": 94
      }
    ],
    "_active": true,
    "_components": [],
    "_prefab": {
      "__id__": 100
    },
    "_lpos": {
      "__type__": "cc.Vec3",
      "x": 0.00942855980247259,
      "y": 0.00122401234693825,
      "z": -0.00280827982351184
    },
    "_lrot": {
      "__type__": "cc.Quat",
      "x": 0.1371210678445796,
      "y": 0.023193331671027363,
      "z": 0.2491233523175461,
      "w": 0.9584348895200069
    },
    "_lscale": {
      "__type__": "cc.Vec3",
      "x": 1,
      "y": 0.999999940395355,
      "z": 1
    },
    "_layer": 1073741824,
    "_euler": {
      "__type__": "cc.Vec3",
      "x": 16.687078989240824,
      "y": -1.5624449692229965,
      "z": 28.940272305723866
    },
    "_id": ""
  },
  {
    "__type__": "cc.Node",
    "_name": "Bip001 R Finger41",
    "_objFlags": 0,
    "_parent": {
      "__id__": 93
    },
    "_children": [
      {
        "__id__": 95
      }
    ],
    "_active": true,
    "_components": [],
    "_prefab": {
      "__id__": 99
    },
    "_lpos": {
      "__type__": "cc.Vec3",
      "x": 0.00284821027889848,
      "y": 8.88178399847791e-18,
      "z": -9.53674295089968e-9
    },
    "_lrot": {
      "__type__": "cc.Quat",
      "x": -7.63278263255346e-17,
      "y": 4.16333568059985e-17,
      "z": 7.45057970874541e-9,
      "w": 1
    },
    "_lscale": {
      "__type__": "cc.Vec3",
      "x": 1.00000011920929,
      "y": 1.00000011920929,
      "z": 1.00000011920929
    },
    "_layer": 1073741824,
    "_euler": {
      "__type__": "cc.Vec3",
      "x": -8.746524651266802e-15,
      "y": 4.77083132905863e-15,
      "z": 8.537735444738443e-7
    },
    "_id": ""
  },
  {
    "__type__": "cc.Node",
    "_name": "Bip001 R Finger42",
    "_objFlags": 0,
    "_parent": {
      "__id__": 94
    },
    "_children": [
      {
        "__id__": 96
      }
    ],
    "_active": true,
    "_components": [],
    "_prefab": {
      "__id__": 98
    },
    "_lpos": {
      "__type__": "cc.Vec3",
      "x": 0.00182514660991728,
      "y": 0,
      "z": 4.76837147544984e-9
    },
    "_lrot": {
      "__type__": "cc.Quat",
      "x": 1.38777861534532e-17,
      "y": 4.16333601147209e-17,
      "z": 7.45057970874541e-9,
      "w": 1
    },
    "_lscale": {
      "__type__": "cc.Vec3",
      "x": 1.00000011920929,
      "y": 1.00000011920929,
      "z": 1.00000011920929
    },
    "_layer": 1073741824,
    "_euler": {
      "__type__": "cc.Vec3",
      "x": 1.5902771156104614e-15,
      "y": 4.7708316311951234e-15,
      "z": 8.537735444738443e-7
    },
    "_id": ""
  },
  {
    "__type__": "cc.Node",
    "_name": "Bip001 R Finger4Nub",
    "_objFlags": 0,
    "_parent": {
      "__id__": 95
    },
    "_children": [],
    "_active": true,
    "_components": [],
    "_prefab": {
      "__id__": 97
    },
    "_lpos": {
      "__type__": "cc.Vec3",
      "x": 0.00202924734912813,
      "y": 4.76837147544984e-9,
      "z": 0
    },
    "_lrot": {
      "__type__": "cc.Quat",
      "x": 1.38777861534532e-17,
      "y": -4.85722507099057e-17,
      "z": 1,
      "w": -7.45057970874541e-9
    },
    "_lscale": {
      "__type__": "cc.Vec3",
      "x": -1.00000011920929,
      "y": -1.00000011920929,
      "z": -1.00000011920929
    },
    "_layer": 1073741824,
    "_euler": {
      "__type__": "cc.Vec3",
      "x": 180,
      "y": -180,
      "z": -8.537735444738443e-7
    },
    "_id": ""
  },
  {
    "__type__": "cc.PrefabInfo",
    "root": {
      "__id__": 1
    },
    "asset": {
      "__id__": 0
    },
    "fileId": "60Eta5MHlZv70pCZMFjd3H"
  },
  {
    "__type__": "cc.PrefabInfo",
    "root": {
      "__id__": 1
    },
    "asset": {
      "__id__": 0
    },
    "fileId": "886fO5u3JVS6FBLYT/XhhE"
  },
  {
    "__type__": "cc.PrefabInfo",
    "root": {
      "__id__": 1
    },
    "asset": {
      "__id__": 0
    },
    "fileId": "4coqMCaztQ0qrdoAzUyIB6"
  },
  {
    "__type__": "cc.PrefabInfo",
    "root": {
      "__id__": 1
    },
    "asset": {
      "__id__": 0
    },
    "fileId": "37rhLMPvRTB681pC/yShCQ"
  },
  {
    "__type__": "cc.Node",
    "_name": "Bone023",
    "_objFlags": 0,
    "_parent": {
      "__id__": 60
    },
    "_children": [
      {
        "__id__": 102
      }
    ],
    "_active": true,
    "_components": [],
    "_prefab": {
      "__id__": 104
    },
    "_lpos": {
      "__type__": "cc.Vec3",
      "x": 0.00650709262117743,
      "y": 0.00313013070262969,
      "z": -0.00383916380815208
    },
    "_lrot": {
      "__type__": "cc.Quat",
      "x": 0.5698966949716414,
      "y": -0.43880924349454126,
      "z": 0.3340077978516667,
      "w": 0.6091822353437668
    },
    "_lscale": {
      "__type__": "cc.Vec3",
      "x": 1.00000023841858,
      "y": 1.00000035762787,
      "z": 1.00000023841858
    },
    "_layer": 1073741824,
    "_euler": {
      "__type__": "cc.Vec3",
      "x": 82.65348856078508,
      "y": -66.82857457213164,
      "z": -5.348225008253035
    },
    "_id": ""
  },
  {
    "__type__": "cc.Node",
    "_name": "Bone024",
    "_objFlags": 0,
    "_parent": {
      "__id__": 101
    },
    "_children": [],
    "_active": true,
    "_components": [],
    "_prefab": {
      "__id__": 103
    },
    "_lpos": {
      "__type__": "cc.Vec3",
      "x": 0.0920803844928741,
      "y": 2.62260435590633e-8,
      "z": -9.53674295089968e-9
    },
    "_lrot": {
      "__type__": "cc.Quat",
      "x": -1.4901161193847693e-8,
      "y": 2.9802322387695286e-8,
      "z": 4.163336342344338e-16,
      "w": 0.9999999999999996
    },
    "_lscale": {
      "__type__": "cc.Vec3",
      "x": 1,
      "y": 1,
      "z": 1
    },
    "_layer": 1073741824,
    "_euler": {
      "__type__": "cc.Vec3",
      "x": -0.000001707547292503193,
      "y": 0.000003415094585006374,
      "z": -3.180554681463607e-15
    },
    "_id": ""
  },
  {
    "__type__": "cc.PrefabInfo",
    "root": {
      "__id__": 1
    },
    "asset": {
      "__id__": 0
    },
    "fileId": "f0yXWGXBxSBYChgObLT4cw"
  },
  {
    "__type__": "cc.PrefabInfo",
    "root": {
      "__id__": 1
    },
    "asset": {
      "__id__": 0
    },
    "fileId": "79h2Or4fpQWI2gOUsZ008y"
  },
  {
    "__type__": "cc.PrefabInfo",
    "root": {
      "__id__": 1
    },
    "asset": {
      "__id__": 0
    },
    "fileId": "caoy7O3ilWX54JQ783k71+"
  },
  {
    "__type__": "cc.PrefabInfo",
    "root": {
      "__id__": 1
    },
    "asset": {
      "__id__": 0
    },
    "fileId": "3fhu+dLB5Y05/+XRDTTOQD"
  },
  {
    "__type__": "cc.PrefabInfo",
    "root": {
      "__id__": 1
    },
    "asset": {
      "__id__": 0
    },
    "fileId": "2eWTAKJSNfY5yLq4GegHo+"
  },
  {
    "__type__": "cc.PrefabInfo",
    "root": {
      "__id__": 1
    },
    "asset": {
      "__id__": 0
    },
    "fileId": "1dkeYvi01a6KpFPDCwflHE"
  },
  {
    "__type__": "cc.Node",
    "_name": "Bip001 Head",
    "_objFlags": 0,
    "_parent": {
      "__id__": 8
    },
    "_children": [
      {
        "__id__": 110
      },
      {
        "__id__": 112
      }
    ],
    "_active": true,
    "_components": [],
    "_prefab": {
      "__id__": 120
    },
    "_lpos": {
      "__type__": "cc.Vec3",
      "x": 0.00533298496156931,
      "y": 0,
      "z": -2.98023217215615e-10
    },
    "_lrot": {
      "__type__": "cc.Quat",
      "x": 0.14170785433312758,
      "y": -0.004983027065045428,
      "z": -0.01646852887318724,
      "w": 0.9897589812769182
    },
    "_lscale": {
      "__type__": "cc.Vec3",
      "x": 1.00000011920929,
      "y": 0.99999988079071,
      "z": 1.00000023841858
    },
    "_layer": 1073741824,
    "_euler": {
      "__type__": "cc.Vec3",
      "x": 16.290729857066268,
      "y": -0.2979141938832265,
      "z": -1.9491209386589314
    },
    "_id": ""
  },
  {
    "__type__": "cc.Node",
    "_name": "Bip001 HeadNub",
    "_objFlags": 0,
    "_parent": {
      "__id__": 109
    },
    "_children": [],
    "_active": true,
    "_components": [],
    "_prefab": {
      "__id__": 111
    },
    "_lpos": {
      "__type__": "cc.Vec3",
      "x": 0.020336827263236,
      "y": 0,
      "z": 2.22044599961948e-18
    },
    "_lrot": {
      "__type__": "cc.Quat",
      "x": -1.86264514923096e-9,
      "y": -3.72529029846191e-9,
      "z": 1.49011611938477e-8,
      "w": 1
    },
    "_lscale": {
      "__type__": "cc.Vec3",
      "x": 1,
      "y": 0.999999940395355,
      "z": 1
    },
    "_layer": 1073741824,
    "_euler": {
      "__type__": "cc.Vec3",
      "x": -2.1344340520178953e-7,
      "y": -4.2688681994524195e-7,
      "z": 0.0000017075472932983317
    },
    "_id": ""
  },
  {
    "__type__": "cc.PrefabInfo",
    "root": {
      "__id__": 1
    },
    "asset": {
      "__id__": 0
    },
    "fileId": "16hAgLVQFdk5ZmWjLTxaq2"
  },
  {
    "__type__": "cc.Node",
    "_name": "Bone019",
    "_objFlags": 0,
    "_parent": {
      "__id__": 109
    },
    "_children": [
      {
        "__id__": 113
      }
    ],
    "_active": true,
    "_components": [],
    "_prefab": {
      "__id__": 119
    },
    "_lpos": {
      "__type__": "cc.Vec3",
      "x": 0.019872197881341,
      "y": 0.0040457914583385,
      "z": -0.00165447348263115
    },
    "_lrot": {
      "__type__": "cc.Quat",
      "x": -0.4817107697232238,
      "y": 0.525050708362726,
      "z": 0.47084540904575445,
      "w": 0.5201740946654254
    },
    "_lscale": {
      "__type__": "cc.Vec3",
      "x": 0.999999761581421,
      "y": 0.999999701976776,
      "z": 1
    },
    "_layer": 1073741824,
    "_euler": {
      "__type__": "cc.Vec3",
      "x": -84.69079725049053,
      "y": 89.69900202737043,
      "z": -0.9168857947570401
    },
    "_id": ""
  },
  {
    "__type__": "cc.Node",
    "_name": "Bone020",
    "_objFlags": 0,
    "_parent": {
      "__id__": 112
    },
    "_children": [
      {
        "__id__": 114
      }
    ],
    "_active": true,
    "_components": [],
    "_prefab": {
      "__id__": 118
    },
    "_lpos": {
      "__type__": "cc.Vec3",
      "x": 0.00768426712602377,
      "y": 0,
      "z": 4.44089199923895e-18
    },
    "_lrot": {
      "__type__": "cc.Quat",
      "x": -0.24866107424381573,
      "y": -0.06414465688288527,
      "z": 0.3758455264975697,
      "w": 0.8903893942321266
    },
    "_lscale": {
      "__type__": "cc.Vec3",
      "x": 0.99999988079071,
      "y": 0.99999988079071,
      "z": 1
    },
    "_layer": 1073741824,
    "_euler": {
      "__type__": "cc.Vec3",
      "x": -33.60423346015564,
      "y": 5.851628454463194,
      "z": 44.52322300571312
    },
    "_id": ""
  },
  {
    "__type__": "cc.Node",
    "_name": "Bone021",
    "_objFlags": 0,
    "_parent": {
      "__id__": 113
    },
    "_children": [
      {
        "__id__": 115
      }
    ],
    "_active": true,
    "_components": [],
    "_prefab": {
      "__id__": 117
    },
    "_lpos": {
      "__type__": "cc.Vec3",
      "x": 0.00801310501992702,
      "y": 0,
      "z": 0
    },
    "_lrot": {
      "__type__": "cc.Quat",
      "x": 0.015156559961187374,
      "y": 0.03238831900330199,
      "z": 0.3304410049462345,
      "w": 0.9431489902090792
    },
    "_lscale": {
      "__type__": "cc.Vec3",
      "x": 1.00000023841858,
      "y": 1.00000023841858,
      "z": 1
    },
    "_layer": 1073741824,
    "_euler": {
      "__type__": "cc.Vec3",
      "x": 0.5269799411511451,
      "y": 3.748896118284744,
      "z": 38.630240344080754
    },
    "_id": ""
  },
  {
    "__type__": "cc.Node",
    "_name": "Bone022",
    "_objFlags": 0,
    "_parent": {
      "__id__": 114
    },
    "_children": [],
    "_active": true,
    "_components": [],
    "_prefab": {
      "__id__": 116
    },
    "_lpos": {
      "__type__": "cc.Vec3",
      "x": 0.00787744484841824,
      "y": 4.76837147544984e-9,
      "z": 9.53674295089968e-9
    },
    "_lrot": {
      "__type__": "cc.Quat",
      "x": 2.9802322387695154e-8,
      "y": -8.940695295223076e-8,
      "z": 3.3527612686157035e-8,
      "w": 0.9999999999999951
    },
    "_lscale": {
      "__type__": "cc.Vec3",
      "x": 1.00000011920929,
      "y": 1.00000011920929,
      "z": 1.00000011920929
    },
    "_layer": 1073741824,
    "_euler": {
      "__type__": "cc.Vec3",
      "x": 0.0000034150949285062017,
      "y": -0.000010245282241075073,
      "z": 0.000003841981102798933
    },
    "_id": ""
  },
  {
    "__type__": "cc.PrefabInfo",
    "root": {
      "__id__": 1
    },
    "asset": {
      "__id__": 0
    },
    "fileId": "4dpkLNErdcLJpc62I4LTuo"
  },
  {
    "__type__": "cc.PrefabInfo",
    "root": {
      "__id__": 1
    },
    "asset": {
      "__id__": 0
    },
    "fileId": "f5aPHN4VNb3ZObqjNdpI5t"
  },
  {
    "__type__": "cc.PrefabInfo",
    "root": {
      "__id__": 1
    },
    "asset": {
      "__id__": 0
    },
    "fileId": "75z4cdgpRbJ7SafHM/3jRF"
  },
  {
    "__type__": "cc.PrefabInfo",
    "root": {
      "__id__": 1
    },
    "asset": {
      "__id__": 0
    },
    "fileId": "56L4jCByBckajGVFCDpS8j"
  },
  {
    "__type__": "cc.PrefabInfo",
    "root": {
      "__id__": 1
    },
    "asset": {
      "__id__": 0
    },
    "fileId": "8fFwnNk05W+JYDFgLToB6l"
  },
  {
    "__type__": "cc.PrefabInfo",
    "root": {
      "__id__": 1
    },
    "asset": {
      "__id__": 0
    },
    "fileId": "9fl1yEehpb2ax5X2OUIP7U"
  },
  {
    "__type__": "cc.Node",
    "_name": "Bone008",
    "_objFlags": 0,
    "_parent": {
      "__id__": 7
    },
    "_children": [
      {
        "__id__": 123
      }
    ],
    "_active": true,
    "_components": [],
    "_prefab": {
      "__id__": 133
    },
    "_lpos": {
      "__type__": "cc.Vec3",
      "x": 0.0170686822384596,
      "y": -0.0102890999987721,
      "z": 0.00822294689714909
    },
    "_lrot": {
      "__type__": "cc.Quat",
      "x": 0.007800434150020719,
      "y": -0.05407809024015277,
      "z": 0.9542428132304062,
      "w": -0.29399892309525427
    },
    "_lscale": {
      "__type__": "cc.Vec3",
      "x": 1.00000023841858,
      "y": 1.00000011920929,
      "z": 0.99999988079071
    },
    "_layer": 1073741824,
    "_euler": {
      "__type__": "cc.Vec3",
      "x": 173.15262065279828,
      "y": 178.82856991743614,
      "z": -34.18981766207679
    },
    "_id": ""
  },
  {
    "__type__": "cc.Node",
    "_name": "Bone009",
    "_objFlags": 0,
    "_parent": {
      "__id__": 122
    },
    "_children": [
      {
        "__id__": 124
      }
    ],
    "_active": true,
    "_components": [],
    "_prefab": {
      "__id__": 132
    },
    "_lpos": {
      "__type__": "cc.Vec3",
      "x": 0.011441764421761,
      "y": 6.67572024326546e-8,
      "z": 2.38418573772492e-9
    },
    "_lrot": {
      "__type__": "cc.Quat",
      "x": 0.040841165246323925,
      "y": -0.03429849760930871,
      "z": -0.1688820244412105,
      "w": 0.9841922952877172
    },
    "_lscale": {
      "__type__": "cc.Vec3",
      "x": 1,
      "y": 1,
      "z": 1
    },
    "_layer": 1073741824,
    "_euler": {
      "__type__": "cc.Vec3",
      "x": 4.188161760881189,
      "y": -3.2686119665763753,
      "z": -19.586303104485577
    },
    "_id": ""
  },
  {
    "__type__": "cc.Node",
    "_name": "Bone010",
    "_objFlags": 0,
    "_parent": {
      "__id__": 123
    },
    "_children": [
      {
        "__id__": 125
      }
    ],
    "_active": true,
    "_components": [],
    "_prefab": {
      "__id__": 131
    },
    "_lpos": {
      "__type__": "cc.Vec3",
      "x": 0.0214765258133411,
      "y": -4.76837147544984e-9,
      "z": 4.44089199923895e-18
    },
    "_lrot": {
      "__type__": "cc.Quat",
      "x": 0.009300214038228637,
      "y": -0.06913446486159434,
      "z": -0.00007129798751718922,
      "w": 0.9975639962948448
    },
    "_lscale": {
      "__type__": "cc.Vec3",
      "x": 1.00000011920929,
      "y": 1.00000011920929,
      "z": 1
    },
    "_layer": 1073741824,
    "_euler": {
      "__type__": "cc.Vec3",
      "x": 1.0626270752676574,
      "y": -7.928135177863432,
      "z": -0.08182867134383921
    },
    "_id": ""
  },
  {
    "__type__": "cc.Node",
    "_name": "Bone011",
    "_objFlags": 0,
    "_parent": {
      "__id__": 124
    },
    "_children": [
      {
        "__id__": 126
      }
    ],
    "_active": true,
    "_components": [],
    "_prefab": {
      "__id__": 130
    },
    "_lpos": {
      "__type__": "cc.Vec3",
      "x": 0.0254594124853611,
      "y": 2.90870673325117e-7,
      "z": 0
    },
    "_lrot": {
      "__type__": "cc.Quat",
      "x": 0.000032789503272192855,
      "y": 0.05477660539607241,
      "z": 0.0027645146563785887,
      "w": 0.9984948071396497
    },
    "_lscale": {
      "__type__": "cc.Vec3",
      "x": 0.99999988079071,
      "y": 0.99999988079071,
      "z": 1
    },
    "_layer": 1073741824,
    "_euler": {
      "__type__": "cc.Vec3",
      "x": -0.013601146237740558,
      "y": 6.280141417301924,
      "z": 0.3165206418827345
    },
    "_id": ""
  },
  {
    "__type__": "cc.Node",
    "_name": "Bone012",
    "_objFlags": 0,
    "_parent": {
      "__id__": 125
    },
    "_children": [
      {
        "__id__": 127
      }
    ],
    "_active": true,
    "_components": [],
    "_prefab": {
      "__id__": 129
    },
    "_lpos": {
      "__type__": "cc.Vec3",
      "x": 0.0228057336062193,
      "y": 4.44089199923895e-18,
      "z": 4.76837147544984e-9
    },
    "_lrot": {
      "__type__": "cc.Quat",
      "x": 0.009201316873177112,
      "y": 0.15854309118316365,
      "z": -0.052051412553601045,
      "w": 0.9859361411658775
    },
    "_lscale": {
      "__type__": "cc.Vec3",
      "x": 0.999999940395355,
      "y": 0.999999940395355,
      "z": 1
    },
    "_layer": 1073741824,
    "_euler": {
      "__type__": "cc.Vec3",
      "x": 1.995567336065444,
      "y": 18.37020303142953,
      "z": -5.723111975136911
    },
    "_id": ""
  },
  {
    "__type__": "cc.Node",
    "_name": "Bone013",
    "_objFlags": 0,
    "_parent": {
      "__id__": 126
    },
    "_children": [],
    "_active": true,
    "_components": [],
    "_prefab": {
      "__id__": 128
    },
    "_lpos": {
      "__type__": "cc.Vec3",
      "x": 0.0270075276494026,
      "y": 2.38418573772492e-9,
      "z": 2.38418573772492e-9
    },
    "_lrot": {
      "__type__": "cc.Quat",
      "x": -0.004539954908101463,
      "y": -0.30832591424555256,
      "z": 0.024975394645165225,
      "w": 0.9509420324480324
    },
    "_lscale": {
      "__type__": "cc.Vec3",
      "x": 1,
      "y": 1,
      "z": 1
    },
    "_layer": 1073741824,
    "_euler": {
      "__type__": "cc.Vec3",
      "x": 0.38819512517464055,
      "y": -35.93848426637226,
      "z": 2.883187292308002
    },
    "_id": ""
  },
  {
    "__type__": "cc.PrefabInfo",
    "root": {
      "__id__": 1
    },
    "asset": {
      "__id__": 0
    },
    "fileId": "28aSzVr9dRrLdcUlJYo450"
  },
  {
    "__type__": "cc.PrefabInfo",
    "root": {
      "__id__": 1
    },
    "asset": {
      "__id__": 0
    },
    "fileId": "a2mYydmvNT9Yx5WioLSME2"
  },
  {
    "__type__": "cc.PrefabInfo",
    "root": {
      "__id__": 1
    },
    "asset": {
      "__id__": 0
    },
    "fileId": "86MZPrVB9elpMKWMJAsGzj"
  },
  {
    "__type__": "cc.PrefabInfo",
    "root": {
      "__id__": 1
    },
    "asset": {
      "__id__": 0
    },
    "fileId": "b5bNvgeZZaFZccckf5xRcf"
  },
  {
    "__type__": "cc.PrefabInfo",
    "root": {
      "__id__": 1
    },
    "asset": {
      "__id__": 0
    },
    "fileId": "87eo/kVfBbqqB0M/XpvzXM"
  },
  {
    "__type__": "cc.PrefabInfo",
    "root": {
      "__id__": 1
    },
    "asset": {
      "__id__": 0
    },
    "fileId": "719jZX9qxSv7ZQKBvue88o"
  },
  {
    "__type__": "cc.Node",
    "_name": "Bone014",
    "_objFlags": 0,
    "_parent": {
      "__id__": 7
    },
    "_children": [
      {
        "__id__": 135
      }
    ],
    "_active": true,
    "_components": [],
    "_prefab": {
      "__id__": 143
    },
    "_lpos": {
      "__type__": "cc.Vec3",
      "x": 0.0161423105746508,
      "y": -0.00850710738450289,
      "z": 0.0127223199233413
    },
    "_lrot": {
      "__type__": "cc.Quat",
      "x": 0.04023112392013708,
      "y": 0.025461383387657348,
      "z": 0.9627420986848035,
      "w": -0.2661969685103291
    },
    "_lscale": {
      "__type__": "cc.Vec3",
      "x": 1.00000023841858,
      "y": 1.00000011920929,
      "z": 0.999999821186066
    },
    "_layer": 1073741824,
    "_euler": {
      "__type__": "cc.Vec3",
      "x": -175.30082547527095,
      "y": -173.92369770784137,
      "z": -30.697764986780143
    },
    "_id": ""
  },
  {
    "__type__": "cc.Node",
    "_name": "Bone018",
    "_objFlags": 0,
    "_parent": {
      "__id__": 134
    },
    "_children": [
      {
        "__id__": 136
      }
    ],
    "_active": true,
    "_components": [],
    "_prefab": {
      "__id__": 142
    },
    "_lpos": {
      "__type__": "cc.Vec3",
      "x": 0.0120178982615471,
      "y": 4.76837147544984e-9,
      "z": 0
    },
    "_lrot": {
      "__type__": "cc.Quat",
      "x": -0.00007929135410654232,
      "y": -0.04584284757303735,
      "z": -0.12315403362440616,
      "w": 0.9913281550734424
    },
    "_lscale": {
      "__type__": "cc.Vec3",
      "x": 1.00000011920929,
      "y": 0.99999988079071,
      "z": 1
    },
    "_layer": 1073741824,
    "_euler": {
      "__type__": "cc.Vec3",
      "x": -0.676449342636965,
      "y": -5.379236743814628,
      "z": -14.132484460201251
    },
    "_id": ""
  },
  {
    "__type__": "cc.Node",
    "_name": "Bone015",
    "_objFlags": 0,
    "_parent": {
      "__id__": 135
    },
    "_children": [
      {
        "__id__": 137
      }
    ],
    "_active": true,
    "_components": [],
    "_prefab": {
      "__id__": 141
    },
    "_lpos": {
      "__type__": "cc.Vec3",
      "x": 0.0159173011779785,
      "y": 2.38418573772492e-9,
      "z": 8.88178399847791e-18
    },
    "_lrot": {
      "__type__": "cc.Quat",
      "x": 0.02281089074854855,
      "y": -0.09764507934481338,
      "z": -0.005728607400522271,
      "w": 0.9949433575838644
    },
    "_lscale": {
      "__type__": "cc.Vec3",
      "x": 0.999999940395355,
      "y": 1,
      "z": 1.00000011920929
    },
    "_layer": 1073741824,
    "_euler": {
      "__type__": "cc.Vec3",
      "x": 2.537767219251319,
      "y": -11.190148840191208,
      "z": -0.9084066198588213
    },
    "_id": ""
  },
  {
    "__type__": "cc.Node",
    "_name": "Bone016",
    "_objFlags": 0,
    "_parent": {
      "__id__": 136
    },
    "_children": [
      {
        "__id__": 138
      }
    ],
    "_active": true,
    "_components": [],
    "_prefab": {
      "__id__": 140
    },
    "_lpos": {
      "__type__": "cc.Vec3",
      "x": 0.0171141810715199,
      "y": 9.53674295089968e-9,
      "z": 0
    },
    "_lrot": {
      "__type__": "cc.Quat",
      "x": -0.0888944070517134,
      "y": 0.11791463538608747,
      "z": -0.03523228047256898,
      "w": 0.9884091306586523
    },
    "_lscale": {
      "__type__": "cc.Vec3",
      "x": 1.00000035762787,
      "y": 1.00000035762787,
      "z": 1
    },
    "_layer": 1073741824,
    "_euler": {
      "__type__": "cc.Vec3",
      "x": -9.677997562909468,
      "y": 13.165751453107642,
      "z": -5.198799780969604
    },
    "_id": ""
  },
  {
    "__type__": "cc.Node",
    "_name": "Bone017",
    "_objFlags": 0,
    "_parent": {
      "__id__": 137
    },
    "_children": [],
    "_active": true,
    "_components": [],
    "_prefab": {
      "__id__": 139
    },
    "_lpos": {
      "__type__": "cc.Vec3",
      "x": 0.0160191636532545,
      "y": 4.76837147544984e-9,
      "z": -4.76837147544984e-9
    },
    "_lrot": {
      "__type__": "cc.Quat",
      "x": 0.033249962966577805,
      "y": -0.29314196014251576,
      "z": 0.013255775862951739,
      "w": 0.9553986160617967
    },
    "_lscale": {
      "__type__": "cc.Vec3",
      "x": 1,
      "y": 1,
      "z": 1
    },
    "_layer": 1073741824,
    "_euler": {
      "__type__": "cc.Vec3",
      "x": 4.0890489001595,
      "y": -34.126775674678115,
      "z": 0.3343331522721108
    },
    "_id": ""
  },
  {
    "__type__": "cc.PrefabInfo",
    "root": {
      "__id__": 1
    },
    "asset": {
      "__id__": 0
    },
    "fileId": "40zuNf7dBUAL7c4RJCJWlq"
  },
  {
    "__type__": "cc.PrefabInfo",
    "root": {
      "__id__": 1
    },
    "asset": {
      "__id__": 0
    },
    "fileId": "9ap3gV5CNSvLHfbxJ5yn0j"
  },
  {
    "__type__": "cc.PrefabInfo",
    "root": {
      "__id__": 1
    },
    "asset": {
      "__id__": 0
    },
    "fileId": "37P5Ez6adVD6st+gbPRc9I"
  },
  {
    "__type__": "cc.PrefabInfo",
    "root": {
      "__id__": 1
    },
    "asset": {
      "__id__": 0
    },
    "fileId": "75Oh7wtUFVa7eHOyKvIQaa"
  },
  {
    "__type__": "cc.PrefabInfo",
    "root": {
      "__id__": 1
    },
    "asset": {
      "__id__": 0
    },
    "fileId": "1ar7SskDZaL4euxrOJLfNa"
  },
  {
    "__type__": "cc.Node",
    "_name": "Bone001",
    "_objFlags": 0,
    "_parent": {
      "__id__": 7
    },
    "_children": [
      {
        "__id__": 145
      }
    ],
    "_active": true,
    "_components": [],
    "_prefab": {
      "__id__": 157
    },
    "_lpos": {
      "__type__": "cc.Vec3",
      "x": 0.0173240080475807,
      "y": -0.0105658061802387,
      "z": -1.19209282445354e-8
    },
    "_lrot": {
      "__type__": "cc.Quat",
      "x": -0.26811209274826253,
      "y": 0.9628549201587797,
      "z": 0.006877308233898669,
      "w": 0.03128915274712555
    },
    "_lscale": {
      "__type__": "cc.Vec3",
      "x": 1.00000035762787,
      "y": 1.00000047683716,
      "z": 1
    },
    "_layer": 1073741824,
    "_euler": {
      "__type__": "cc.Vec3",
      "x": -2.0083371832380186,
      "y": 175.71944540246994,
      "z": -31.0560076454885
    },
    "_id": ""
  },
  {
    "__type__": "cc.Node",
    "_name": "Bone002",
    "_objFlags": 0,
    "_parent": {
      "__id__": 144
    },
    "_children": [
      {
        "__id__": 146
      }
    ],
    "_active": true,
    "_components": [],
    "_prefab": {
      "__id__": 156
    },
    "_lpos": {
      "__type__": "cc.Vec3",
      "x": 0.0109487725421786,
      "y": -4.76837147544984e-9,
      "z": 0
    },
    "_lrot": {
      "__type__": "cc.Quat",
      "x": -0.0019028776079143023,
      "y": 0.04306483318418052,
      "z": 0.10616172972601824,
      "w": 0.9934140558403672
    },
    "_lscale": {
      "__type__": "cc.Vec3",
      "x": 1,
      "y": 1,
      "z": 1
    },
    "_layer": 1073741824,
    "_euler": {
      "__type__": "cc.Vec3",
      "x": -0.7575495481180491,
      "y": 5.045213298013615,
      "z": 12.16696509619634
    },
    "_id": ""
  },
  {
    "__type__": "cc.Node",
    "_name": "Bone003",
    "_objFlags": 0,
    "_parent": {
      "__id__": 145
    },
    "_children": [
      {
        "__id__": 147
      }
    ],
    "_active": true,
    "_components": [],
    "_prefab": {
      "__id__": 155
    },
    "_lpos": {
      "__type__": "cc.Vec3",
      "x": 0.0214635264128447,
      "y": 2.38418573772492e-9,
      "z": 2.38418573772492e-9
    },
    "_lrot": {
      "__type__": "cc.Quat",
      "x": 0.003679047609761021,
      "y": 0.04100932223535371,
      "z": 0.03079646485292839,
      "w": 0.9986772641104054
    },
    "_lscale": {
      "__type__": "cc.Vec3",
      "x": 1.00000023841858,
      "y": 1.00000023841858,
      "z": 1
    },
    "_layer": 1073741824,
    "_euler": {
      "__type__": "cc.Vec3",
      "x": 0.27683810485091803,
      "y": 4.694339840291604,
      "z": 3.5438952387635267
    },
    "_id": ""
  },
  {
    "__type__": "cc.Node",
    "_name": "Bone004",
    "_objFlags": 0,
    "_parent": {
      "__id__": 146
    },
    "_children": [
      {
        "__id__": 148
      }
    ],
    "_active": true,
    "_components": [],
    "_prefab": {
      "__id__": 154
    },
    "_lpos": {
      "__type__": "cc.Vec3",
      "x": 0.0237103309482336,
      "y": 0,
      "z": 4.44089199923895e-18
    },
    "_lrot": {
      "__type__": "cc.Quat",
      "x": -0.0030776776054496175,
      "y": -0.0032749149579189177,
      "z": 0.010551650739447865,
      "w": 0.9999342305868161
    },
    "_lscale": {
      "__type__": "cc.Vec3",
      "x": 0.999999821186066,
      "y": 0.999999821186066,
      "z": 1
    },
    "_layer": 1073741824,
    "_euler": {
      "__type__": "cc.Vec3",
      "x": -0.3487728446417054,
      "y": -0.37161712740815983,
      "z": 1.2102955735631482
    },
    "_id": ""
  },
  {
    "__type__": "cc.Node",
    "_name": "Bone005",
    "_objFlags": 0,
    "_parent": {
      "__id__": 147
    },
    "_children": [
      {
        "__id__": 149
      }
    ],
    "_active": true,
    "_components": [],
    "_prefab": {
      "__id__": 153
    },
    "_lpos": {
      "__type__": "cc.Vec3",
      "x": 0.0237607900053263,
      "y": 2.38418573772492e-9,
      "z": 2.38418573772492e-9
    },
    "_lrot": {
      "__type__": "cc.Quat",
      "x": -0.000681232477873066,
      "y": -0.1030633511181295,
      "z": 0.019381109382911772,
      "w": 0.9944857234660033
    },
    "_lscale": {
      "__type__": "cc.Vec3",
      "x": 0.999999701976776,
      "y": 0.999999701976776,
      "z": 1
    },
    "_layer": 1073741824,
    "_euler": {
      "__type__": "cc.Vec3",
      "x": 0.15137506761912925,
      "y": -11.836361481986307,
      "z": 2.217263683921698
    },
    "_id": ""
  },
  {
    "__type__": "cc.Node",
    "_name": "Bone006",
    "_objFlags": 0,
    "_parent": {
      "__id__": 148
    },
    "_children": [
      {
        "__id__": 150
      }
    ],
    "_active": true,
    "_components": [],
    "_prefab": {
      "__id__": 152
    },
    "_lpos": {
      "__type__": "cc.Vec3",
      "x": 0.0272344890981913,
      "y": 1.90734851912566e-7,
      "z": 2.38418573772492e-9
    },
    "_lrot": {
      "__type__": "cc.Quat",
      "x": -0.002433678894015507,
      "y": -0.15480916585311214,
      "z": -0.01022500663231561,
      "w": 0.9878884798469275
    },
    "_lscale": {
      "__type__": "cc.Vec3",
      "x": 1.00000035762787,
      "y": 1.00000035762787,
      "z": 1
    },
    "_layer": 1073741824,
    "_euler": {
      "__type__": "cc.Vec3",
      "x": -0.45698250461193357,
      "y": -17.8168935997799,
      "z": -1.1144056178448678
    },
    "_id": ""
  },
  {
    "__type__": "cc.Node",
    "_name": "Bone007",
    "_objFlags": 0,
    "_parent": {
      "__id__": 149
    },
    "_children": [],
    "_active": true,
    "_components": [],
    "_prefab": {
      "__id__": 151
    },
    "_lpos": {
      "__type__": "cc.Vec3",
      "x": 0.0267726462334394,
      "y": 1.66893006081636e-8,
      "z": 2.98023206113385e-9
    },
    "_lrot": {
      "__type__": "cc.Quat",
      "x": -0.0003418271852051548,
      "y": 0.030835951692763684,
      "z": -0.0005193290844718731,
      "w": 0.9995242656057324
    },
    "_lscale": {
      "__type__": "cc.Vec3",
      "x": 1,
      "y": 1,
      "z": 1
    },
    "_layer": 1073741824,
    "_euler": {
      "__type__": "cc.Vec3",
      "x": -0.03731682890618655,
      "y": 3.5340809188992366,
      "z": -0.06069028944183776
    },
    "_id": ""
  },
  {
    "__type__": "cc.PrefabInfo",
    "root": {
      "__id__": 1
    },
    "asset": {
      "__id__": 0
    },
    "fileId": "0dZAqZID1bTopVQuCV1fQw"
  },
  {
    "__type__": "cc.PrefabInfo",
    "root": {
      "__id__": 1
    },
    "asset": {
      "__id__": 0
    },
    "fileId": "eaMgk8iQhZIJDrowzHIwyu"
  },
  {
    "__type__": "cc.PrefabInfo",
    "root": {
      "__id__": 1
    },
    "asset": {
      "__id__": 0
    },
    "fileId": "1fVq4xvS5SwY7IdC+8/uGq"
  },
  {
    "__type__": "cc.PrefabInfo",
    "root": {
      "__id__": 1
    },
    "asset": {
      "__id__": 0
    },
    "fileId": "d1ekZw9xxWEJWyAWn7TcXS"
  },
  {
    "__type__": "cc.PrefabInfo",
    "root": {
      "__id__": 1
    },
    "asset": {
      "__id__": 0
    },
    "fileId": "bcWPr3X/BVsYY9CPbt7aeT"
  },
  {
    "__type__": "cc.PrefabInfo",
    "root": {
      "__id__": 1
    },
    "asset": {
      "__id__": 0
    },
    "fileId": "764Ja2aN5f7YOvvPweRhcf"
  },
  {
    "__type__": "cc.PrefabInfo",
    "root": {
      "__id__": 1
    },
    "asset": {
      "__id__": 0
    },
    "fileId": "17LYDZfCJW+baQIhoP/3RU"
  },
  {
    "__type__": "cc.PrefabInfo",
    "root": {
      "__id__": 1
    },
    "asset": {
      "__id__": 0
    },
    "fileId": "a428UXlYRfaqnugsHla7sk"
  },
  {
    "__type__": "cc.PrefabInfo",
    "root": {
      "__id__": 1
    },
    "asset": {
      "__id__": 0
    },
    "fileId": "4cGfGvmfxaUKaAWP3J7E1e"
  },
  {
    "__type__": "cc.Node",
    "_name": "Bip001 L Thigh",
    "_objFlags": 0,
    "_parent": {
      "__id__": 5
    },
    "_children": [
      {
        "__id__": 161
      }
    ],
    "_active": true,
    "_components": [],
    "_prefab": {
      "__id__": 169
    },
    "_lpos": {
      "__type__": "cc.Vec3",
      "x": -0.0105428695678711,
      "y": -0.00362019892781973,
      "z": 0.00461590988561511
    },
    "_lrot": {
      "__type__": "cc.Quat",
      "x": 0.12095369089160987,
      "y": 0.9769326794560667,
      "z": -0.15417585872570116,
      "w": 0.08486783287370749
    },
    "_lscale": {
      "__type__": "cc.Vec3",
      "x": 1,
      "y": 1,
      "z": 1
    },
    "_layer": 1073741824,
    "_euler": {
      "__type__": "cc.Vec3",
      "x": 19.215317438103433,
      "y": 168.009100086261,
      "z": 12.1316165664826
    },
    "_id": ""
  },
  {
    "__type__": "cc.Node",
    "_name": "Bip001 L Calf",
    "_objFlags": 0,
    "_parent": {
      "__id__": 160
    },
    "_children": [
      {
        "__id__": 162
      }
    ],
    "_active": true,
    "_components": [],
    "_prefab": {
      "__id__": 168
    },
    "_lpos": {
      "__type__": "cc.Vec3",
      "x": 0.0380643978714943,
      "y": -2.38418573772492e-9,
      "z": -2.22044599961948e-18
    },
    "_lrot": {
      "__type__": "cc.Quat",
      "x": -2.845474199122851e-17,
      "y": 2.9745015958046554e-18,
      "z": -0.34208497687144507,
      "w": 0.9396690207721349
    },
    "_lscale": {
      "__type__": "cc.Vec3",
      "x": 1.00000011920929,
      "y": 1.00000011920929,
      "z": 1.00000011920929
    },
    "_layer": 1073741824,
    "_euler": {
      "__type__": "cc.Vec3",
      "x": -3.8479417017318144e-15,
      "y": -1.038099853551598e-15,
      "z": -40.007906277238476
    },
    "_id": ""
  },
  {
    "__type__": "cc.Node",
    "_name": "Bip001 L Foot",
    "_objFlags": 0,
    "_parent": {
      "__id__": 161
    },
    "_children": [
      {
        "__id__": 163
      }
    ],
    "_active": true,
    "_components": [],
    "_prefab": {
      "__id__": 167
    },
    "_lpos": {
      "__type__": "cc.Vec3",
      "x": 0.0413631610572338,
      "y": 2.38418573772492e-9,
      "z": 2.22044599961948e-18
    },
    "_lrot": {
      "__type__": "cc.Quat",
      "x": 0.01194278216462504,
      "y": -0.0015396303143162427,
      "z": 0.16643547629002634,
      "w": 0.9859788191055504
    },
    "_lscale": {
      "__type__": "cc.Vec3",
      "x": 1.00000011920929,
      "y": 0.999999821186066,
      "z": 0.999999940395355
    },
    "_layer": 1073741824,
    "_euler": {
      "__type__": "cc.Vec3",
      "x": 1.459705452371508,
      "y": -0.4252849203910017,
      "z": 19.157553542799402
    },
    "_id": ""
  },
  {
    "__type__": "cc.Node",
    "_name": "Bip001 L Toe0",
    "_objFlags": 0,
    "_parent": {
      "__id__": 162
    },
    "_children": [
      {
        "__id__": 164
      }
    ],
    "_active": true,
    "_components": [],
    "_prefab": {
      "__id__": 166
    },
    "_lpos": {
      "__type__": "cc.Vec3",
      "x": 0.0137450974434614,
      "y": 0.0128078740090132,
      "z": 1.19209286886246e-9
    },
    "_lrot": {
      "__type__": "cc.Quat",
      "x": -0.07629656739607107,
      "y": -0.08081787024406543,
      "z": 0.8025009577332025,
      "w": 0.5862077434579681
    },
    "_lscale": {
      "__type__": "cc.Vec3",
      "x": 1,
      "y": 1,
      "z": 1.00000011920929
    },
    "_layer": 1073741824,
    "_euler": {
      "__type__": "cc.Vec3",
      "x": 172.34765783387624,
      "y": 174.74268303285766,
      "z": 72.40116264454042
    },
    "_id": ""
  },
  {
    "__type__": "cc.Node",
    "_name": "Bip001 L Toe0Nub",
    "_objFlags": 0,
    "_parent": {
      "__id__": 163
    },
    "_children": [],
    "_active": true,
    "_components": [],
    "_prefab": {
      "__id__": 165
    },
    "_lpos": {
      "__type__": "cc.Vec3",
      "x": 0.00129809498321265,
      "y": 7.45058043039037e-11,
      "z": 0
    },
    "_lrot": {
      "__type__": "cc.Quat",
      "x": 7.45058059692383e-9,
      "y": -3.46944662108137e-17,
      "z": 1,
      "w": -6.12323426292584e-17
    },
    "_lscale": {
      "__type__": "cc.Vec3",
      "x": -1,
      "y": -1.00000011920929,
      "z": -1.00000011920929
    },
    "_layer": 1073741824,
    "_euler": {
      "__type__": "cc.Vec3",
      "x": 180,
      "y": -179.99999914622634,
      "z": -7.016709634332223e-15
    },
    "_id": ""
  },
  {
    "__type__": "cc.PrefabInfo",
    "root": {
      "__id__": 1
    },
    "asset": {
      "__id__": 0
    },
    "fileId": "08k5s3/eRR8KxQ4Y9Puyej"
  },
  {
    "__type__": "cc.PrefabInfo",
    "root": {
      "__id__": 1
    },
    "asset": {
      "__id__": 0
    },
    "fileId": "64ZTRMY/pR641ZxsAtyLRb"
  },
  {
    "__type__": "cc.PrefabInfo",
    "root": {
      "__id__": 1
    },
    "asset": {
      "__id__": 0
    },
    "fileId": "dbO8Yf/jNaiYpoE6SAVYsb"
  },
  {
    "__type__": "cc.PrefabInfo",
    "root": {
      "__id__": 1
    },
    "asset": {
      "__id__": 0
    },
    "fileId": "89bNj3cp9f1aymg+UvtYBe"
  },
  {
    "__type__": "cc.PrefabInfo",
    "root": {
      "__id__": 1
    },
    "asset": {
      "__id__": 0
    },
    "fileId": "39JV85d1FR76ED1vQrkq/y"
  },
  {
    "__type__": "cc.Node",
    "_name": "Bip001 R Thigh",
    "_objFlags": 0,
    "_parent": {
      "__id__": 5
    },
    "_children": [
      {
        "__id__": 171
      }
    ],
    "_active": true,
    "_components": [],
    "_prefab": {
      "__id__": 179
    },
    "_lpos": {
      "__type__": "cc.Vec3",
      "x": -0.00522646913304925,
      "y": -0.000405513041187078,
      "z": -0.0115385316312313
    },
    "_lrot": {
      "__type__": "cc.Quat",
      "x": -0.06864165423733314,
      "y": 0.9903719889988851,
      "z": -0.11714675867269077,
      "w": 0.026986730858642706
    },
    "_lscale": {
      "__type__": "cc.Vec3",
      "x": 1.00000011920929,
      "y": 1,
      "z": 1
    },
    "_layer": 1073741824,
    "_euler": {
      "__type__": "cc.Vec3",
      "x": 13.337102827399796,
      "y": 177.8362467512019,
      "z": -8.180053915180002
    },
    "_id": ""
  },
  {
    "__type__": "cc.Node",
    "_name": "Bip001 R Calf",
    "_objFlags": 0,
    "_parent": {
      "__id__": 170
    },
    "_children": [
      {
        "__id__": 172
      }
    ],
    "_active": true,
    "_components": [],
    "_prefab": {
      "__id__": 178
    },
    "_lpos": {
      "__type__": "cc.Vec3",
      "x": 0.038064394146204,
      "y": 2.77555749952435e-19,
      "z": -5.55111499904869e-19
    },
    "_lrot": {
      "__type__": "cc.Quat",
      "x": 8.024973393690109e-19,
      "y": 8.636414137905165e-18,
      "z": -0.09252163058378608,
      "w": 0.9957106747816443
    },
    "_lscale": {
      "__type__": "cc.Vec3",
      "x": 0.99999988079071,
      "y": 1,
      "z": 1
    },
    "_layer": 1073741824,
    "_euler": {
      "__type__": "cc.Vec3",
      "x": 1.8631983872862775e-16,
      "y": 1.0112362970983037e-15,
      "z": -10.617382706741608
    },
    "_id": ""
  },
  {
    "__type__": "cc.Node",
    "_name": "Bip001 R Foot",
    "_objFlags": 0,
    "_parent": {
      "__id__": 171
    },
    "_children": [
      {
        "__id__": 173
      }
    ],
    "_active": true,
    "_components": [],
    "_prefab": {
      "__id__": 177
    },
    "_lpos": {
      "__type__": "cc.Vec3",
      "x": 0.0413631536066532,
      "y": 1.19209286886246e-9,
      "z": -1.49011608607807e-10
    },
    "_lrot": {
      "__type__": "cc.Quat",
      "x": -0.11856543075553956,
      "y": -0.07530940198825084,
      "z": 0.0917846023673369,
      "w": 0.9858226612176225
    },
    "_lscale": {
      "__type__": "cc.Vec3",
      "x": 1,
      "y": 0.999999940395355,
      "z": 1
    },
    "_layer": 1073741824,
    "_euler": {
      "__type__": "cc.Vec3",
      "x": -12.969076017516036,
      "y": -7.429140228423526,
      "z": 11.468248768782592
    },
    "_id": ""
  },
  {
    "__type__": "cc.Node",
    "_name": "Bip001 R Toe0",
    "_objFlags": 0,
    "_parent": {
      "__id__": 172
    },
    "_children": [
      {
        "__id__": 174
      }
    ],
    "_active": true,
    "_components": [],
    "_prefab": {
      "__id__": 176
    },
    "_lpos": {
      "__type__": "cc.Vec3",
      "x": 0.0137450955808163,
      "y": 0.0128078730776906,
      "z": -2.98023217215615e-10
    },
    "_lrot": {
      "__type__": "cc.Quat",
      "x": 0.015289447404014254,
      "y": 0.01719484679533756,
      "z": 0.7363353436000298,
      "w": 0.6762254297253179
    },
    "_lscale": {
      "__type__": "cc.Vec3",
      "x": 1.00000011920929,
      "y": 1,
      "z": 1
    },
    "_layer": 1073741824,
    "_euler": {
      "__type__": "cc.Vec3",
      "x": -176.8670286327717,
      "y": 179.5017966320141,
      "z": 85.12546940629876
    },
    "_id": ""
  },
  {
    "__type__": "cc.Node",
    "_name": "Bip001 R Toe0Nub",
    "_objFlags": 0,
    "_parent": {
      "__id__": 173
    },
    "_children": [],
    "_active": true,
    "_components": [],
    "_prefab": {
      "__id__": 175
    },
    "_lpos": {
      "__type__": "cc.Vec3",
      "x": 0.00129809440113604,
      "y": -1.86264510759759e-11,
      "z": 5.55111499904869e-19
    },
    "_lrot": {
      "__type__": "cc.Quat",
      "x": -9.313224635931757e-10,
      "y": -2.4912878870964093e-8,
      "z": 3.725290298461909e-9,
      "w": 0.9999999999999998
    },
    "_lscale": {
      "__type__": "cc.Vec3",
      "x": 1,
      "y": 1,
      "z": 0.999999940395355
    },
    "_layer": 1073741824,
    "_euler": {
      "__type__": "cc.Vec3",
      "x": -1.0672168242425074e-7,
      "y": -0.000002854805629256203,
      "z": 4.268868257845409e-7
    },
    "_id": ""
  },
  {
    "__type__": "cc.PrefabInfo",
    "root": {
      "__id__": 1
    },
    "asset": {
      "__id__": 0
    },
    "fileId": "ecrFz4fZNRLYe6k9YoAK05"
  },
  {
    "__type__": "cc.PrefabInfo",
    "root": {
      "__id__": 1
    },
    "asset": {
      "__id__": 0
    },
    "fileId": "40uKlJdldePJwtl/rU9+nb"
  },
  {
    "__type__": "cc.PrefabInfo",
    "root": {
      "__id__": 1
    },
    "asset": {
      "__id__": 0
    },
    "fileId": "2f2hO29vFagr6n88k71bEp"
  },
  {
    "__type__": "cc.PrefabInfo",
    "root": {
      "__id__": 1
    },
    "asset": {
      "__id__": 0
    },
    "fileId": "566SMohBpb6qJ1VQSw9KIn"
  },
  {
    "__type__": "cc.PrefabInfo",
    "root": {
      "__id__": 1
    },
    "asset": {
      "__id__": 0
    },
    "fileId": "f5s1bdze1WNp+hk0e9a74N"
  },
  {
    "__type__": "cc.PrefabInfo",
    "root": {
      "__id__": 1
    },
    "asset": {
      "__id__": 0
    },
    "fileId": "20CMTK34hT6oRPeVjgVxek"
  },
  {
    "__type__": "cc.PrefabInfo",
    "root": {
      "__id__": 1
    },
    "asset": {
      "__id__": 0
    },
    "fileId": "d4+bSSR1BY8a5XDe/hNMO7"
  },
  {
    "__type__": "cc.PrefabInfo",
    "root": {
      "__id__": 1
    },
    "asset": {
      "__id__": 0
    },
    "fileId": "4cxhsDjmxWwo1BjqrNDIcu"
  },
  {
    "__type__": "cc.PrefabInfo",
    "root": {
      "__id__": 1
    },
    "asset": {
      "__id__": 0
    },
    "fileId": "d5K1hdA3ZZ6JTiIR2JPuNa"
  },
  {
    "__type__": "cc.Animation",
    "_name": "",
    "_objFlags": 0,
    "node": {
      "__id__": 1
    },
    "_enabled": true,
    "__prefab": {
      "__id__": 185
    },
    "playOnLoad": false,
    "_clips": [
      {
        "__uuid__": "9a6e73c2-7393-4308-8a79-5f2b11402340@8baed",
        "__expectedType__": "cc.AnimationClip"
      }
    ],
    "_defaultClip": {
      "__uuid__": "9a6e73c2-7393-4308-8a79-5f2b11402340@8baed",
      "__expectedType__": "cc.AnimationClip"
    },
    "_id": ""
  },
  {
    "__type__": "cc.CompPrefabInfo",
    "fileId": "85Gu+acZdQ1aMl3EmBSKC8"
  },
  {
    "__type__": "cc.PrefabInfo",
    "root": {
      "__id__": 1
    },
    "asset": {
      "__id__": 0
    },
    "fileId": "ddjQIzxJlZ842cZXOzpn/W"
  }
]