[
  {
    "__type__": "cc.Prefab",
    "_name": "",
    "_objFlags": 0,
    "_native": "",
    "data": {
      "__id__": 1
    },
    "optimizationPolicy": 0
  },
  {
    "__type__": "cc.Node",
    "_name": "@jumpA",
    "_objFlags": 0,
    "_parent": null,
    "_children": [
      {
        "__id__": 2
      }
    ],
    "_active": true,
    "_components": [
      {
        "__id__": 158
      }
    ],
    "_prefab": {
      "__id__": 160
    },
    "_lpos": {
      "__type__": "cc.Vec3",
      "x": 0,
      "y": 0,
      "z": 0
    },
    "_lrot": {
      "__type__": "cc.Quat",
      "x": 0,
      "y": 0,
      "z": 0,
      "w": 1
    },
    "_lscale": {
      "__type__": "cc.Vec3",
      "x": 1,
      "y": 1,
      "z": 1
    },
    "_layer": 1073741824,
    "_euler": {
      "__type__": "cc.Vec3",
      "x": 0,
      "y": 0,
      "z": 0
    },
    "_id": ""
  },
  {
    "__type__": "cc.Node",
    "_name": "RootNode",
    "_objFlags": 0,
    "_parent": {
      "__id__": 1
    },
    "_children": [
      {
        "__id__": 3
      }
    ],
    "_active": true,
    "_components": [],
    "_prefab": {
      "__id__": 157
    },
    "_lpos": {
      "__type__": "cc.Vec3",
      "x": 0,
      "y": 0,
      "z": 0
    },
    "_lrot": {
      "__type__": "cc.Quat",
      "x": 0,
      "y": 0,
      "z": 0,
      "w": 1
    },
    "_lscale": {
      "__type__": "cc.Vec3",
      "x": 1,
      "y": 1,
      "z": 1
    },
    "_layer": 1073741824,
    "_euler": {
      "__type__": "cc.Vec3",
      "x": 0,
      "y": 0,
      "z": 0
    },
    "_id": ""
  },
  {
    "__type__": "cc.Node",
    "_name": "Bip001",
    "_objFlags": 0,
    "_parent": {
      "__id__": 2
    },
    "_children": [
      {
        "__id__": 4
      }
    ],
    "_active": true,
    "_components": [],
    "_prefab": {
      "__id__": 156
    },
    "_lpos": {
      "__type__": "cc.Vec3",
      "x": 0,
      "y": 0.919999957084656,
      "z": 0
    },
    "_lrot": {
      "__type__": "cc.Quat",
      "x": -0.3771837318677959,
      "y": -0.5036551309542029,
      "z": -0.5598237462505986,
      "w": 0.5391301462650115
    },
    "_lscale": {
      "__type__": "cc.Vec3",
      "x": 10.0000009536743,
      "y": 10.0000009536743,
      "z": 10
    },
    "_layer": 1073741824,
    "_euler": {
      "__type__": "cc.Vec3",
      "x": -84.78089065168635,
      "y": -97.91072056972531,
      "z": -12.926132094009683
    },
    "_id": ""
  },
  {
    "__type__": "cc.Node",
    "_name": "Bip001 Pelvis",
    "_objFlags": 0,
    "_parent": {
      "__id__": 3
    },
    "_children": [
      {
        "__id__": 5
      }
    ],
    "_active": true,
    "_components": [],
    "_prefab": {
      "__id__": 155
    },
    "_lpos": {
      "__type__": "cc.Vec3",
      "x": 0,
      "y": 0,
      "z": 0
    },
    "_lrot": {
      "__type__": "cc.Quat",
      "x": -0.4999996423720031,
      "y": -0.5000003576277411,
      "z": -0.4999996423720031,
      "w": 0.5000003576277411
    },
    "_lscale": {
      "__type__": "cc.Vec3",
      "x": 1,
      "y": 1,
      "z": 1
    },
    "_layer": 1073741824,
    "_euler": {
      "__type__": "cc.Vec3",
      "x": -89.99991803772988,
      "y": -90,
      "z": 0
    },
    "_id": ""
  },
  {
    "__type__": "cc.Node",
    "_name": "Bip001 Spine",
    "_objFlags": 0,
    "_parent": {
      "__id__": 4
    },
    "_children": [
      {
        "__id__": 6
      },
      {
        "__id__": 138
      },
      {
        "__id__": 146
      }
    ],
    "_active": true,
    "_components": [],
    "_prefab": {
      "__id__": 154
    },
    "_lpos": {
      "__type__": "cc.Vec3",
      "x": 0.00876098591834307,
      "y": 0.00118812557775527,
      "z": -0.0000020915269942634
    },
    "_lrot": {
      "__type__": "cc.Quat",
      "x": 0.10263984727962171,
      "y": -0.07389547731707911,
      "z": -0.166296736663011,
      "w": 0.9779314472690456
    },
    "_lscale": {
      "__type__": "cc.Vec3",
      "x": 1.00000011920929,
      "y": 1.00000011920929,
      "z": 1.00000011920929
    },
    "_layer": 1073741824,
    "_euler": {
      "__type__": "cc.Vec3",
      "x": 10.798934740742402,
      "y": -6.7423239896938085,
      "z": -19.902638934640585
    },
    "_id": ""
  },
  {
    "__type__": "cc.Node",
    "_name": "Bip001 Spine1",
    "_objFlags": 0,
    "_parent": {
      "__id__": 5
    },
    "_children": [
      {
        "__id__": 7
      }
    ],
    "_active": true,
    "_components": [],
    "_prefab": {
      "__id__": 137
    },
    "_lpos": {
      "__type__": "cc.Vec3",
      "x": 0.0117080872878432,
      "y": -0.00000928997997107217,
      "z": -1.69873231925521e-7
    },
    "_lrot": {
      "__type__": "cc.Quat",
      "x": 0.00909007043104353,
      "y": -0.0046659599988380365,
      "z": -0.012111086156296379,
      "w": 0.9998744526334108
    },
    "_lscale": {
      "__type__": "cc.Vec3",
      "x": 0.99999988079071,
      "y": 0.999999821186066,
      "z": 1.00000011920929
    },
    "_layer": 1073741824,
    "_euler": {
      "__type__": "cc.Vec3",
      "x": 1.0354011943113337,
      "y": -0.5221585099321848,
      "z": -1.392651406873992
    },
    "_id": ""
  },
  {
    "__type__": "cc.Node",
    "_name": "Bip001 Spine2",
    "_objFlags": 0,
    "_parent": {
      "__id__": 6
    },
    "_children": [
      {
        "__id__": 8
      },
      {
        "__id__": 100
      },
      {
        "__id__": 112
      },
      {
        "__id__": 122
      }
    ],
    "_active": true,
    "_components": [],
    "_prefab": {
      "__id__": 136
    },
    "_lpos": {
      "__type__": "cc.Vec3",
      "x": 0.0116701889783144,
      "y": -0.0000145101539601455,
      "z": -5.34057619461237e-7
    },
    "_lrot": {
      "__type__": "cc.Quat",
      "x": 0.018177837350895787,
      "y": -0.00933073099690451,
      "z": -0.02421912207374076,
      "w": 0.9994978428262289
    },
    "_lscale": {
      "__type__": "cc.Vec3",
      "x": 0.999999940395355,
      "y": 1.00000011920929,
      "z": 1
    },
    "_layer": 1073741824,
    "_euler": {
      "__type__": "cc.Vec3",
      "x": 2.0589760877052523,
      "y": -1.0195030824281135,
      "z": -2.7944572346906575
    },
    "_id": ""
  },
  {
    "__type__": "cc.Node",
    "_name": "Bip001 Neck",
    "_objFlags": 0,
    "_parent": {
      "__id__": 7
    },
    "_children": [
      {
        "__id__": 9
      },
      {
        "__id__": 47
      },
      {
        "__id__": 89
      }
    ],
    "_active": true,
    "_components": [],
    "_prefab": {
      "__id__": 99
    },
    "_lpos": {
      "__type__": "cc.Vec3",
      "x": 0.0232617761939764,
      "y": -0.00196411367505789,
      "z": 2.12192531989785e-7
    },
    "_lrot": {
      "__type__": "cc.Quat",
      "x": -0.044686190718056504,
      "y": 0.08324326562522366,
      "z": 0.2269085195293469,
      "w": 0.9693225607877689
    },
    "_lscale": {
      "__type__": "cc.Vec3",
      "x": 1,
      "y": 1.00000011920929,
      "z": 1
    },
    "_layer": 1073741824,
    "_euler": {
      "__type__": "cc.Vec3",
      "x": -7.930812629282261,
      "y": 11.623064296432693,
      "z": 25.623490108720816
    },
    "_id": ""
  },
  {
    "__type__": "cc.Node",
    "_name": "Bip001 L Clavicle",
    "_objFlags": 0,
    "_parent": {
      "__id__": 8
    },
    "_children": [
      {
        "__id__": 10
      }
    ],
    "_active": true,
    "_components": [],
    "_prefab": {
      "__id__": 46
    },
    "_lpos": {
      "__type__": "cc.Vec3",
      "x": -0.00612868275493383,
      "y": 0.00129722594283521,
      "z": 0.004056750331074
    },
    "_lrot": {
      "__type__": "cc.Quat",
      "x": 0.393502843842352,
      "y": -0.2667696857956768,
      "z": 0.8753614701130373,
      "w": 0.0879303319111177
    },
    "_lscale": {
      "__type__": "cc.Vec3",
      "x": 1.00000011920929,
      "y": 0.99999988079071,
      "z": 1
    },
    "_layer": 1073741824,
    "_euler": {
      "__type__": "cc.Vec3",
      "x": 147.51461089631144,
      "y": -132.52473888049855,
      "z": -3.210679785463843
    },
    "_id": ""
  },
  {
    "__type__": "cc.Node",
    "_name": "Bip001 L UpperArm",
    "_objFlags": 0,
    "_parent": {
      "__id__": 9
    },
    "_children": [
      {
        "__id__": 11
      }
    ],
    "_active": true,
    "_components": [],
    "_prefab": {
      "__id__": 45
    },
    "_lpos": {
      "__type__": "cc.Vec3",
      "x": 0.0112501475960016,
      "y": -3.57627860658738e-9,
      "z": -1.77635679969558e-17
    },
    "_lrot": {
      "__type__": "cc.Quat",
      "x": 0.11758634548274272,
      "y": 0.31320220498962603,
      "z": -0.007750972705833451,
      "w": 0.9423469385357829
    },
    "_lscale": {
      "__type__": "cc.Vec3",
      "x": 0.99999988079071,
      "y": 0.99999988079071,
      "z": 0.999999940395355
    },
    "_layer": 1073741824,
    "_euler": {
      "__type__": "cc.Vec3",
      "x": 13.112592407142404,
      "y": 36.38072426487807,
      "z": 3.3851929417308484
    },
    "_id": ""
  },
  {
    "__type__": "cc.Node",
    "_name": "Bip001 L Forearm",
    "_objFlags": 0,
    "_parent": {
      "__id__": 10
    },
    "_children": [
      {
        "__id__": 12
      }
    ],
    "_active": true,
    "_components": [],
    "_prefab": {
      "__id__": 44
    },
    "_lpos": {
      "__type__": "cc.Vec3",
      "x": 0.0209654327481985,
      "y": -8.94069651646845e-10,
      "z": 0
    },
    "_lrot": {
      "__type__": "cc.Quat",
      "x": 1.2688450074811849e-17,
      "y": -2.072610861680736e-17,
      "z": -0.05842935258233497,
      "w": 0.9982915459708197
    },
    "_lscale": {
      "__type__": "cc.Vec3",
      "x": 0.999999940395355,
      "y": 1.00000011920929,
      "z": 1
    },
    "_layer": 1073741824,
    "_euler": {
      "__type__": "cc.Vec3",
      "x": 1.3217582587665313e-15,
      "y": -2.301740036655247e-15,
      "z": -6.699326203626644
    },
    "_id": ""
  },
  {
    "__type__": "cc.Node",
    "_name": "Bip001 L Hand",
    "_objFlags": 0,
    "_parent": {
      "__id__": 11
    },
    "_children": [
      {
        "__id__": 13
      },
      {
        "__id__": 19
      },
      {
        "__id__": 25
      },
      {
        "__id__": 31
      },
      {
        "__id__": 37
      }
    ],
    "_active": true,
    "_components": [],
    "_prefab": {
      "__id__": 43
    },
    "_lpos": {
      "__type__": "cc.Vec3",
      "x": 0.020224791020155,
      "y": 1.11022299980974e-18,
      "z": 0
    },
    "_lrot": {
      "__type__": "cc.Quat",
      "x": -0.5533493675089528,
      "y": 0.015543523013777778,
      "z": 0.06859137761079905,
      "w": 0.8299747582229321
    },
    "_lscale": {
      "__type__": "cc.Vec3",
      "x": 1,
      "y": 1,
      "z": 0.999999940395355
    },
    "_layer": 1073741824,
    "_euler": {
      "__type__": "cc.Vec3",
      "x": -67.66764745067584,
      "y": 5.865290125206878,
      "z": 5.546653366403073
    },
    "_id": ""
  },
  {
    "__type__": "cc.Node",
    "_name": "Bip001 L Finger0",
    "_objFlags": 0,
    "_parent": {
      "__id__": 12
    },
    "_children": [
      {
        "__id__": 14
      }
    ],
    "_active": true,
    "_components": [],
    "_prefab": {
      "__id__": 18
    },
    "_lpos": {
      "__type__": "cc.Vec3",
      "x": 0.00338959693908691,
      "y": 0.000751833897083998,
      "z": -0.0035553143825382
    },
    "_lrot": {
      "__type__": "cc.Quat",
      "x": 0.5308631812820636,
      "y": 0.37525523799368365,
      "z": 0.04708844560131066,
      "w": 0.7583867531861586
    },
    "_lscale": {
      "__type__": "cc.Vec3",
      "x": 0.99999988079071,
      "y": 1,
      "z": 0.99999988079071
    },
    "_layer": 1073741824,
    "_euler": {
      "__type__": "cc.Vec3",
      "x": 60.70513432123342,
      "y": 36.02520115730712,
      "z": 28.02396857262618
    },
    "_id": ""
  },
  {
    "__type__": "cc.Node",
    "_name": "Bip001 L Finger01",
    "_objFlags": 0,
    "_parent": {
      "__id__": 13
    },
    "_children": [
      {
        "__id__": 15
      }
    ],
    "_active": true,
    "_components": [],
    "_prefab": {
      "__id__": 17
    },
    "_lpos": {
      "__type__": "cc.Vec3",
      "x": 0.00378630636259913,
      "y": 2.38418573772492e-9,
      "z": -2.38418573772492e-9
    },
    "_lrot": {
      "__type__": "cc.Quat",
      "x": 6.879984455999347e-9,
      "y": 1.5173055422783033e-8,
      "z": 0.03793219779974646,
      "w": 0.9992803152119433
    },
    "_lscale": {
      "__type__": "cc.Vec3",
      "x": 0.999999940395355,
      "y": 1,
      "z": 0.999999940395355
    },
    "_layer": 1073741824,
    "_euler": {
      "__type__": "cc.Vec3",
      "x": 7.239512037433982e-7,
      "y": 0.0000017124754583666573,
      "z": 4.347752737048348
    },
    "_id": ""
  },
  {
    "__type__": "cc.Node",
    "_name": "Bip001 L Finger02",
    "_objFlags": 0,
    "_parent": {
      "__id__": 14
    },
    "_children": [],
    "_active": true,
    "_components": [],
    "_prefab": {
      "__id__": 16
    },
    "_lpos": {
      "__type__": "cc.Vec3",
      "x": 0.00310073839500546,
      "y": 4.76837147544984e-9,
      "z": 4.76837147544984e-9
    },
    "_lrot": {
      "__type__": "cc.Quat",
      "x": -3.7236123136125987e-9,
      "y": -1.118069597111309e-10,
      "z": 0.030012955939321465,
      "w": 0.9995495097671673
    },
    "_lscale": {
      "__type__": "cc.Vec3",
      "x": 1,
      "y": 0.999999940395355,
      "z": 1
    },
    "_layer": 1073741824,
    "_euler": {
      "__type__": "cc.Vec3",
      "x": -4.26886848652489e-7,
      "y": 2.3574708897926103e-15,
      "z": 3.43974795186995
    },
    "_id": ""
  },
  {
    "__type__": "cc.PrefabInfo",
    "root": {
      "__id__": 1
    },
    "asset": {
      "__id__": 0
    },
    "fileId": "c59zmO0jddIZVdZeqMWqdJ"
  },
  {
    "__type__": "cc.PrefabInfo",
    "root": {
      "__id__": 1
    },
    "asset": {
      "__id__": 0
    },
    "fileId": "36Fp42hEFXxLHia32M/niE"
  },
  {
    "__type__": "cc.PrefabInfo",
    "root": {
      "__id__": 1
    },
    "asset": {
      "__id__": 0
    },
    "fileId": "b8q1B/IxBaf5Pkbu49nfo5"
  },
  {
    "__type__": "cc.Node",
    "_name": "Bip001 L Finger1",
    "_objFlags": 0,
    "_parent": {
      "__id__": 12
    },
    "_children": [
      {
        "__id__": 20
      }
    ],
    "_active": true,
    "_components": [],
    "_prefab": {
      "__id__": 24
    },
    "_lpos": {
      "__type__": "cc.Vec3",
      "x": 0.0100068189203739,
      "y": -0.0000837469051475637,
      "z": -0.0031870030798018
    },
    "_lrot": {
      "__type__": "cc.Quat",
      "x": -0.0022279445248183393,
      "y": -0.03839665972246818,
      "z": 0.04757648642495207,
      "w": 0.9981268510188511
    },
    "_lscale": {
      "__type__": "cc.Vec3",
      "x": 1,
      "y": 1.00000011920929,
      "z": 1
    },
    "_layer": 1073741824,
    "_euler": {
      "__type__": "cc.Vec3",
      "x": -0.0456993845838907,
      "y": -4.4038387537890324,
      "z": 5.459713184289755
    },
    "_id": ""
  },
  {
    "__type__": "cc.Node",
    "_name": "Bip001 L Finger11",
    "_objFlags": 0,
    "_parent": {
      "__id__": 19
    },
    "_children": [
      {
        "__id__": 21
      }
    ],
    "_active": true,
    "_components": [],
    "_prefab": {
      "__id__": 23
    },
    "_lpos": {
      "__type__": "cc.Vec3",
      "x": 0.00425854651257396,
      "y": -2.38418573772492e-9,
      "z": 0
    },
    "_lrot": {
      "__type__": "cc.Quat",
      "x": 7.973937635450986e-10,
      "y": -3.6389491484692935e-9,
      "z": 0.21404877342994572,
      "w": 0.9768229740301648
    },
    "_lscale": {
      "__type__": "cc.Vec3",
      "x": 1,
      "y": 0.999999940395355,
      "z": 1
    },
    "_layer": 1073741824,
    "_euler": {
      "__type__": "cc.Vec3",
      "x": 1.9652162715641476e-7,
      "y": -4.699501154148147e-7,
      "z": 24.71945385098104
    },
    "_id": ""
  },
  {
    "__type__": "cc.Node",
    "_name": "Bip001 L Finger12",
    "_objFlags": 0,
    "_parent": {
      "__id__": 20
    },
    "_children": [],
    "_active": true,
    "_components": [],
    "_prefab": {
      "__id__": 22
    },
    "_lpos": {
      "__type__": "cc.Vec3",
      "x": 0.00269486429169774,
      "y": 2.77555739612677e-18,
      "z": 0
    },
    "_lrot": {
      "__type__": "cc.Quat",
      "x": -3.6799472687287284e-9,
      "y": -5.794632048272054e-10,
      "z": 0.15554845472185122,
      "w": 0.987828263532505
    },
    "_lscale": {
      "__type__": "cc.Vec3",
      "x": 0.99999988079071,
      "y": 0.999999940395355,
      "z": 0.999999940395355
    },
    "_layer": 1073741824,
    "_euler": {
      "__type__": "cc.Vec3",
      "x": -4.2688684849889143e-7,
      "y": -2.4441127506792358e-15,
      "z": 17.897212408463915
    },
    "_id": ""
  },
  {
    "__type__": "cc.PrefabInfo",
    "root": {
      "__id__": 1
    },
    "asset": {
      "__id__": 0
    },
    "fileId": "86NHrBvd9fUrJHyD3CZe7m"
  },
  {
    "__type__": "cc.PrefabInfo",
    "root": {
      "__id__": 1
    },
    "asset": {
      "__id__": 0
    },
    "fileId": "4660gFoeFV1a1Bz12TiUD+"
  },
  {
    "__type__": "cc.PrefabInfo",
    "root": {
      "__id__": 1
    },
    "asset": {
      "__id__": 0
    },
    "fileId": "02uHWfyXtZKKI8FZ8J5uS8"
  },
  {
    "__type__": "cc.Node",
    "_name": "Bip001 L Finger2",
    "_objFlags": 0,
    "_parent": {
      "__id__": 12
    },
    "_children": [
      {
        "__id__": 26
      }
    ],
    "_active": true,
    "_components": [],
    "_prefab": {
      "__id__": 30
    },
    "_lpos": {
      "__type__": "cc.Vec3",
      "x": 0.00977931916713715,
      "y": -0.000283322326140478,
      "z": -0.000841700995806605
    },
    "_lrot": {
      "__type__": "cc.Quat",
      "x": -0.0541251311326649,
      "y": -0.052619361316846566,
      "z": 0.25562620614527715,
      "w": 0.9638241103677844
    },
    "_lscale": {
      "__type__": "cc.Vec3",
      "x": 1,
      "y": 1,
      "z": 0.999999940395355
    },
    "_layer": 1073741824,
    "_euler": {
      "__type__": "cc.Vec3",
      "x": -5.124452520415599,
      "y": -4.8808084066920125,
      "z": 29.89773444856848
    },
    "_id": ""
  },
  {
    "__type__": "cc.Node",
    "_name": "Bip001 L Finger21",
    "_objFlags": 0,
    "_parent": {
      "__id__": 25
    },
    "_children": [
      {
        "__id__": 27
      }
    ],
    "_active": true,
    "_components": [],
    "_prefab": {
      "__id__": 29
    },
    "_lpos": {
      "__type__": "cc.Vec3",
      "x": 0.0044699190184474,
      "y": -2.38418573772492e-9,
      "z": 0
    },
    "_lrot": {
      "__type__": "cc.Quat",
      "x": -7.336784896453947e-9,
      "y": -1.2972067756663257e-9,
      "z": 0.17410813127497868,
      "w": 0.9847265400221195
    },
    "_lscale": {
      "__type__": "cc.Vec3",
      "x": 0.999999940395355,
      "y": 0.999999940395355,
      "z": 0.999999940395355
    },
    "_layer": 1073741824,
    "_euler": {
      "__type__": "cc.Vec3",
      "x": -8.537736972394319e-7,
      "y": -3.904456160676016e-15,
      "z": 20.053522094288176
    },
    "_id": ""
  },
  {
    "__type__": "cc.Node",
    "_name": "Bip001 L Finger22",
    "_objFlags": 0,
    "_parent": {
      "__id__": 26
    },
    "_children": [],
    "_active": true,
    "_components": [],
    "_prefab": {
      "__id__": 28
    },
    "_lpos": {
      "__type__": "cc.Vec3",
      "x": 0.00304985512048006,
      "y": 0,
      "z": 4.44089199923895e-18
    },
    "_lrot": {
      "__type__": "cc.Quat",
      "x": 3.72529029846191e-9,
      "y": 6.93889456565172e-17,
      "z": 1.49011629702045e-8,
      "w": 1
    },
    "_lscale": {
      "__type__": "cc.Vec3",
      "x": 0.999999940395355,
      "y": 0.999999940395355,
      "z": 0.999999940395355
    },
    "_layer": 1073741824,
    "_euler": {
      "__type__": "cc.Vec3",
      "x": 4.268868231257965e-7,
      "y": 1.590277340731766e-15,
      "z": 0.000001707547496058688
    },
    "_id": ""
  },
  {
    "__type__": "cc.PrefabInfo",
    "root": {
      "__id__": 1
    },
    "asset": {
      "__id__": 0
    },
    "fileId": "afj2gnaN9eALAU2nY9cyK/"
  },
  {
    "__type__": "cc.PrefabInfo",
    "root": {
      "__id__": 1
    },
    "asset": {
      "__id__": 0
    },
    "fileId": "82V0jQEWNUyYilMsoFL0tj"
  },
  {
    "__type__": "cc.PrefabInfo",
    "root": {
      "__id__": 1
    },
    "asset": {
      "__id__": 0
    },
    "fileId": "79ByRO1fVfQI0fsJNlOT5V"
  },
  {
    "__type__": "cc.Node",
    "_name": "Bip001 L Finger3",
    "_objFlags": 0,
    "_parent": {
      "__id__": 12
    },
    "_children": [
      {
        "__id__": 32
      }
    ],
    "_active": true,
    "_components": [],
    "_prefab": {
      "__id__": 36
    },
    "_lpos": {
      "__type__": "cc.Vec3",
      "x": 0.00994964595884085,
      "y": -0.000171351435710676,
      "z": 0.00139930250588804
    },
    "_lrot": {
      "__type__": "cc.Quat",
      "x": -0.10592369023729675,
      "y": -0.03407515968743392,
      "z": 0.3063346753285514,
      "w": 0.945398393287264
    },
    "_lscale": {
      "__type__": "cc.Vec3",
      "x": 1,
      "y": 1,
      "z": 1
    },
    "_layer": 1073741824,
    "_euler": {
      "__type__": "cc.Vec3",
      "x": -12.796370383138411,
      "y": 0.03303337873017643,
      "z": 35.90445597381838
    },
    "_id": ""
  },
  {
    "__type__": "cc.Node",
    "_name": "Bip001 L Finger31",
    "_objFlags": 0,
    "_parent": {
      "__id__": 31
    },
    "_children": [
      {
        "__id__": 33
      }
    ],
    "_active": true,
    "_components": [],
    "_prefab": {
      "__id__": 35
    },
    "_lpos": {
      "__type__": "cc.Vec3",
      "x": 0.00389957427978516,
      "y": -2.38418573772492e-9,
      "z": -4.44089199923895e-18
    },
    "_lrot": {
      "__type__": "cc.Quat",
      "x": -6.93889349031692e-18,
      "y": 3.72529029846191e-9,
      "z": -6.67868538251071e-17,
      "w": 1
    },
    "_lscale": {
      "__type__": "cc.Vec3",
      "x": 1,
      "y": 1,
      "z": 1
    },
    "_layer": 1073741824,
    "_euler": {
      "__type__": "cc.Vec3",
      "x": -7.951385944614931e-16,
      "y": 4.2688682312579646e-7,
      "z": -7.653209705233712e-15
    },
    "_id": ""
  },
  {
    "__type__": "cc.Node",
    "_name": "Bip001 L Finger32",
    "_objFlags": 0,
    "_parent": {
      "__id__": 32
    },
    "_children": [],
    "_active": true,
    "_components": [],
    "_prefab": {
      "__id__": 34
    },
    "_lpos": {
      "__type__": "cc.Vec3",
      "x": 0.0026070021558553,
      "y": 4.71844790428775e-18,
      "z": 2.38418573772492e-9
    },
    "_lrot": {
      "__type__": "cc.Quat",
      "x": -5.81611368201348e-26,
      "y": 3.72529029846191e-9,
      "z": 1.56125112837913e-17,
      "w": 1
    },
    "_lscale": {
      "__type__": "cc.Vec3",
      "x": 1,
      "y": 1,
      "z": 1
    },
    "_layer": 1073741824,
    "_euler": {
      "__type__": "cc.Vec3",
      "x": -1.3329550685906633e-23,
      "y": 4.2688682312579646e-7,
      "z": 1.7890620083232323e-15
    },
    "_id": ""
  },
  {
    "__type__": "cc.PrefabInfo",
    "root": {
      "__id__": 1
    },
    "asset": {
      "__id__": 0
    },
    "fileId": "50Sxb9m1Fep5sWL/fdFTTv"
  },
  {
    "__type__": "cc.PrefabInfo",
    "root": {
      "__id__": 1
    },
    "asset": {
      "__id__": 0
    },
    "fileId": "bewrWLkBpbzZRiaDiYCaiX"
  },
  {
    "__type__": "cc.PrefabInfo",
    "root": {
      "__id__": 1
    },
    "asset": {
      "__id__": 0
    },
    "fileId": "56q1mo9p1WKKNreR5VK2KJ"
  },
  {
    "__type__": "cc.Node",
    "_name": "Bip001 L Finger4",
    "_objFlags": 0,
    "_parent": {
      "__id__": 12
    },
    "_children": [
      {
        "__id__": 38
      }
    ],
    "_active": true,
    "_components": [],
    "_prefab": {
      "__id__": 42
    },
    "_lpos": {
      "__type__": "cc.Vec3",
      "x": 0.00942855793982744,
      "y": 0.00122400757391006,
      "z": 0.0028082774952054
    },
    "_lrot": {
      "__type__": "cc.Quat",
      "x": -0.13712106677914035,
      "y": -0.023193346391974963,
      "z": 0.24912338018416413,
      "w": 0.9584348820729078
    },
    "_lscale": {
      "__type__": "cc.Vec3",
      "x": 1,
      "y": 1.00000011920929,
      "z": 1
    },
    "_layer": 1073741824,
    "_euler": {
      "__type__": "cc.Vec3",
      "x": -16.687078703084275,
      "y": 1.5624436624610234,
      "z": 28.940275821145494
    },
    "_id": ""
  },
  {
    "__type__": "cc.Node",
    "_name": "Bip001 L Finger41",
    "_objFlags": 0,
    "_parent": {
      "__id__": 37
    },
    "_children": [
      {
        "__id__": 39
      }
    ],
    "_active": true,
    "_components": [],
    "_prefab": {
      "__id__": 41
    },
    "_lpos": {
      "__type__": "cc.Vec3",
      "x": 0.00284821493551135,
      "y": -2.38418573772492e-9,
      "z": -2.22044599961948e-18
    },
    "_lrot": {
      "__type__": "cc.Quat",
      "x": 1.86264503820865e-9,
      "y": -7.45058059692383e-9,
      "z": -1.49011611938477e-8,
      "w": 1
    },
    "_lscale": {
      "__type__": "cc.Vec3",
      "x": 1,
      "y": 1,
      "z": 1
    },
    "_layer": 1073741824,
    "_euler": {
      "__type__": "cc.Vec3",
      "x": 2.1344338611846059e-7,
      "y": -8.5377364307104e-7,
      "z": -0.0000017075472940934703
    },
    "_id": ""
  },
  {
    "__type__": "cc.Node",
    "_name": "Bip001 L Finger42",
    "_objFlags": 0,
    "_parent": {
      "__id__": 38
    },
    "_children": [],
    "_active": true,
    "_components": [],
    "_prefab": {
      "__id__": 40
    },
    "_lpos": {
      "__type__": "cc.Vec3",
      "x": 0.00182514183688909,
      "y": 1.11022299980974e-18,
      "z": -1.19209286886246e-9
    },
    "_lrot": {
      "__type__": "cc.Quat",
      "x": 1.86264503820865e-9,
      "y": -7.45058059692383e-9,
      "z": -1.49011611938477e-8,
      "w": 1
    },
    "_lscale": {
      "__type__": "cc.Vec3",
      "x": 1,
      "y": 1,
      "z": 1
    },
    "_layer": 1073741824,
    "_euler": {
      "__type__": "cc.Vec3",
      "x": 2.1344338611846059e-7,
      "y": -8.5377364307104e-7,
      "z": -0.0000017075472940934703
    },
    "_id": ""
  },
  {
    "__type__": "cc.PrefabInfo",
    "root": {
      "__id__": 1
    },
    "asset": {
      "__id__": 0
    },
    "fileId": "21m1TW7JVYIJaVOZLAQBba"
  },
  {
    "__type__": "cc.PrefabInfo",
    "root": {
      "__id__": 1
    },
    "asset": {
      "__id__": 0
    },
    "fileId": "18lU9FS7Vcx7CybWjKkyDN"
  },
  {
    "__type__": "cc.PrefabInfo",
    "root": {
      "__id__": 1
    },
    "asset": {
      "__id__": 0
    },
    "fileId": "52t+jcObpdg5HLshUB7sdl"
  },
  {
    "__type__": "cc.PrefabInfo",
    "root": {
      "__id__": 1
    },
    "asset": {
      "__id__": 0
    },
    "fileId": "3aaPIeHHhTe7DgOkLr8sf4"
  },
  {
    "__type__": "cc.PrefabInfo",
    "root": {
      "__id__": 1
    },
    "asset": {
      "__id__": 0
    },
    "fileId": "f1PJy5LGdSq7fO1qxJ8BRS"
  },
  {
    "__type__": "cc.PrefabInfo",
    "root": {
      "__id__": 1
    },
    "asset": {
      "__id__": 0
    },
    "fileId": "afMsKmkMxVEbzcx2+S8VuB"
  },
  {
    "__type__": "cc.PrefabInfo",
    "root": {
      "__id__": 1
    },
    "asset": {
      "__id__": 0
    },
    "fileId": "fdqoQVxQRVKYFKkyBaWqJR"
  },
  {
    "__type__": "cc.Node",
    "_name": "Bip001 R Clavicle",
    "_objFlags": 0,
    "_parent": {
      "__id__": 8
    },
    "_children": [
      {
        "__id__": 48
      }
    ],
    "_active": true,
    "_components": [],
    "_prefab": {
      "__id__": 88
    },
    "_lpos": {
      "__type__": "cc.Vec3",
      "x": -0.00429956428706646,
      "y": 0.00178915495052934,
      "z": -0.0058324933052063
    },
    "_lrot": {
      "__type__": "cc.Quat",
      "x": -0.5157689461913039,
      "y": 0.1780442449833113,
      "z": 0.8204000011680801,
      "w": 0.17095753582819512
    },
    "_lscale": {
      "__type__": "cc.Vec3",
      "x": 1.00000011920929,
      "y": 0.999999821186066,
      "z": 1
    },
    "_layer": 1073741824,
    "_euler": {
      "__type__": "cc.Vec3",
      "x": -151.92046178329693,
      "y": 114.29569963795149,
      "z": 5.55767798194804
    },
    "_id": ""
  },
  {
    "__type__": "cc.Node",
    "_name": "Bip001 R UpperArm",
    "_objFlags": 0,
    "_parent": {
      "__id__": 47
    },
    "_children": [
      {
        "__id__": 49
      }
    ],
    "_active": true,
    "_components": [],
    "_prefab": {
      "__id__": 87
    },
    "_lpos": {
      "__type__": "cc.Vec3",
      "x": 0.0112501522526145,
      "y": -4.44089199923895e-18,
      "z": -9.53674295089968e-9
    },
    "_lrot": {
      "__type__": "cc.Quat",
      "x": -0.07743935365830065,
      "y": -0.3887134233944129,
      "z": 0.1200314325392188,
      "w": 0.91021836730565
    },
    "_lscale": {
      "__type__": "cc.Vec3",
      "x": 1,
      "y": 1,
      "z": 1
    },
    "_layer": 1073741824,
    "_euler": {
      "__type__": "cc.Vec3",
      "x": -2.844423890602882,
      "y": -45.845824702700156,
      "z": 16.183411219515875
    },
    "_id": ""
  },
  {
    "__type__": "cc.Node",
    "_name": "Bip001 R Forearm",
    "_objFlags": 0,
    "_parent": {
      "__id__": 48
    },
    "_children": [
      {
        "__id__": 50
      }
    ],
    "_active": true,
    "_components": [],
    "_prefab": {
      "__id__": 86
    },
    "_lpos": {
      "__type__": "cc.Vec3",
      "x": 0.0209654327481985,
      "y": 0,
      "z": 0
    },
    "_lrot": {
      "__type__": "cc.Quat",
      "x": 2.3352080297061688e-17,
      "y": 2.3771819876097132e-17,
      "z": -0.10157489324010209,
      "w": 0.9948278951975873
    },
    "_lscale": {
      "__type__": "cc.Vec3",
      "x": 0.999999940395355,
      "y": 1,
      "z": 1
    },
    "_layer": 1073741824,
    "_euler": {
      "__type__": "cc.Vec3",
      "x": 3.000725795410327e-15,
      "y": 3.0445952686129588e-15,
      "z": -11.659734103002187
    },
    "_id": ""
  },
  {
    "__type__": "cc.Node",
    "_name": "Bip001 R Hand",
    "_objFlags": 0,
    "_parent": {
      "__id__": 49
    },
    "_children": [
      {
        "__id__": 51
      },
      {
        "__id__": 57
      },
      {
        "__id__": 63
      },
      {
        "__id__": 69
      },
      {
        "__id__": 75
      },
      {
        "__id__": 81
      }
    ],
    "_active": true,
    "_components": [],
    "_prefab": {
      "__id__": 85
    },
    "_lpos": {
      "__type__": "cc.Vec3",
      "x": 0.020224791020155,
      "y": 1.11022299980974e-18,
      "z": 0
    },
    "_lrot": {
      "__type__": "cc.Quat",
      "x": 0.6394312243796322,
      "y": 0.006276203184030325,
      "z": 0.1023497112366627,
      "w": 0.7619795634869276
    },
    "_lscale": {
      "__type__": "cc.Vec3",
      "x": 1.00000011920929,
      "y": 1.00000011920929,
      "z": 1.00000011920929
    },
    "_layer": 1073741824,
    "_euler": {
      "__type__": "cc.Vec3",
      "x": 80.58881434719983,
      "y": -7.064802875146208,
      "z": 9.43933190681989
    },
    "_id": ""
  },
  {
    "__type__": "cc.Node",
    "_name": "Bip001 R Finger0",
    "_objFlags": 0,
    "_parent": {
      "__id__": 50
    },
    "_children": [
      {
        "__id__": 52
      }
    ],
    "_active": true,
    "_components": [],
    "_prefab": {
      "__id__": 56
    },
    "_lpos": {
      "__type__": "cc.Vec3",
      "x": 0.00338959693908691,
      "y": 0.00075184105662629,
      "z": 0.00355531205423176
    },
    "_lrot": {
      "__type__": "cc.Quat",
      "x": -0.4571756821968403,
      "y": -0.49933163439359995,
      "z": -0.02702638753112532,
      "w": 0.7354780002683203
    },
    "_lscale": {
      "__type__": "cc.Vec3",
      "x": 0.99999988079071,
      "y": 0.999999940395355,
      "z": 0.999999821186066
    },
    "_layer": 1073741824,
    "_euler": {
      "__type__": "cc.Vec3",
      "x": -50.309499064123024,
      "y": -56.638385264339995,
      "z": 24.633348484507902
    },
    "_id": ""
  },
  {
    "__type__": "cc.Node",
    "_name": "Bip001 R Finger01",
    "_objFlags": 0,
    "_parent": {
      "__id__": 51
    },
    "_children": [
      {
        "__id__": 53
      }
    ],
    "_active": true,
    "_components": [],
    "_prefab": {
      "__id__": 55
    },
    "_lpos": {
      "__type__": "cc.Vec3",
      "x": 0.00378630636259913,
      "y": 4.76837147544984e-9,
      "z": -4.44089199923895e-18
    },
    "_lrot": {
      "__type__": "cc.Quat",
      "x": -1.0786977456485155e-8,
      "y": -2.9225406330805553e-9,
      "z": 0.2615044694367392,
      "w": 0.9652022650536047
    },
    "_lscale": {
      "__type__": "cc.Vec3",
      "x": 0.999999940395355,
      "y": 0.999999821186066,
      "z": 1
    },
    "_layer": 1073741824,
    "_euler": {
      "__type__": "cc.Vec3",
      "x": -0.0000012806606531121708,
      "y": -2.943847936896094e-15,
      "z": 30.31870155493825
    },
    "_id": ""
  },
  {
    "__type__": "cc.Node",
    "_name": "Bip001 R Finger02",
    "_objFlags": 0,
    "_parent": {
      "__id__": 52
    },
    "_children": [],
    "_active": true,
    "_components": [],
    "_prefab": {
      "__id__": 54
    },
    "_lpos": {
      "__type__": "cc.Vec3",
      "x": 0.00310072884894907,
      "y": -1.19209286886246e-9,
      "z": 0
    },
    "_lrot": {
      "__type__": "cc.Quat",
      "x": -5.731024908308666e-9,
      "y": -2.0279164732236956e-8,
      "z": 0.48815458334965334,
      "w": 0.8727571843042747
    },
    "_lscale": {
      "__type__": "cc.Vec3",
      "x": 1,
      "y": 1,
      "z": 1
    },
    "_layer": 1073741824,
    "_euler": {
      "__type__": "cc.Vec3",
      "x": 0.0000010722386375805421,
      "y": -0.0000032623498941056267,
      "z": 58.43871939771105
    },
    "_id": ""
  },
  {
    "__type__": "cc.PrefabInfo",
    "root": {
      "__id__": 1
    },
    "asset": {
      "__id__": 0
    },
    "fileId": "b8XR+IUMhSOKf/jvtCmNSN"
  },
  {
    "__type__": "cc.PrefabInfo",
    "root": {
      "__id__": 1
    },
    "asset": {
      "__id__": 0
    },
    "fileId": "2bMEkho45eHqBrOylraiE5"
  },
  {
    "__type__": "cc.PrefabInfo",
    "root": {
      "__id__": 1
    },
    "asset": {
      "__id__": 0
    },
    "fileId": "3ayO0JzLBXCKpZECb9RyVG"
  },
  {
    "__type__": "cc.Node",
    "_name": "Bip001 R Finger1",
    "_objFlags": 0,
    "_parent": {
      "__id__": 50
    },
    "_children": [
      {
        "__id__": 58
      }
    ],
    "_active": true,
    "_components": [],
    "_prefab": {
      "__id__": 62
    },
    "_lpos": {
      "__type__": "cc.Vec3",
      "x": 0.0100068282335997,
      "y": -0.0000837492916616611,
      "z": 0.0031870030798018
    },
    "_lrot": {
      "__type__": "cc.Quat",
      "x": 0.025319955883042297,
      "y": 0.028951121082550654,
      "z": 0.6500321534242468,
      "w": 0.7589327585081439
    },
    "_lscale": {
      "__type__": "cc.Vec3",
      "x": 1.00000011920929,
      "y": 1,
      "z": 0.99999988079071
    },
    "_layer": 1073741824,
    "_euler": {
      "__type__": "cc.Vec3",
      "x": 0.29609718855035805,
      "y": 4.115605584165985,
      "z": 81.16228819351815
    },
    "_id": ""
  },
  {
    "__type__": "cc.Node",
    "_name": "Bip001 R Finger11",
    "_objFlags": 0,
    "_parent": {
      "__id__": 57
    },
    "_children": [
      {
        "__id__": 59
      }
    ],
    "_active": true,
    "_components": [],
    "_prefab": {
      "__id__": 61
    },
    "_lpos": {
      "__type__": "cc.Vec3",
      "x": 0.00425854651257396,
      "y": -9.53674295089968e-9,
      "z": 1.19209286886246e-9
    },
    "_lrot": {
      "__type__": "cc.Quat",
      "x": -8.243683044512889e-9,
      "y": -1.1960888909683042e-9,
      "z": 0.5710084421010305,
      "w": 0.8209441875361283
    },
    "_lscale": {
      "__type__": "cc.Vec3",
      "x": 0.999999940395355,
      "y": 0.999999940395355,
      "z": 0.999999940395355
    },
    "_layer": 1073741824,
    "_euler": {
      "__type__": "cc.Vec3",
      "x": -0.0000020041662636295347,
      "y": 0.0000012270434220137268,
      "z": 69.6411549292145
    },
    "_id": ""
  },
  {
    "__type__": "cc.Node",
    "_name": "Bip001 R Finger12",
    "_objFlags": 0,
    "_parent": {
      "__id__": 58
    },
    "_children": [],
    "_active": true,
    "_components": [],
    "_prefab": {
      "__id__": 60
    },
    "_lpos": {
      "__type__": "cc.Vec3",
      "x": 0.00269485940225422,
      "y": 4.76837147544984e-9,
      "z": 0
    },
    "_lrot": {
      "__type__": "cc.Quat",
      "x": 3.6323673189963776e-9,
      "y": -6.505156899105493e-9,
      "z": 0.4875280590148224,
      "w": 0.8731073196768193
    },
    "_lscale": {
      "__type__": "cc.Vec3",
      "x": 0.999999940395355,
      "y": 1.00000011920929,
      "z": 1
    },
    "_layer": 1073741824,
    "_euler": {
      "__type__": "cc.Vec3",
      "x": 0.0000013854300034054802,
      "y": -0.000001627373908359189,
      "z": 58.35647430131271
    },
    "_id": ""
  },
  {
    "__type__": "cc.PrefabInfo",
    "root": {
      "__id__": 1
    },
    "asset": {
      "__id__": 0
    },
    "fileId": "eeu6ZsUERRepwkNFJFd8Bd"
  },
  {
    "__type__": "cc.PrefabInfo",
    "root": {
      "__id__": 1
    },
    "asset": {
      "__id__": 0
    },
    "fileId": "dclkBDsCNVPYDcOSOsyu7i"
  },
  {
    "__type__": "cc.PrefabInfo",
    "root": {
      "__id__": 1
    },
    "asset": {
      "__id__": 0
    },
    "fileId": "db062juLdSdJ8gvsWQcB+X"
  },
  {
    "__type__": "cc.Node",
    "_name": "Bip001 R Finger2",
    "_objFlags": 0,
    "_parent": {
      "__id__": 50
    },
    "_children": [
      {
        "__id__": 64
      }
    ],
    "_active": true,
    "_components": [],
    "_prefab": {
      "__id__": 68
    },
    "_lpos": {
      "__type__": "cc.Vec3",
      "x": 0.00977932941168547,
      "y": -0.000283322326140478,
      "z": 0.000841700995806605
    },
    "_lrot": {
      "__type__": "cc.Quat",
      "x": 0.07254342589855002,
      "y": 0.020875291481709576,
      "z": 0.6799509985475448,
      "w": 0.7293615791489512
    },
    "_lscale": {
      "__type__": "cc.Vec3",
      "x": 0.99999988079071,
      "y": 1,
      "z": 0.99999988079071
    },
    "_layer": 1073741824,
    "_euler": {
      "__type__": "cc.Vec3",
      "x": 50.07186789131992,
      "y": -42.48706460490091,
      "z": 84.20470183447405
    },
    "_id": ""
  },
  {
    "__type__": "cc.Node",
    "_name": "Bip001 R Finger21",
    "_objFlags": 0,
    "_parent": {
      "__id__": 63
    },
    "_children": [
      {
        "__id__": 65
      }
    ],
    "_active": true,
    "_components": [],
    "_prefab": {
      "__id__": 67
    },
    "_lpos": {
      "__type__": "cc.Vec3",
      "x": 0.00446991436183453,
      "y": 9.53674295089968e-9,
      "z": 0
    },
    "_lrot": {
      "__type__": "cc.Quat",
      "x": 2.9289625489384706e-9,
      "y": 2.3019483475374343e-9,
      "z": 0.617924554359656,
      "w": 0.7862373974312216
    },
    "_lscale": {
      "__type__": "cc.Vec3",
      "x": 0.999999940395355,
      "y": 0.999999940395355,
      "z": 0.99999988079071
    },
    "_layer": 1073741824,
    "_euler": {
      "__type__": "cc.Vec3",
      "x": 4.2688682312579397e-7,
      "y": 3.3088148532904674e-21,
      "z": 76.32946467288812
    },
    "_id": ""
  },
  {
    "__type__": "cc.Node",
    "_name": "Bip001 R Finger22",
    "_objFlags": 0,
    "_parent": {
      "__id__": 64
    },
    "_children": [],
    "_active": true,
    "_components": [],
    "_prefab": {
      "__id__": 66
    },
    "_lpos": {
      "__type__": "cc.Vec3",
      "x": 0.00304985046386719,
      "y": -4.76837147544984e-9,
      "z": 0
    },
    "_lrot": {
      "__type__": "cc.Quat",
      "x": -3.2850151562819016e-9,
      "y": -1.7568344596969806e-9,
      "z": 0.4715965698983046,
      "w": 0.8818144222341533
    },
    "_lscale": {
      "__type__": "cc.Vec3",
      "x": 0.999999821186066,
      "y": 0.99999988079071,
      "z": 0.99999988079071
    },
    "_layer": 1073741824,
    "_euler": {
      "__type__": "cc.Vec3",
      "x": -4.268868715328604e-7,
      "y": -1.7393740752824992e-14,
      "z": 56.27596668353072
    },
    "_id": ""
  },
  {
    "__type__": "cc.PrefabInfo",
    "root": {
      "__id__": 1
    },
    "asset": {
      "__id__": 0
    },
    "fileId": "c2DemYXSxbh4oUPW+1djgI"
  },
  {
    "__type__": "cc.PrefabInfo",
    "root": {
      "__id__": 1
    },
    "asset": {
      "__id__": 0
    },
    "fileId": "69FpCQYm1TsrzdDN+h97da"
  },
  {
    "__type__": "cc.PrefabInfo",
    "root": {
      "__id__": 1
    },
    "asset": {
      "__id__": 0
    },
    "fileId": "38hB+rPNVafK8Ui/liQYqH"
  },
  {
    "__type__": "cc.Node",
    "_name": "Bip001 R Finger3",
    "_objFlags": 0,
    "_parent": {
      "__id__": 50
    },
    "_children": [
      {
        "__id__": 70
      }
    ],
    "_active": true,
    "_components": [],
    "_prefab": {
      "__id__": 74
    },
    "_lpos": {
      "__type__": "cc.Vec3",
      "x": 0.00994965527206659,
      "y": -0.000171351435710676,
      "z": -0.00139930250588804
    },
    "_lrot": {
      "__type__": "cc.Quat",
      "x": 0.1094747788333342,
      "y": -0.0199052767161836,
      "z": 0.715976957809732,
      "w": 0.689199570983446
    },
    "_lscale": {
      "__type__": "cc.Vec3",
      "x": 0.999999940395355,
      "y": 0.99999988079071,
      "z": 0.999999940395355
    },
    "_layer": 1073741824,
    "_euler": {
      "__type__": "cc.Vec3",
      "x": 105.34047676288105,
      "y": -98.04599002714833,
      "z": 79.2787205280676
    },
    "_id": ""
  },
  {
    "__type__": "cc.Node",
    "_name": "Bip001 R Finger31",
    "_objFlags": 0,
    "_parent": {
      "__id__": 69
    },
    "_children": [
      {
        "__id__": 71
      }
    ],
    "_active": true,
    "_components": [],
    "_prefab": {
      "__id__": 73
    },
    "_lpos": {
      "__type__": "cc.Vec3",
      "x": 0.00389957427978516,
      "y": -9.53674295089968e-9,
      "z": -2.38418573772492e-9
    },
    "_lrot": {
      "__type__": "cc.Quat",
      "x": -1.3140059415663019e-8,
      "y": -7.0273358906064305e-9,
      "z": 0.471596498762704,
      "w": 0.8818144602776474
    },
    "_lscale": {
      "__type__": "cc.Vec3",
      "x": 0.999999940395355,
      "y": 0.999999940395355,
      "z": 0.99999988079071
    },
    "_layer": 1073741824,
    "_euler": {
      "__type__": "cc.Vec3",
      "x": -0.0000017075472492767931,
      "y": -8.082685578028276e-14,
      "z": 56.27595743947778
    },
    "_id": ""
  },
  {
    "__type__": "cc.Node",
    "_name": "Bip001 R Finger32",
    "_objFlags": 0,
    "_parent": {
      "__id__": 70
    },
    "_children": [],
    "_active": true,
    "_components": [],
    "_prefab": {
      "__id__": 72
    },
    "_lpos": {
      "__type__": "cc.Vec3",
      "x": 0.0026070021558553,
      "y": 4.76837147544984e-9,
      "z": 2.38418573772492e-9
    },
    "_lrot": {
      "__type__": "cc.Quat",
      "x": 1.642507110966834e-9,
      "y": 8.784169954580188e-10,
      "z": 0.4715965930724907,
      "w": 0.8818144098405398
    },
    "_lscale": {
      "__type__": "cc.Vec3",
      "x": 1.00000011920929,
      "y": 1.00000011920929,
      "z": 1.00000011920929
    },
    "_layer": 1073741824,
    "_euler": {
      "__type__": "cc.Vec3",
      "x": 2.1344338195606315e-7,
      "y": 1.4064910055155278e-15,
      "z": 56.275969695010296
    },
    "_id": ""
  },
  {
    "__type__": "cc.PrefabInfo",
    "root": {
      "__id__": 1
    },
    "asset": {
      "__id__": 0
    },
    "fileId": "965DactttWSbbHvpBn3ADW"
  },
  {
    "__type__": "cc.PrefabInfo",
    "root": {
      "__id__": 1
    },
    "asset": {
      "__id__": 0
    },
    "fileId": "ffsJTZOTJTY5UBgtJ1k9dI"
  },
  {
    "__type__": "cc.PrefabInfo",
    "root": {
      "__id__": 1
    },
    "asset": {
      "__id__": 0
    },
    "fileId": "69HOrmb+lTjIFkN8GGpwra"
  },
  {
    "__type__": "cc.Node",
    "_name": "Bip001 R Finger4",
    "_objFlags": 0,
    "_parent": {
      "__id__": 50
    },
    "_children": [
      {
        "__id__": 76
      }
    ],
    "_active": true,
    "_components": [],
    "_prefab": {
      "__id__": 80
    },
    "_lpos": {
      "__type__": "cc.Vec3",
      "x": 0.00942856725305319,
      "y": 0.00122400524560362,
      "z": -0.0028082774952054
    },
    "_lrot": {
      "__type__": "cc.Quat",
      "x": 0.13185322164784172,
      "y": -0.04421358142816129,
      "z": 0.6716751991221417,
      "w": 0.7276759677511769
    },
    "_lscale": {
      "__type__": "cc.Vec3",
      "x": 0.999999940395355,
      "y": 0.99999988079071,
      "z": 0.99999988079071
    },
    "_layer": 1073741824,
    "_euler": {
      "__type__": "cc.Vec3",
      "x": 75.93961343965032,
      "y": -68.77224644484399,
      "z": 74.98640668273359
    },
    "_id": ""
  },
  {
    "__type__": "cc.Node",
    "_name": "Bip001 R Finger41",
    "_objFlags": 0,
    "_parent": {
      "__id__": 75
    },
    "_children": [
      {
        "__id__": 77
      }
    ],
    "_active": true,
    "_components": [],
    "_prefab": {
      "__id__": 79
    },
    "_lpos": {
      "__type__": "cc.Vec3",
      "x": 0.00284821027889848,
      "y": 1.77635679969558e-17,
      "z": 1.19209286886246e-9
    },
    "_lrot": {
      "__type__": "cc.Quat",
      "x": -1.336871220194535e-8,
      "y": 1.2995269152084458e-9,
      "z": 0.4715965930724907,
      "w": 0.8818144098405398
    },
    "_lscale": {
      "__type__": "cc.Vec3",
      "x": 0.999999940395355,
      "y": 1,
      "z": 1
    },
    "_layer": 1073741824,
    "_euler": {
      "__type__": "cc.Vec3",
      "x": -0.0000025596776051597083,
      "y": 0.000001537795298006851,
      "z": 56.275969695010296
    },
    "_id": ""
  },
  {
    "__type__": "cc.Node",
    "_name": "Bip001 R Finger42",
    "_objFlags": 0,
    "_parent": {
      "__id__": 76
    },
    "_children": [],
    "_active": true,
    "_components": [],
    "_prefab": {
      "__id__": 78
    },
    "_lpos": {
      "__type__": "cc.Vec3",
      "x": 0.00182513706386089,
      "y": -4.76837147544984e-9,
      "z": 1.19209286886246e-9
    },
    "_lrot": {
      "__type__": "cc.Quat",
      "x": 7.848591128258023e-9,
      "y": -1.270085195469222e-8,
      "z": 0.4715965698983046,
      "w": 0.8818144222341533
    },
    "_lscale": {
      "__type__": "cc.Vec3",
      "x": 0.99999988079071,
      "y": 1,
      "z": 1
    },
    "_layer": 1073741824,
    "_euler": {
      "__type__": "cc.Vec3",
      "x": 0.000002664756054934455,
      "y": -0.000003075590706149008,
      "z": 56.2759666835307
    },
    "_id": ""
  },
  {
    "__type__": "cc.PrefabInfo",
    "root": {
      "__id__": 1
    },
    "asset": {
      "__id__": 0
    },
    "fileId": "50Qsu73D5dQ6ZxrO5HZUAr"
  },
  {
    "__type__": "cc.PrefabInfo",
    "root": {
      "__id__": 1
    },
    "asset": {
      "__id__": 0
    },
    "fileId": "9asE1kfHlUW7+jCVZcyWda"
  },
  {
    "__type__": "cc.PrefabInfo",
    "root": {
      "__id__": 1
    },
    "asset": {
      "__id__": 0
    },
    "fileId": "73lumvHXtQ+ZuBsY65p7Q3"
  },
  {
    "__type__": "cc.Node",
    "_name": "Bone023",
    "_objFlags": 0,
    "_parent": {
      "__id__": 50
    },
    "_children": [
      {
        "__id__": 82
      }
    ],
    "_active": true,
    "_components": [],
    "_prefab": {
      "__id__": 84
    },
    "_lpos": {
      "__type__": "cc.Vec3",
      "x": 0.00650708191096783,
      "y": 0.00313012348487973,
      "z": -0.00383915659040213
    },
    "_lrot": {
      "__type__": "cc.Quat",
      "x": 0.5698966949716414,
      "y": -0.43880924349454126,
      "z": 0.3340077978516667,
      "w": 0.6091822353437668
    },
    "_lscale": {
      "__type__": "cc.Vec3",
      "x": 1.00000023841858,
      "y": 1.00000035762787,
      "z": 1.00000023841858
    },
    "_layer": 1073741824,
    "_euler": {
      "__type__": "cc.Vec3",
      "x": 82.65348856078508,
      "y": -66.82857457213164,
      "z": -5.348225008253035
    },
    "_id": ""
  },
  {
    "__type__": "cc.Node",
    "_name": "Bone024",
    "_objFlags": 0,
    "_parent": {
      "__id__": 81
    },
    "_children": [],
    "_active": true,
    "_components": [],
    "_prefab": {
      "__id__": 83
    },
    "_lpos": {
      "__type__": "cc.Vec3",
      "x": 0.092080369591713,
      "y": 2.8610228852699e-8,
      "z": 0
    },
    "_lrot": {
      "__type__": "cc.Quat",
      "x": -8.67361737988404e-19,
      "y": 1.73472347597681e-18,
      "z": -2.77555756156289e-17,
      "w": 1
    },
    "_lscale": {
      "__type__": "cc.Vec3",
      "x": 1,
      "y": 1,
      "z": 1
    },
    "_layer": 1073741824,
    "_euler": {
      "__type__": "cc.Vec3",
      "x": -9.939233379573495e-17,
      "y": 1.9878466759147014e-16,
      "z": -3.180554681463515e-15
    },
    "_id": ""
  },
  {
    "__type__": "cc.PrefabInfo",
    "root": {
      "__id__": 1
    },
    "asset": {
      "__id__": 0
    },
    "fileId": "96HNt0uiVTLZe9P+FlEwiM"
  },
  {
    "__type__": "cc.PrefabInfo",
    "root": {
      "__id__": 1
    },
    "asset": {
      "__id__": 0
    },
    "fileId": "8akrELfktaOJRlSCIKIdzF"
  },
  {
    "__type__": "cc.PrefabInfo",
    "root": {
      "__id__": 1
    },
    "asset": {
      "__id__": 0
    },
    "fileId": "f8hxdB1tFTlpiJxb1JDxfc"
  },
  {
    "__type__": "cc.PrefabInfo",
    "root": {
      "__id__": 1
    },
    "asset": {
      "__id__": 0
    },
    "fileId": "b2eolUSi5erIR+HIfAERLT"
  },
  {
    "__type__": "cc.PrefabInfo",
    "root": {
      "__id__": 1
    },
    "asset": {
      "__id__": 0
    },
    "fileId": "8aDrDvt2lQspswj0gHjtyI"
  },
  {
    "__type__": "cc.PrefabInfo",
    "root": {
      "__id__": 1
    },
    "asset": {
      "__id__": 0
    },
    "fileId": "bcVYr5WBZb/JHT98tOmwU6"
  },
  {
    "__type__": "cc.Node",
    "_name": "Bip001 Head",
    "_objFlags": 0,
    "_parent": {
      "__id__": 8
    },
    "_children": [
      {
        "__id__": 90
      }
    ],
    "_active": true,
    "_components": [],
    "_prefab": {
      "__id__": 98
    },
    "_lpos": {
      "__type__": "cc.Vec3",
      "x": 0.00533298496156931,
      "y": 4.76837147544984e-9,
      "z": -1.19209286886246e-9
    },
    "_lrot": {
      "__type__": "cc.Quat",
      "x": -0.002683498354259539,
      "y": -0.009623609208044327,
      "z": -0.015021885315659947,
      "w": 0.9998372507283156
    },
    "_lscale": {
      "__type__": "cc.Vec3",
      "x": 0.999999940395355,
      "y": 0.99999988079071,
      "z": 1
    },
    "_layer": 1073741824,
    "_euler": {
      "__type__": "cc.Vec3",
      "x": -0.3241696278431513,
      "y": -1.1077914109875202,
      "z": -1.7183993903946009
    },
    "_id": ""
  },
  {
    "__type__": "cc.Node",
    "_name": "Bone019",
    "_objFlags": 0,
    "_parent": {
      "__id__": 89
    },
    "_children": [
      {
        "__id__": 91
      }
    ],
    "_active": true,
    "_components": [],
    "_prefab": {
      "__id__": 97
    },
    "_lpos": {
      "__type__": "cc.Vec3",
      "x": 0.0198721885681152,
      "y": 0.00404579611495137,
      "z": -0.00165447348263115
    },
    "_lrot": {
      "__type__": "cc.Quat",
      "x": -0.48171070745785494,
      "y": 0.5250507650672609,
      "z": 0.47084534684040025,
      "w": 0.5201741513968952
    },
    "_lscale": {
      "__type__": "cc.Vec3",
      "x": 0.999999761581421,
      "y": 0.999999701976776,
      "z": 1
    },
    "_layer": 1073741824,
    "_euler": {
      "__type__": "cc.Vec3",
      "x": -84.69078360349441,
      "y": 89.69900213822896,
      "z": -0.9168858255369283
    },
    "_id": ""
  },
  {
    "__type__": "cc.Node",
    "_name": "Bone020",
    "_objFlags": 0,
    "_parent": {
      "__id__": 90
    },
    "_children": [
      {
        "__id__": 92
      }
    ],
    "_active": true,
    "_components": [],
    "_prefab": {
      "__id__": 96
    },
    "_lpos": {
      "__type__": "cc.Vec3",
      "x": 0.00768426945433021,
      "y": -1.90734859017994e-8,
      "z": 2.38418573772492e-9
    },
    "_lrot": {
      "__type__": "cc.Quat",
      "x": -0.24866107702908563,
      "y": -0.06414465760137401,
      "z": 0.37584550090511876,
      "w": 0.8903894042054399
    },
    "_lscale": {
      "__type__": "cc.Vec3",
      "x": 0.99999988079071,
      "y": 0.99999988079071,
      "z": 1
    },
    "_layer": 1073741824,
    "_euler": {
      "__type__": "cc.Vec3",
      "x": -33.604232719681995,
      "y": 5.851627086043255,
      "z": 44.523220003127534
    },
    "_id": ""
  },
  {
    "__type__": "cc.Node",
    "_name": "Bone021",
    "_objFlags": 0,
    "_parent": {
      "__id__": 91
    },
    "_children": [
      {
        "__id__": 93
      }
    ],
    "_active": true,
    "_components": [],
    "_prefab": {
      "__id__": 95
    },
    "_lpos": {
      "__type__": "cc.Vec3",
      "x": 0.00801311433315277,
      "y": 0,
      "z": 9.53674295089968e-9
    },
    "_lrot": {
      "__type__": "cc.Quat",
      "x": 0.015156559811926942,
      "y": 0.032388318684344754,
      "z": 0.3304410314944037,
      "w": 0.9431489809210332
    },
    "_lscale": {
      "__type__": "cc.Vec3",
      "x": 1.00000023841858,
      "y": 1.00000023841858,
      "z": 1
    },
    "_layer": 1073741824,
    "_euler": {
      "__type__": "cc.Vec3",
      "x": 0.526979812853032,
      "y": 3.7488961466191473,
      "z": 38.6302435653636
    },
    "_id": ""
  },
  {
    "__type__": "cc.Node",
    "_name": "Bone022",
    "_objFlags": 0,
    "_parent": {
      "__id__": 92
    },
    "_children": [],
    "_active": true,
    "_components": [],
    "_prefab": {
      "__id__": 94
    },
    "_lpos": {
      "__type__": "cc.Vec3",
      "x": 0.00787743553519249,
      "y": 6.55651088976583e-9,
      "z": -1.77635679969558e-17
    },
    "_lrot": {
      "__type__": "cc.Quat",
      "x": 5.4016705774983863e-8,
      "y": -5.960462701182193e-8,
      "z": 5.029141192380828e-8,
      "w": 0.9999999999999956
    },
    "_lscale": {
      "__type__": "cc.Vec3",
      "x": 1.00000011920929,
      "y": 1.00000011920929,
      "z": 1.00000011920929
    },
    "_layer": 1073741824,
    "_euler": {
      "__type__": "cc.Vec3",
      "x": 0.000006189858871712804,
      "y": -0.000006830187445754466,
      "z": 0.0000057629709290320115
    },
    "_id": ""
  },
  {
    "__type__": "cc.PrefabInfo",
    "root": {
      "__id__": 1
    },
    "asset": {
      "__id__": 0
    },
    "fileId": "baXTR3AeNYCLXodZfzSX4T"
  },
  {
    "__type__": "cc.PrefabInfo",
    "root": {
      "__id__": 1
    },
    "asset": {
      "__id__": 0
    },
    "fileId": "96dTEIs/ldE4f5PmQ8fC8e"
  },
  {
    "__type__": "cc.PrefabInfo",
    "root": {
      "__id__": 1
    },
    "asset": {
      "__id__": 0
    },
    "fileId": "a9wQKrFI5bj7EYFiqZGRO1"
  },
  {
    "__type__": "cc.PrefabInfo",
    "root": {
      "__id__": 1
    },
    "asset": {
      "__id__": 0
    },
    "fileId": "2bLBAj86BZtIQhycgSYYev"
  },
  {
    "__type__": "cc.PrefabInfo",
    "root": {
      "__id__": 1
    },
    "asset": {
      "__id__": 0
    },
    "fileId": "a3ac3ZVspSQoPPepHvNKAz"
  },
  {
    "__type__": "cc.PrefabInfo",
    "root": {
      "__id__": 1
    },
    "asset": {
      "__id__": 0
    },
    "fileId": "5aHxJ2pOxX15/g9MFo71O6"
  },
  {
    "__type__": "cc.Node",
    "_name": "Bone008",
    "_objFlags": 0,
    "_parent": {
      "__id__": 7
    },
    "_children": [
      {
        "__id__": 101
      }
    ],
    "_active": true,
    "_components": [],
    "_prefab": {
      "__id__": 111
    },
    "_lpos": {
      "__type__": "cc.Vec3",
      "x": 0.0170686617493629,
      "y": -0.0102891027927399,
      "z": 0.00822294689714909
    },
    "_lrot": {
      "__type__": "cc.Quat",
      "x": 0.00780044198329145,
      "y": -0.05407812319255166,
      "z": 0.9542428030804011,
      "w": -0.29399894977039503
    },
    "_lscale": {
      "__type__": "cc.Vec3",
      "x": 1.00000023841858,
      "y": 1.00000011920929,
      "z": 0.99999988079071
    },
    "_layer": 1073741824,
    "_euler": {
      "__type__": "cc.Vec3",
      "x": 173.15261643071702,
      "y": 178.82856935537808,
      "z": -34.189820869264814
    },
    "_id": ""
  },
  {
    "__type__": "cc.Node",
    "_name": "Bone009",
    "_objFlags": 0,
    "_parent": {
      "__id__": 100
    },
    "_children": [
      {
        "__id__": 102
      }
    ],
    "_active": true,
    "_components": [],
    "_prefab": {
      "__id__": 110
    },
    "_lpos": {
      "__type__": "cc.Vec3",
      "x": 0.0114417737349868,
      "y": 6.67572024326546e-8,
      "z": 5.9604643443123e-10
    },
    "_lrot": {
      "__type__": "cc.Quat",
      "x": 0.040841135493712266,
      "y": -0.03429849765105551,
      "z": -0.16888202464676716,
      "w": 0.9841922964856379
    },
    "_lscale": {
      "__type__": "cc.Vec3",
      "x": 1,
      "y": 1,
      "z": 1
    },
    "_layer": 1073741824,
    "_euler": {
      "__type__": "cc.Vec3",
      "x": 4.188158192060266,
      "y": -3.2686125861911264,
      "z": -19.586303029786883
    },
    "_id": ""
  },
  {
    "__type__": "cc.Node",
    "_name": "Bone010",
    "_objFlags": 0,
    "_parent": {
      "__id__": 101
    },
    "_children": [
      {
        "__id__": 103
      }
    ],
    "_active": true,
    "_components": [],
    "_prefab": {
      "__id__": 109
    },
    "_lpos": {
      "__type__": "cc.Vec3",
      "x": 0.0214765258133411,
      "y": -7.15255721317476e-9,
      "z": 0
    },
    "_lrot": {
      "__type__": "cc.Quat",
      "x": 0.009300208441198023,
      "y": -0.06913447969514411,
      "z": -0.00007129448771192861,
      "w": 0.9975639953192618
    },
    "_lscale": {
      "__type__": "cc.Vec3",
      "x": 1.00000011920929,
      "y": 1.00000011920929,
      "z": 1
    },
    "_layer": 1073741824,
    "_euler": {
      "__type__": "cc.Vec3",
      "x": 1.0626264619054753,
      "y": -7.928136885811191,
      "z": -0.08182824273179394
    },
    "_id": ""
  },
  {
    "__type__": "cc.Node",
    "_name": "Bone011",
    "_objFlags": 0,
    "_parent": {
      "__id__": 102
    },
    "_children": [
      {
        "__id__": 104
      }
    ],
    "_active": true,
    "_components": [],
    "_prefab": {
      "__id__": 108
    },
    "_lpos": {
      "__type__": "cc.Vec3",
      "x": 0.0254594031721354,
      "y": 2.88486461386128e-7,
      "z": -4.76837147544984e-9
    },
    "_lrot": {
      "__type__": "cc.Quat",
      "x": 0.000032812793638398744,
      "y": 0.05477659053799328,
      "z": 0.0027645251359319075,
      "w": 0.9984948079249718
    },
    "_lscale": {
      "__type__": "cc.Vec3",
      "x": 0.99999988079071,
      "y": 0.99999988079071,
      "z": 1
    },
    "_layer": 1073741824,
    "_euler": {
      "__type__": "cc.Vec3",
      "x": -0.013598542407133287,
      "y": 6.280139705279222,
      "z": 0.3165219873491475
    },
    "_id": ""
  },
  {
    "__type__": "cc.Node",
    "_name": "Bone012",
    "_objFlags": 0,
    "_parent": {
      "__id__": 103
    },
    "_children": [
      {
        "__id__": 105
      }
    ],
    "_active": true,
    "_components": [],
    "_prefab": {
      "__id__": 107
    },
    "_lpos": {
      "__type__": "cc.Vec3",
      "x": 0.0228057336062193,
      "y": 0,
      "z": 1.19209286886246e-9
    },
    "_lrot": {
      "__type__": "cc.Quat",
      "x": 0.009201332704320055,
      "y": 0.15854309116006712,
      "z": -0.05205141254601821,
      "w": 0.9859361410222466
    },
    "_lscale": {
      "__type__": "cc.Vec3",
      "x": 0.999999940395355,
      "y": 0.999999940395355,
      "z": 1
    },
    "_layer": 1073741824,
    "_euler": {
      "__type__": "cc.Vec3",
      "x": 1.9955691332735679,
      "y": 18.37020311621388,
      "z": -5.723111684383109
    },
    "_id": ""
  },
  {
    "__type__": "cc.Node",
    "_name": "Bone013",
    "_objFlags": 0,
    "_parent": {
      "__id__": 104
    },
    "_children": [],
    "_active": true,
    "_components": [],
    "_prefab": {
      "__id__": 106
    },
    "_lpos": {
      "__type__": "cc.Vec3",
      "x": 0.0270075295120478,
      "y": -8.88178399847791e-18,
      "z": 1.19209286886246e-9
    },
    "_lrot": {
      "__type__": "cc.Quat",
      "x": -0.004539987080207352,
      "y": -0.3083258872600941,
      "z": 0.02497539114805004,
      "w": 0.9509420411358357
    },
    "_lscale": {
      "__type__": "cc.Vec3",
      "x": 1,
      "y": 1,
      "z": 1
    },
    "_layer": 1073741824,
    "_euler": {
      "__type__": "cc.Vec3",
      "x": 0.38819140954565723,
      "y": -35.93848092581444,
      "z": 2.8831880597144925
    },
    "_id": ""
  },
  {
    "__type__": "cc.PrefabInfo",
    "root": {
      "__id__": 1
    },
    "asset": {
      "__id__": 0
    },
    "fileId": "a1lk04NMJbCbbf++BiXpp/"
  },
  {
    "__type__": "cc.PrefabInfo",
    "root": {
      "__id__": 1
    },
    "asset": {
      "__id__": 0
    },
    "fileId": "b3g3smZwRdo6PWxE03eKZO"
  },
  {
    "__type__": "cc.PrefabInfo",
    "root": {
      "__id__": 1
    },
    "asset": {
      "__id__": 0
    },
    "fileId": "f0+u475wlatKMmZVFBw+Vz"
  },
  {
    "__type__": "cc.PrefabInfo",
    "root": {
      "__id__": 1
    },
    "asset": {
      "__id__": 0
    },
    "fileId": "e9PqFFFetcV5wSBX7blfnE"
  },
  {
    "__type__": "cc.PrefabInfo",
    "root": {
      "__id__": 1
    },
    "asset": {
      "__id__": 0
    },
    "fileId": "28BWs8I0BWRasYoBDEqavT"
  },
  {
    "__type__": "cc.PrefabInfo",
    "root": {
      "__id__": 1
    },
    "asset": {
      "__id__": 0
    },
    "fileId": "807f2kUABRlZ5vVt78ygfP"
  },
  {
    "__type__": "cc.Node",
    "_name": "Bone014",
    "_objFlags": 0,
    "_parent": {
      "__id__": 7
    },
    "_children": [
      {
        "__id__": 113
      }
    ],
    "_active": true,
    "_components": [],
    "_prefab": {
      "__id__": 121
    },
    "_lpos": {
      "__type__": "cc.Vec3",
      "x": 0.0161423198878765,
      "y": -0.00850710645318031,
      "z": 0.0127223189920187
    },
    "_lrot": {
      "__type__": "cc.Quat",
      "x": 0.04023111652168308,
      "y": 0.025461344305098672,
      "z": 0.9627420999322096,
      "w": -0.2661969688552353
    },
    "_lscale": {
      "__type__": "cc.Vec3",
      "x": 1.00000023841858,
      "y": 1.00000011920929,
      "z": 0.999999821186066
    },
    "_layer": 1073741824,
    "_euler": {
      "__type__": "cc.Vec3",
      "x": -175.3008307479712,
      "y": -173.92370002839033,
      "z": -30.69776530992591
    },
    "_id": ""
  },
  {
    "__type__": "cc.Node",
    "_name": "Bone018",
    "_objFlags": 0,
    "_parent": {
      "__id__": 112
    },
    "_children": [
      {
        "__id__": 114
      }
    ],
    "_active": true,
    "_components": [],
    "_prefab": {
      "__id__": 120
    },
    "_lpos": {
      "__type__": "cc.Vec3",
      "x": 0.0120178982615471,
      "y": -8.88178399847791e-18,
      "z": 0
    },
    "_lrot": {
      "__type__": "cc.Quat",
      "x": -0.00007927940713000199,
      "y": -0.045842847657208724,
      "z": -0.12315401894936581,
      "w": 0.9913281568936054
    },
    "_lscale": {
      "__type__": "cc.Vec3",
      "x": 1.00000011920929,
      "y": 0.99999988079071,
      "z": 1
    },
    "_layer": 1073741824,
    "_euler": {
      "__type__": "cc.Vec3",
      "x": -0.6764478599309817,
      "y": -5.379236550257286,
      "z": -14.132482832324675
    },
    "_id": ""
  },
  {
    "__type__": "cc.Node",
    "_name": "Bone015",
    "_objFlags": 0,
    "_parent": {
      "__id__": 113
    },
    "_children": [
      {
        "__id__": 115
      }
    ],
    "_active": true,
    "_components": [],
    "_prefab": {
      "__id__": 119
    },
    "_lpos": {
      "__type__": "cc.Vec3",
      "x": 0.0159173011779785,
      "y": 2.38418573772492e-9,
      "z": 2.38418573772492e-9
    },
    "_lrot": {
      "__type__": "cc.Quat",
      "x": 0.022810898209900177,
      "y": -0.09764507194034049,
      "z": -0.005728622304388158,
      "w": 0.9949433580536718
    },
    "_lscale": {
      "__type__": "cc.Vec3",
      "x": 0.999999940395355,
      "y": 1,
      "z": 1.00000011920929
    },
    "_layer": 1073741824,
    "_euler": {
      "__type__": "cc.Vec3",
      "x": 2.5377679112644334,
      "y": -11.19014794570387,
      "z": -0.9084083837426166
    },
    "_id": ""
  },
  {
    "__type__": "cc.Node",
    "_name": "Bone016",
    "_objFlags": 0,
    "_parent": {
      "__id__": 114
    },
    "_children": [
      {
        "__id__": 116
      }
    ],
    "_active": true,
    "_components": [],
    "_prefab": {
      "__id__": 118
    },
    "_lpos": {
      "__type__": "cc.Vec3",
      "x": 0.0171141903847456,
      "y": 9.53674295089968e-9,
      "z": -4.76837147544984e-9
    },
    "_lrot": {
      "__type__": "cc.Quat",
      "x": -0.08889442919182518,
      "y": 0.11791463510536848,
      "z": -0.035232291564562805,
      "w": 0.9884091283055499
    },
    "_lscale": {
      "__type__": "cc.Vec3",
      "x": 1.00000035762787,
      "y": 1.00000035762787,
      "z": 1
    },
    "_layer": 1073741824,
    "_euler": {
      "__type__": "cc.Vec3",
      "x": -9.67799996539817,
      "y": 13.165751211811598,
      "z": -5.198801330457925
    },
    "_id": ""
  },
  {
    "__type__": "cc.Node",
    "_name": "Bone017",
    "_objFlags": 0,
    "_parent": {
      "__id__": 115
    },
    "_children": [],
    "_active": true,
    "_components": [],
    "_prefab": {
      "__id__": 117
    },
    "_lpos": {
      "__type__": "cc.Vec3",
      "x": 0.0160191487520933,
      "y": 4.76837147544984e-9,
      "z": -2.38418573772492e-9
    },
    "_lrot": {
      "__type__": "cc.Quat",
      "x": 0.03324999673159683,
      "y": -0.293141932433241,
      "z": 0.013255812279179139,
      "w": 0.9553986228833875
    },
    "_lscale": {
      "__type__": "cc.Vec3",
      "x": 1,
      "y": 1,
      "z": 1
    },
    "_layer": 1073741824,
    "_euler": {
      "__type__": "cc.Vec3",
      "x": 4.089053817791577,
      "y": -34.12677252805968,
      "z": 0.3343361209119185
    },
    "_id": ""
  },
  {
    "__type__": "cc.PrefabInfo",
    "root": {
      "__id__": 1
    },
    "asset": {
      "__id__": 0
    },
    "fileId": "4f46luachca5wn8nRdymRg"
  },
  {
    "__type__": "cc.PrefabInfo",
    "root": {
      "__id__": 1
    },
    "asset": {
      "__id__": 0
    },
    "fileId": "1cPWaQrM1bcbBv7PUOiQNj"
  },
  {
    "__type__": "cc.PrefabInfo",
    "root": {
      "__id__": 1
    },
    "asset": {
      "__id__": 0
    },
    "fileId": "1b/zNR8n5SI6Us0n4pw5k8"
  },
  {
    "__type__": "cc.PrefabInfo",
    "root": {
      "__id__": 1
    },
    "asset": {
      "__id__": 0
    },
    "fileId": "a7ZgXVEkxchZ1b7nWqBYeQ"
  },
  {
    "__type__": "cc.PrefabInfo",
    "root": {
      "__id__": 1
    },
    "asset": {
      "__id__": 0
    },
    "fileId": "2aHRHOseNWh5yZGuXWCXKJ"
  },
  {
    "__type__": "cc.Node",
    "_name": "Bone001",
    "_objFlags": 0,
    "_parent": {
      "__id__": 7
    },
    "_children": [
      {
        "__id__": 123
      }
    ],
    "_active": true,
    "_components": [],
    "_prefab": {
      "__id__": 135
    },
    "_lpos": {
      "__type__": "cc.Vec3",
      "x": 0.017323998734355,
      "y": -0.0105658061802387,
      "z": -1.19209282445354e-8
    },
    "_lrot": {
      "__type__": "cc.Quat",
      "x": -0.2681121204645876,
      "y": 0.9628549126674611,
      "z": 0.006877345433293651,
      "w": 0.03128913760252489
    },
    "_lscale": {
      "__type__": "cc.Vec3",
      "x": 1.00000035762787,
      "y": 1.00000047683716,
      "z": 1
    },
    "_layer": 1073741824,
    "_euler": {
      "__type__": "cc.Vec3",
      "x": -2.0083416097398583,
      "y": 175.7194458841138,
      "z": -31.056010804817024
    },
    "_id": ""
  },
  {
    "__type__": "cc.Node",
    "_name": "Bone002",
    "_objFlags": 0,
    "_parent": {
      "__id__": 122
    },
    "_children": [
      {
        "__id__": 124
      }
    ],
    "_active": true,
    "_components": [],
    "_prefab": {
      "__id__": 134
    },
    "_lpos": {
      "__type__": "cc.Vec3",
      "x": 0.0109487818554044,
      "y": 4.76837147544984e-9,
      "z": 2.22044599961948e-18
    },
    "_lrot": {
      "__type__": "cc.Quat",
      "x": -0.0019028407043692173,
      "y": 0.043064851813174945,
      "z": 0.10616172228170533,
      "w": 0.993414055899022
    },
    "_lscale": {
      "__type__": "cc.Vec3",
      "x": 1,
      "y": 1,
      "z": 1
    },
    "_layer": 1073741824,
    "_euler": {
      "__type__": "cc.Vec3",
      "x": -0.7575454425586936,
      "y": 5.045215000414991,
      "z": 12.166964412159537
    },
    "_id": ""
  },
  {
    "__type__": "cc.Node",
    "_name": "Bone003",
    "_objFlags": 0,
    "_parent": {
      "__id__": 123
    },
    "_children": [
      {
        "__id__": 125
      }
    ],
    "_active": true,
    "_components": [],
    "_prefab": {
      "__id__": 133
    },
    "_lpos": {
      "__type__": "cc.Vec3",
      "x": 0.0214635375887156,
      "y": 0,
      "z": 0
    },
    "_lrot": {
      "__type__": "cc.Quat",
      "x": 0.003679033406370777,
      "y": 0.0410093296778995,
      "z": 0.03079646298424928,
      "w": 0.9986772639147363
    },
    "_lscale": {
      "__type__": "cc.Vec3",
      "x": 1.00000023841858,
      "y": 1.00000023841858,
      "z": 1
    },
    "_layer": 1073741824,
    "_euler": {
      "__type__": "cc.Vec3",
      "x": 0.276836458598855,
      "y": 4.694340745359897,
      "z": 3.5438949600798497
    },
    "_id": ""
  },
  {
    "__type__": "cc.Node",
    "_name": "Bone004",
    "_objFlags": 0,
    "_parent": {
      "__id__": 124
    },
    "_children": [
      {
        "__id__": 126
      }
    ],
    "_active": true,
    "_components": [],
    "_prefab": {
      "__id__": 132
    },
    "_lpos": {
      "__type__": "cc.Vec3",
      "x": 0.0237103272229433,
      "y": 0,
      "z": 1.04308128801023e-9
    },
    "_lrot": {
      "__type__": "cc.Quat",
      "x": -0.003077647803928589,
      "y": -0.0032749205467061436,
      "z": 0.010551633047064257,
      "w": 0.9999342308469331
    },
    "_lscale": {
      "__type__": "cc.Vec3",
      "x": 0.999999821186066,
      "y": 0.999999821186066,
      "z": 1
    },
    "_layer": 1073741824,
    "_euler": {
      "__type__": "cc.Vec3",
      "x": -0.3487694287500872,
      "y": -0.37161781005267225,
      "z": 1.2102935369459908
    },
    "_id": ""
  },
  {
    "__type__": "cc.Node",
    "_name": "Bone005",
    "_objFlags": 0,
    "_parent": {
      "__id__": 125
    },
    "_children": [
      {
        "__id__": 127
      }
    ],
    "_active": true,
    "_components": [],
    "_prefab": {
      "__id__": 131
    },
    "_lpos": {
      "__type__": "cc.Vec3",
      "x": 0.023760786280036,
      "y": 0,
      "z": 6.70552224857346e-10
    },
    "_lrot": {
      "__type__": "cc.Quat",
      "x": -0.0006812188577854065,
      "y": -0.10306334374392476,
      "z": 0.019381111259919422,
      "w": 0.9944857242029772
    },
    "_lscale": {
      "__type__": "cc.Vec3",
      "x": 0.999999701976776,
      "y": 0.999999701976776,
      "z": 1
    },
    "_layer": 1073741824,
    "_euler": {
      "__type__": "cc.Vec3",
      "x": 0.1513766266708739,
      "y": -11.83636066284302,
      "z": 2.217263738070695
    },
    "_id": ""
  },
  {
    "__type__": "cc.Node",
    "_name": "Bone006",
    "_objFlags": 0,
    "_parent": {
      "__id__": 126
    },
    "_children": [
      {
        "__id__": 128
      }
    ],
    "_active": true,
    "_components": [],
    "_prefab": {
      "__id__": 130
    },
    "_lpos": {
      "__type__": "cc.Vec3",
      "x": 0.0272344890981913,
      "y": 1.88350668395287e-7,
      "z": 1.19209286886246e-9
    },
    "_lrot": {
      "__type__": "cc.Quat",
      "x": -0.002433665850055,
      "y": -0.15480918040796324,
      "z": -0.010225002884151744,
      "w": 0.9878884776370074
    },
    "_lscale": {
      "__type__": "cc.Vec3",
      "x": 1.00000035762787,
      "y": 1.00000035762787,
      "z": 1
    },
    "_layer": 1073741824,
    "_euler": {
      "__type__": "cc.Vec3",
      "x": -0.45698097756507294,
      "y": -17.816895271185277,
      "z": -1.1144054182503451
    },
    "_id": ""
  },
  {
    "__type__": "cc.Node",
    "_name": "Bone007",
    "_objFlags": 0,
    "_parent": {
      "__id__": 127
    },
    "_children": [],
    "_active": true,
    "_components": [],
    "_prefab": {
      "__id__": 129
    },
    "_lpos": {
      "__type__": "cc.Vec3",
      "x": 0.0267726480960846,
      "y": 1.66893006081636e-8,
      "z": 0
    },
    "_lrot": {
      "__type__": "cc.Quat",
      "x": -0.0003418015649992442,
      "y": 0.03083596283448295,
      "z": -0.0005193299301740395,
      "w": 0.9995242652703255
    },
    "_lscale": {
      "__type__": "cc.Vec3",
      "x": 1,
      "y": 1,
      "z": 1
    },
    "_layer": 1073741824,
    "_euler": {
      "__type__": "cc.Vec3",
      "x": -0.03731389077675896,
      "y": 3.534082197778395,
      "z": -0.06069029619248473
    },
    "_id": ""
  },
  {
    "__type__": "cc.PrefabInfo",
    "root": {
      "__id__": 1
    },
    "asset": {
      "__id__": 0
    },
    "fileId": "f00Ihy291cqrNAtqcyHtbl"
  },
  {
    "__type__": "cc.PrefabInfo",
    "root": {
      "__id__": 1
    },
    "asset": {
      "__id__": 0
    },
    "fileId": "70gdBiWH1SmrcoNLvzKPJg"
  },
  {
    "__type__": "cc.PrefabInfo",
    "root": {
      "__id__": 1
    },
    "asset": {
      "__id__": 0
    },
    "fileId": "09nxbCIhRWJp9TDHmsQkV+"
  },
  {
    "__type__": "cc.PrefabInfo",
    "root": {
      "__id__": 1
    },
    "asset": {
      "__id__": 0
    },
    "fileId": "63n1q9AvhZQoX9VcNRGedY"
  },
  {
    "__type__": "cc.PrefabInfo",
    "root": {
      "__id__": 1
    },
    "asset": {
      "__id__": 0
    },
    "fileId": "5fEHWORw1dH6G4bjvMzCGC"
  },
  {
    "__type__": "cc.PrefabInfo",
    "root": {
      "__id__": 1
    },
    "asset": {
      "__id__": 0
    },
    "fileId": "22tw1u6s1SdJX49hP9ExTq"
  },
  {
    "__type__": "cc.PrefabInfo",
    "root": {
      "__id__": 1
    },
    "asset": {
      "__id__": 0
    },
    "fileId": "c3N0EKJEdQyYf1WL4Gf/UK"
  },
  {
    "__type__": "cc.PrefabInfo",
    "root": {
      "__id__": 1
    },
    "asset": {
      "__id__": 0
    },
    "fileId": "ce1E4nOWtYPaYFZoMcFfKS"
  },
  {
    "__type__": "cc.PrefabInfo",
    "root": {
      "__id__": 1
    },
    "asset": {
      "__id__": 0
    },
    "fileId": "48hnr218pdTZEymK53vFkx"
  },
  {
    "__type__": "cc.Node",
    "_name": "Bip001 L Thigh",
    "_objFlags": 0,
    "_parent": {
      "__id__": 5
    },
    "_children": [
      {
        "__id__": 139
      }
    ],
    "_active": true,
    "_components": [],
    "_prefab": {
      "__id__": 145
    },
    "_lpos": {
      "__type__": "cc.Vec3",
      "x": -0.00682074530050159,
      "y": -0.00186357495840639,
      "z": 0.010153753682971
    },
    "_lrot": {
      "__type__": "cc.Quat",
      "x": -0.042187790887731544,
      "y": 0.9970416325042087,
      "z": -0.05918029635433874,
      "w": 0.025017311541574428
    },
    "_lscale": {
      "__type__": "cc.Vec3",
      "x": 0.99999988079071,
      "y": 0.99999988079071,
      "z": 0.999999940395355
    },
    "_layer": 1073741824,
    "_euler": {
      "__type__": "cc.Vec3",
      "x": 6.68101276952629,
      "y": 177.41712286605687,
      "z": -4.996048116082477
    },
    "_id": ""
  },
  {
    "__type__": "cc.Node",
    "_name": "Bip001 L Calf",
    "_objFlags": 0,
    "_parent": {
      "__id__": 138
    },
    "_children": [
      {
        "__id__": 140
      }
    ],
    "_active": true,
    "_components": [],
    "_prefab": {
      "__id__": 144
    },
    "_lpos": {
      "__type__": "cc.Vec3",
      "x": 0.0380644015967846,
      "y": -2.98023217215615e-10,
      "z": 5.9604643443123e-10
    },
    "_lrot": {
      "__type__": "cc.Quat",
      "x": 3.108143392739572e-21,
      "y": 1.0837565664333069e-19,
      "z": -0.028667562855129097,
      "w": 0.9995890009598682
    },
    "_lscale": {
      "__type__": "cc.Vec3",
      "x": 1,
      "y": 1,
      "z": 1
    },
    "_layer": 1073741824,
    "_euler": {
      "__type__": "cc.Vec3",
      "x": 7.132135048251901e-19,
      "y": 1.2444496224225368e-17,
      "z": -3.2855108473189754
    },
    "_id": ""
  },
  {
    "__type__": "cc.Node",
    "_name": "Bip001 L Foot",
    "_objFlags": 0,
    "_parent": {
      "__id__": 139
    },
    "_children": [
      {
        "__id__": 141
      }
    ],
    "_active": true,
    "_components": [],
    "_prefab": {
      "__id__": 143
    },
    "_lpos": {
      "__type__": "cc.Vec3",
      "x": 0.0413631573319435,
      "y": -7.45058043039037e-11,
      "z": 3.72529007641731e-10
    },
    "_lrot": {
      "__type__": "cc.Quat",
      "x": -0.038445398252376466,
      "y": 0.0348425060881281,
      "z": 0.011752361444219771,
      "w": 0.998583913911695
    },
    "_lscale": {
      "__type__": "cc.Vec3",
      "x": 1.00000011920929,
      "y": 0.999999940395355,
      "z": 1.00000011920929
    },
    "_layer": 1073741824,
    "_euler": {
      "__type__": "cc.Vec3",
      "x": -4.451641561182549,
      "y": 4.043006050286988,
      "z": 1.1914009100898855
    },
    "_id": ""
  },
  {
    "__type__": "cc.Node",
    "_name": "Bip001 L Toe0",
    "_objFlags": 0,
    "_parent": {
      "__id__": 140
    },
    "_children": [],
    "_active": true,
    "_components": [],
    "_prefab": {
      "__id__": 142
    },
    "_lpos": {
      "__type__": "cc.Vec3",
      "x": 0.0137450955808163,
      "y": 0.0128078740090132,
      "z": 1.49011608607807e-10
    },
    "_lrot": {
      "__type__": "cc.Quat",
      "x": 0.00028462271470386917,
      "y": 0.0006166170358026187,
      "z": 0.7028471239233082,
      "w": 0.7113406069992597
    },
    "_lscale": {
      "__type__": "cc.Vec3",
      "x": 1,
      "y": 0.999999940395355,
      "z": 1
    },
    "_layer": 1073741824,
    "_euler": {
      "__type__": "cc.Vec3",
      "x": -2.2019312815360395,
      "y": 2.2749586822323433,
      "z": 89.31125637371538
    },
    "_id": ""
  },
  {
    "__type__": "cc.PrefabInfo",
    "root": {
      "__id__": 1
    },
    "asset": {
      "__id__": 0
    },
    "fileId": "a4+L3iERhSGaPX6jW4cUnt"
  },
  {
    "__type__": "cc.PrefabInfo",
    "root": {
      "__id__": 1
    },
    "asset": {
      "__id__": 0
    },
    "fileId": "dcogewZdFTr4DVUp4ksPFY"
  },
  {
    "__type__": "cc.PrefabInfo",
    "root": {
      "__id__": 1
    },
    "asset": {
      "__id__": 0
    },
    "fileId": "c8oT3KvapUKqU6QhuxfV0X"
  },
  {
    "__type__": "cc.PrefabInfo",
    "root": {
      "__id__": 1
    },
    "asset": {
      "__id__": 0
    },
    "fileId": "dbDnRpor9f+7p5YRzRJBDZ"
  },
  {
    "__type__": "cc.Node",
    "_name": "Bip001 R Thigh",
    "_objFlags": 0,
    "_parent": {
      "__id__": 5
    },
    "_children": [
      {
        "__id__": 147
      }
    ],
    "_active": true,
    "_components": [],
    "_prefab": {
      "__id__": 153
    },
    "_lpos": {
      "__type__": "cc.Vec3",
      "x": -0.00873138383030891,
      "y": -0.00576352700591087,
      "z": -0.00660047680139542
    },
    "_lrot": {
      "__type__": "cc.Quat",
      "x": -0.027144518814898703,
      "y": 0.9974062149819332,
      "z": -0.0014935649958399114,
      "w": -0.06664673043236541
    },
    "_lscale": {
      "__type__": "cc.Vec3",
      "x": 0.999999940395355,
      "y": 0.99999988079071,
      "z": 0.999999940395355
    },
    "_layer": 1073741824,
    "_euler": {
      "__type__": "cc.Vec3",
      "x": 0.3785669148005731,
      "y": -172.34413299946502,
      "z": -3.092559485889887
    },
    "_id": ""
  },
  {
    "__type__": "cc.Node",
    "_name": "Bip001 R Calf",
    "_objFlags": 0,
    "_parent": {
      "__id__": 146
    },
    "_children": [
      {
        "__id__": 148
      }
    ],
    "_active": true,
    "_components": [],
    "_prefab": {
      "__id__": 152
    },
    "_lpos": {
      "__type__": "cc.Vec3",
      "x": 0.038064394146204,
      "y": 8.94069651646845e-10,
      "z": -2.77555749952435e-19
    },
    "_lrot": {
      "__type__": "cc.Quat",
      "x": -6.29557657054737e-18,
      "y": 2.4026342872894912e-17,
      "z": -0.17523160727616338,
      "w": 0.9845272387351264
    },
    "_lscale": {
      "__type__": "cc.Vec3",
      "x": 1,
      "y": 0.999999940395355,
      "z": 1
    },
    "_layer": 1073741824,
    "_euler": {
      "__type__": "cc.Vec3",
      "x": -2.4271261936385633e-16,
      "y": 2.7532861036810223e-15,
      "z": -20.18427299488359
    },
    "_id": ""
  },
  {
    "__type__": "cc.Node",
    "_name": "Bip001 R Foot",
    "_objFlags": 0,
    "_parent": {
      "__id__": 147
    },
    "_children": [
      {
        "__id__": 149
      }
    ],
    "_active": true,
    "_components": [],
    "_prefab": {
      "__id__": 151
    },
    "_lpos": {
      "__type__": "cc.Vec3",
      "x": 0.0413631536066532,
      "y": -1.19209286886246e-9,
      "z": -4.47034825823422e-10
    },
    "_lrot": {
      "__type__": "cc.Quat",
      "x": -0.0016523563115478142,
      "y": -0.04742253078563461,
      "z": 0.13862302546664787,
      "w": 0.9892077790348085
    },
    "_lscale": {
      "__type__": "cc.Vec3",
      "x": 0.999999940395355,
      "y": 1.00000011920929,
      "z": 1.00000011920929
    },
    "_layer": 1073741824,
    "_euler": {
      "__type__": "cc.Vec3",
      "x": 0.5886108348599166,
      "y": -5.5716479177644,
      "z": 15.926896918611295
    },
    "_id": ""
  },
  {
    "__type__": "cc.Node",
    "_name": "Bip001 R Toe0",
    "_objFlags": 0,
    "_parent": {
      "__id__": 148
    },
    "_children": [],
    "_active": true,
    "_components": [],
    "_prefab": {
      "__id__": 150
    },
    "_lpos": {
      "__type__": "cc.Vec3",
      "x": 0.0137450946494937,
      "y": 0.0128078712150455,
      "z": -1.49011608607807e-10
    },
    "_lrot": {
      "__type__": "cc.Quat",
      "x": 0.0000010451974487342501,
      "y": 0.0000019561909963528667,
      "z": 0.7324090588574612,
      "w": 0.6808648694848404
    },
    "_lscale": {
      "__type__": "cc.Vec3",
      "x": 0.99999988079071,
      "y": 1,
      "z": 1
    },
    "_layer": 1073741824,
    "_euler": {
      "__type__": "cc.Vec3",
      "x": -179.99886567287484,
      "y": 179.99910903247715,
      "z": 85.82252803492705
    },
    "_id": ""
  },
  {
    "__type__": "cc.PrefabInfo",
    "root": {
      "__id__": 1
    },
    "asset": {
      "__id__": 0
    },
    "fileId": "71oShgus5ZRIiyqpnKNY5m"
  },
  {
    "__type__": "cc.PrefabInfo",
    "root": {
      "__id__": 1
    },
    "asset": {
      "__id__": 0
    },
    "fileId": "9cV2eToqtZZ60uY2MHJkkN"
  },
  {
    "__type__": "cc.PrefabInfo",
    "root": {
      "__id__": 1
    },
    "asset": {
      "__id__": 0
    },
    "fileId": "4f0VitP4NXWI8qxawWW39o"
  },
  {
    "__type__": "cc.PrefabInfo",
    "root": {
      "__id__": 1
    },
    "asset": {
      "__id__": 0
    },
    "fileId": "0c5B9Y+y1VrpY9dHTPGRTH"
  },
  {
    "__type__": "cc.PrefabInfo",
    "root": {
      "__id__": 1
    },
    "asset": {
      "__id__": 0
    },
    "fileId": "4f6TgtwnBYmpot/g6aQv1A"
  },
  {
    "__type__": "cc.PrefabInfo",
    "root": {
      "__id__": 1
    },
    "asset": {
      "__id__": 0
    },
    "fileId": "0dwaHV25RTQr1MmzMCCO+l"
  },
  {
    "__type__": "cc.PrefabInfo",
    "root": {
      "__id__": 1
    },
    "asset": {
      "__id__": 0
    },
    "fileId": "11/KLQi/1StrYjf1CwHecd"
  },
  {
    "__type__": "cc.PrefabInfo",
    "root": {
      "__id__": 1
    },
    "asset": {
      "__id__": 0
    },
    "fileId": "04k9wgQkFUdZbFcTG8YFgd"
  },
  {
    "__type__": "cc.Animation",
    "_name": "",
    "_objFlags": 0,
    "node": {
      "__id__": 1
    },
    "_enabled": true,
    "__prefab": {
      "__id__": 159
    },
    "playOnLoad": false,
    "_clips": [
      {
        "__uuid__": "def3a8a0-b5ca-48fe-8ce3-0b891d79aae4@86d8e",
        "__expectedType__": "cc.AnimationClip"
      }
    ],
    "_defaultClip": {
      "__uuid__": "def3a8a0-b5ca-48fe-8ce3-0b891d79aae4@86d8e",
      "__expectedType__": "cc.AnimationClip"
    },
    "_id": ""
  },
  {
    "__type__": "cc.CompPrefabInfo",
    "fileId": "eadi0f4udSF7aVlEEw0dNp"
  },
  {
    "__type__": "cc.PrefabInfo",
    "root": {
      "__id__": 1
    },
    "asset": {
      "__id__": 0
    },
    "fileId": "55FvQ2aStcTbciWWFk1r6z"
  }
]