[
  {
    "__type__": "cc.SceneAsset",
    "_name": "scene",
    "_objFlags": 0,
    "_native": "",
    "scene": {
      "__id__": 1
    }
  },
  {
    "__type__": "cc.Scene",
    "_name": "scene",
    "_objFlags": 0,
    "_parent": null,
    "_children": [
      {
        "__id__": 2
      },
      {
        "__id__": 5
      },
      {
        "__id__": 7
      },
      {
        "__id__": 10
      },
      {
        "__id__": 27
      },
      {
        "__id__": 62
      },
      {
        "__id__": 33
      }
    ],
    "_active": true,
    "_components": [],
    "_prefab": null,
    "autoReleaseAssets": false,
    "_globals": {
      "__id__": 102
    },
    "_id": "f2dd1719-ac66-4b94-b56c-def0c7bf8015"
  },
  {
    "__type__": "cc.Node",
    "_name": "Main Light",
    "_objFlags": 0,
    "_parent": {
      "__id__": 1
    },
    "_children": [],
    "_active": true,
    "_components": [
      {
        "__id__": 3
      }
    ],
    "_prefab": null,
    "_lpos": {
      "__type__": "cc.Vec3",
      "x": 0,
      "y": 0,
      "z": 0
    },
    "_lrot": {
      "__type__": "cc.Quat",
      "x": -0.3826834323650898,
      "y": 0,
      "z": 0,
      "w": 0.9238795325112867
    },
    "_lscale": {
      "__type__": "cc.Vec3",
      "x": 1,
      "y": 1,
      "z": 1
    },
    "_layer": 1073741824,
    "_euler": {
      "__type__": "cc.Vec3",
      "x": -45,
      "y": 0,
      "z": 0
    },
    "_id": "c0y6F5f+pAvI805TdmxIjx"
  },
  {
    "__type__": "cc.DirectionalLight",
    "_name": "",
    "_objFlags": 0,
    "node": {
      "__id__": 2
    },
    "_enabled": true,
    "__prefab": null,
    "_color": {
      "__type__": "cc.Color",
      "r": 255,
      "g": 255,
      "b": 255,
      "a": 255
    },
    "_useColorTemperature": false,
    "_colorTemperature": 6550,
    "_staticSettings": {
      "__id__": 4
    },
    "_illuminance": 65000,
    "_id": "597uMYCbhEtJQc0ffJlcgA"
  },
  {
    "__type__": "cc.StaticLightSettings",
    "_baked": false,
    "_editorOnly": false,
    "_bakeable": false,
    "_castShadow": false
  },
  {
    "__type__": "cc.Node",
    "_name": "Main Camera",
    "_objFlags": 0,
    "_parent": {
      "__id__": 1
    },
    "_children": [],
    "_active": true,
    "_components": [
      {
        "__id__": 6
      }
    ],
    "_prefab": null,
    "_lpos": {
      "__type__": "cc.Vec3",
      "x": 0.223,
      "y": 2.965,
      "z": 6.954
    },
    "_lrot": {
      "__type__": "cc.Quat",
      "x": -0.11621137104323129,
      "y": 0,
      "z": 0,
      "w": 0.9932245049535641
    },
    "_lscale": {
      "__type__": "cc.Vec3",
      "x": 1,
      "y": 1,
      "z": 1
    },
    "_layer": 1073741824,
    "_euler": {
      "__type__": "cc.Vec3",
      "x": -13.347,
      "y": 0,
      "z": 0
    },
    "_id": "c9DMICJLFO5IeO07EPon7U"
  },
  {
    "__type__": "cc.Camera",
    "_name": "",
    "_objFlags": 0,
    "node": {
      "__id__": 5
    },
    "_enabled": true,
    "__prefab": null,
    "_projection": 1,
    "_priority": 0,
    "_fov": 45,
    "_fovAxis": 0,
    "_orthoHeight": 10,
    "_near": 1,
    "_far": 1000,
    "_color": {
      "__type__": "cc.Color",
      "r": 51,
      "g": 51,
      "b": 51,
      "a": 255
    },
    "_depth": 1,
    "_stencil": 0,
    "_clearFlags": 14,
    "_rect": {
      "__type__": "cc.Rect",
      "x": 0,
      "y": 0,
      "width": 1,
      "height": 1
    },
    "_aperture": 19,
    "_shutter": 7,
    "_iso": 0,
    "_screenScale": 1,
    "_visibility": 1822425087,
    "_targetTexture": null,
    "_id": "7dWQTpwS5LrIHnc1zAPUtf"
  },
  {
    "__type__": "cc.Node",
    "_name": "Plane",
    "_objFlags": 0,
    "_parent": {
      "__id__": 1
    },
    "_children": [],
    "_active": true,
    "_components": [
      {
        "__id__": 8
      }
    ],
    "_prefab": null,
    "_lpos": {
      "__type__": "cc.Vec3",
      "x": 0,
      "y": 0,
      "z": 0
    },
    "_lrot": {
      "__type__": "cc.Quat",
      "x": 0,
      "y": 0,
      "z": 0,
      "w": 1
    },
    "_lscale": {
      "__type__": "cc.Vec3",
      "x": 5,
      "y": 5,
      "z": 5
    },
    "_layer": 1073741824,
    "_euler": {
      "__type__": "cc.Vec3",
      "x": 0,
      "y": 0,
      "z": 0
    },
    "_id": "9eFmiWneZGRJHVvoCOZmkB"
  },
  {
    "__type__": "cc.MeshRenderer",
    "_name": "Plane<ModelComponent>",
    "_objFlags": 0,
    "node": {
      "__id__": 7
    },
    "_enabled": true,
    "__prefab": null,
    "_materials": [
      {
        "__uuid__": "d3c7820c-2a98-4429-8bc7-b8453bc9ac41",
        "__expectedType__": "cc.Material"
      }
    ],
    "_visFlags": 0,
    "lightmapSettings": {
      "__id__": 9
    },
    "_mesh": {
      "__uuid__": "1263d74c-8167-4928-91a6-4e2672411f47@2e76e",
      "__expectedType__": "cc.Mesh"
    },
    "_shadowCastingMode": 0,
    "_shadowReceivingMode": 0,
    "_enableMorph": true,
    "_id": "be8C7OwRJH27/eb9spJqvF"
  },
  {
    "__type__": "cc.ModelLightmapSettings",
    "texture": null,
    "uvParam": {
      "__type__": "cc.Vec4",
      "x": 0,
      "y": 0,
      "z": 0,
      "w": 0
    },
    "_bakeable": false,
    "_castShadow": false,
    "_receiveShadow": false,
    "_recieveShadow": false,
    "_lightmapSize": 64
  },
  {
    "__type__": "cc.Node",
    "_objFlags": 0,
    "_parent": {
      "__id__": 1
    },
    "_prefab": {
      "__id__": 11
    }
  },
  {
    "__type__": "cc.PrefabInfo",
    "root": {
      "__id__": 10
    },
    "asset": {
      "__uuid__": "239300b5-e817-48bc-a7e1-196f96d2602c@d1932",
      "__expectedType__": "cc.Prefab"
    },
    "fileId": "bf4CEPZVpZAbOIxEUDmEgQ",
    "instance": {
      "__id__": 12
    }
  },
  {
    "__type__": "cc.PrefabInstance",
    "fileId": "3daiMctj5EXo7ajxI8J9xm",
    "mountedChildren": [],
    "mountedComponents": [
      {
        "__id__": 13
      }
    ],
    "propertyOverrides": [
      {
        "__id__": 16
      },
      {
        "__id__": 18
      },
      {
        "__id__": 19
      },
      {
        "__id__": 20
      },
      {
        "__id__": 21
      },
      {
        "__id__": 22
      },
      {
        "__id__": 23
      },
      {
        "__id__": 25
      },
      {
        "__id__": 26
      }
    ],
    "removedComponents": []
  },
  {
    "__type__": "cc.MountedComponentsInfo",
    "targetInfo": {
      "__id__": 14
    },
    "components": [
      {
        "__id__": 15
      }
    ]
  },
  {
    "__type__": "cc.TargetInfo",
    "localID": [
      "bf4CEPZVpZAbOIxEUDmEgQ"
    ]
  },
  {
    "__type__": "12172poVTVMErvfyHz7MZnU",
    "_name": "",
    "_objFlags": 0,
    "__editorExtras__": {
      "mountedRoot": {
        "__id__": 10
      }
    },
    "node": {
      "__id__": 10
    },
    "_enabled": true,
    "__prefab": null,
    "rotationNode": {
      "__id__": 10
    },
    "rotationScale": 0.01,
    "_id": "7dGbGG7eBCN5KsCGH2Qjoy"
  },
  {
    "__type__": "CCPropertyOverrideInfo",
    "targetInfo": {
      "__id__": 17
    },
    "propertyPath": [
      "_lpos"
    ],
    "value": {
      "__type__": "cc.Vec3",
      "x": 0,
      "y": 1.965,
      "z": 0
    }
  },
  {
    "__type__": "cc.TargetInfo",
    "localID": [
      "bf4CEPZVpZAbOIxEUDmEgQ"
    ]
  },
  {
    "__type__": "CCPropertyOverrideInfo",
    "targetInfo": {
      "__id__": 17
    },
    "propertyPath": [
      "_name"
    ],
    "value": "rotation"
  },
  {
    "__type__": "CCPropertyOverrideInfo",
    "targetInfo": {
      "__id__": 17
    },
    "propertyPath": [
      "_lrot"
    ],
    "value": {
      "__type__": "cc.Quat",
      "x": 0,
      "y": 0,
      "z": 0,
      "w": 1
    }
  },
  {
    "__type__": "CCPropertyOverrideInfo",
    "targetInfo": {
      "__id__": 17
    },
    "propertyPath": [
      "_euler"
    ],
    "value": {
      "__type__": "cc.Vec3",
      "x": 0,
      "y": 0,
      "z": 0
    }
  },
  {
    "__type__": "CCPropertyOverrideInfo",
    "targetInfo": {
      "__id__": 17
    },
    "propertyPath": [
      "_lscale"
    ],
    "value": {
      "__type__": "cc.Vec3",
      "x": 0.05,
      "y": 0.05,
      "z": 0.05
    }
  },
  {
    "__type__": "CCPropertyOverrideInfo",
    "targetInfo": {
      "__id__": 17
    },
    "propertyPath": [
      "_active"
    ],
    "value": false
  },
  {
    "__type__": "CCPropertyOverrideInfo",
    "targetInfo": {
      "__id__": 24
    },
    "propertyPath": [
      "lightmapSettings",
      "_castShadow"
    ],
    "value": false
  },
  {
    "__type__": "cc.TargetInfo",
    "localID": [
      "c34e1yUuZbfJBLlFvD7IOb"
    ]
  },
  {
    "__type__": "CCPropertyOverrideInfo",
    "targetInfo": {
      "__id__": 24
    },
    "propertyPath": [
      "_shadowCastingMode"
    ],
    "value": 1
  },
  {
    "__type__": "CCPropertyOverrideInfo",
    "targetInfo": {
      "__id__": 24
    },
    "propertyPath": [
      "_shadowReceivingMode"
    ],
    "value": 0
  },
  {
    "__type__": "cc.Node",
    "_objFlags": 0,
    "_parent": {
      "__id__": 1
    },
    "_prefab": {
      "__id__": 28
    }
  },
  {
    "__type__": "cc.PrefabInfo",
    "root": {
      "__id__": 27
    },
    "asset": {
      "__uuid__": "9dc579dc-db00-456f-9a84-e4ccdbf82e4d@ad95a",
      "__expectedType__": "cc.Prefab"
    },
    "fileId": "ab/we0KOZRhaTAJig4YEnk",
    "instance": {
      "__id__": 29
    }
  },
  {
    "__type__": "cc.PrefabInstance",
    "fileId": "fa3PzbB21MYoPyJM/qDvkB",
    "prefabRootNode": null,
    "mountedChildren": [],
    "mountedComponents": [
      {
        "__id__": 30
      }
    ],
    "propertyOverrides": [
      {
        "__id__": 36
      },
      {
        "__id__": 38
      },
      {
        "__id__": 40
      },
      {
        "__id__": 42
      },
      {
        "__id__": 44
      },
      {
        "__id__": 46
      },
      {
        "__id__": 48
      },
      {
        "__id__": 50
      },
      {
        "__id__": 52
      },
      {
        "__id__": 54
      },
      {
        "__id__": 56
      },
      {
        "__id__": 58
      },
      {
        "__id__": 60
      }
    ],
    "removedComponents": []
  },
  {
    "__type__": "cc.MountedComponentsInfo",
    "targetInfo": {
      "__id__": 31
    },
    "components": [
      {
        "__id__": 32
      }
    ]
  },
  {
    "__type__": "cc.TargetInfo",
    "localID": [
      "ab/we0KOZRhaTAJig4YEnk"
    ]
  },
  {
    "__type__": "1aad4TNB4JI5Kuz6H+dmzyF",
    "_name": "",
    "_objFlags": 0,
    "__editorExtras__": {
      "mountedRoot": {
        "__id__": 27
      }
    },
    "node": {
      "__id__": 27
    },
    "_enabled": true,
    "__prefab": null,
    "rotationNode": {
      "__id__": 27
    },
    "rotationScale": 0.01,
    "targetAxis": {
      "__id__": 33
    },
    "_id": "66kHLBP3pDO4LiM7Nb5Dce"
  },
  {
    "__type__": "cc.Node",
    "_name": "Cone",
    "_objFlags": 0,
    "_parent": {
      "__id__": 1
    },
    "_children": [],
    "_active": true,
    "_components": [
      {
        "__id__": 34
      }
    ],
    "_prefab": null,
    "_lpos": {
      "__type__": "cc.Vec3",
      "x": 0,
      "y": 0,
      "z": 0.608
    },
    "_lrot": {
      "__type__": "cc.Quat",
      "x": 0,
      "y": 0,
      "z": 0,
      "w": 1
    },
    "_lscale": {
      "__type__": "cc.Vec3",
      "x": 1,
      "y": 1,
      "z": 1
    },
    "_layer": 1073741824,
    "_euler": {
      "__type__": "cc.Vec3",
      "x": 0,
      "y": 0,
      "z": 0
    },
    "_id": "09WBvURalOJI87yNK0u4XY"
  },
  {
    "__type__": "cc.MeshRenderer",
    "_name": "Cone<ModelComponent>",
    "_objFlags": 0,
    "node": {
      "__id__": 33
    },
    "_enabled": true,
    "__prefab": null,
    "_materials": [
      {
        "__uuid__": "d3c7820c-2a98-4429-8bc7-b8453bc9ac41",
        "__expectedType__": "cc.Material"
      }
    ],
    "_visFlags": 0,
    "lightmapSettings": {
      "__id__": 35
    },
    "_mesh": {
      "__uuid__": "1263d74c-8167-4928-91a6-4e2672411f47@38fd2",
      "__expectedType__": "cc.Mesh"
    },
    "_shadowCastingMode": 0,
    "_shadowReceivingMode": 1,
    "_enableMorph": true,
    "_id": "0eg+BK3VxGmaOWQ2LChWxn"
  },
  {
    "__type__": "cc.ModelLightmapSettings",
    "texture": null,
    "uvParam": {
      "__type__": "cc.Vec4",
      "x": 0,
      "y": 0,
      "z": 0,
      "w": 0
    },
    "_bakeable": false,
    "_castShadow": false,
    "_receiveShadow": false,
    "_recieveShadow": false,
    "_lightmapSize": 64
  },
  {
    "__type__": "CCPropertyOverrideInfo",
    "targetInfo": {
      "__id__": 37
    },
    "propertyPath": [
      "_name"
    ],
    "value": "rotation-axis"
  },
  {
    "__type__": "cc.TargetInfo",
    "localID": [
      "ab/we0KOZRhaTAJig4YEnk"
    ]
  },
  {
    "__type__": "CCPropertyOverrideInfo",
    "targetInfo": {
      "__id__": 39
    },
    "propertyPath": [
      "_lpos"
    ],
    "value": {
      "__type__": "cc.Vec3",
      "x": 0,
      "y": 0,
      "z": -1.341
    }
  },
  {
    "__type__": "cc.TargetInfo",
    "localID": [
      "ab/we0KOZRhaTAJig4YEnk"
    ]
  },
  {
    "__type__": "CCPropertyOverrideInfo",
    "targetInfo": {
      "__id__": 41
    },
    "propertyPath": [
      "_lrot"
    ],
    "value": {
      "__type__": "cc.Quat",
      "x": 0,
      "y": 0,
      "z": 0,
      "w": 1
    }
  },
  {
    "__type__": "cc.TargetInfo",
    "localID": [
      "ab/we0KOZRhaTAJig4YEnk"
    ]
  },
  {
    "__type__": "CCPropertyOverrideInfo",
    "targetInfo": {
      "__id__": 43
    },
    "propertyPath": [
      "_euler"
    ],
    "value": {
      "__type__": "cc.Vec3",
      "x": 0,
      "y": 0,
      "z": 0
    }
  },
  {
    "__type__": "cc.TargetInfo",
    "localID": [
      "ab/we0KOZRhaTAJig4YEnk"
    ]
  },
  {
    "__type__": "CCPropertyOverrideInfo",
    "targetInfo": {
      "__id__": 45
    },
    "propertyPath": [
      "_clips",
      "length"
    ],
    "value": 1
  },
  {
    "__type__": "cc.TargetInfo",
    "localID": [
      "5ec+jOqUVbTabAiitgl1d9"
    ]
  },
  {
    "__type__": "CCPropertyOverrideInfo",
    "targetInfo": {
      "__id__": 47
    },
    "propertyPath": [
      "_clips",
      "0"
    ],
    "value": {
      "__uuid__": "660f5e54-458a-4f22-85aa-de438049b44e@57146",
      "__expectedType__": "cc.AnimationClip"
    }
  },
  {
    "__type__": "cc.TargetInfo",
    "localID": [
      "5ec+jOqUVbTabAiitgl1d9"
    ]
  },
  {
    "__type__": "CCPropertyOverrideInfo",
    "targetInfo": {
      "__id__": 49
    },
    "propertyPath": [
      "_clips",
      "1"
    ]
  },
  {
    "__type__": "cc.TargetInfo",
    "localID": [
      "5ec+jOqUVbTabAiitgl1d9"
    ]
  },
  {
    "__type__": "CCPropertyOverrideInfo",
    "targetInfo": {
      "__id__": 51
    },
    "propertyPath": [
      "_defaultClip"
    ],
    "value": {
      "__uuid__": "660f5e54-458a-4f22-85aa-de438049b44e@57146",
      "__expectedType__": "cc.AnimationClip"
    }
  },
  {
    "__type__": "cc.TargetInfo",
    "localID": [
      "5ec+jOqUVbTabAiitgl1d9"
    ]
  },
  {
    "__type__": "CCPropertyOverrideInfo",
    "targetInfo": {
      "__id__": 53
    },
    "propertyPath": [
      "playOnLoad"
    ],
    "value": true
  },
  {
    "__type__": "cc.TargetInfo",
    "localID": [
      "5ec+jOqUVbTabAiitgl1d9"
    ]
  },
  {
    "__type__": "CCPropertyOverrideInfo",
    "targetInfo": {
      "__id__": 55
    },
    "propertyPath": [
      "_shadowCastingMode"
    ],
    "value": 1
  },
  {
    "__type__": "cc.TargetInfo",
    "localID": [
      "938k7+VWFcN5Ukl1Za8GdH"
    ]
  },
  {
    "__type__": "CCPropertyOverrideInfo",
    "targetInfo": {
      "__id__": 57
    },
    "propertyPath": [
      "_skinningRoot"
    ],
    "value": {
      "__id__": 27
    }
  },
  {
    "__type__": "cc.TargetInfo",
    "localID": [
      "938k7+VWFcN5Ukl1Za8GdH"
    ]
  },
  {
    "__type__": "CCPropertyOverrideInfo",
    "targetInfo": {
      "__id__": 59
    },
    "propertyPath": [
      "_shadowReceivingMode"
    ],
    "value": 0
  },
  {
    "__type__": "cc.TargetInfo",
    "localID": [
      "938k7+VWFcN5Ukl1Za8GdH"
    ]
  },
  {
    "__type__": "CCPropertyOverrideInfo",
    "targetInfo": {
      "__id__": 61
    },
    "propertyPath": [
      "_active"
    ],
    "value": false
  },
  {
    "__type__": "cc.TargetInfo",
    "localID": [
      "ab/we0KOZRhaTAJig4YEnk"
    ]
  },
  {
    "__type__": "cc.Node",
    "_objFlags": 0,
    "_parent": {
      "__id__": 1
    },
    "_prefab": {
      "__id__": 63
    }
  },
  {
    "__type__": "cc.PrefabInfo",
    "root": {
      "__id__": 62
    },
    "asset": {
      "__uuid__": "9dc579dc-db00-456f-9a84-e4ccdbf82e4d@ad95a",
      "__expectedType__": "cc.Prefab"
    },
    "fileId": "ab/we0KOZRhaTAJig4YEnk",
    "instance": {
      "__id__": 64
    }
  },
  {
    "__type__": "cc.PrefabInstance",
    "fileId": "525lxumqZL46hMryMGhYb7",
    "prefabRootNode": null,
    "mountedChildren": [],
    "mountedComponents": [
      {
        "__id__": 65
      }
    ],
    "propertyOverrides": [
      {
        "__id__": 68
      },
      {
        "__id__": 70
      },
      {
        "__id__": 72
      },
      {
        "__id__": 74
      },
      {
        "__id__": 76
      },
      {
        "__id__": 78
      },
      {
        "__id__": 80
      },
      {
        "__id__": 82
      },
      {
        "__id__": 84
      },
      {
        "__id__": 86
      },
      {
        "__id__": 88
      },
      {
        "__id__": 90
      },
      {
        "__id__": 92
      },
      {
        "__id__": 94
      },
      {
        "__id__": 96
      },
      {
        "__id__": 98
      },
      {
        "__id__": 100
      }
    ],
    "removedComponents": []
  },
  {
    "__type__": "cc.MountedComponentsInfo",
    "targetInfo": {
      "__id__": 66
    },
    "components": [
      {
        "__id__": 67
      }
    ]
  },
  {
    "__type__": "cc.TargetInfo",
    "localID": [
      "ab/we0KOZRhaTAJig4YEnk"
    ]
  },
  {
    "__type__": "5d7fc7IpYtLloMl6PeNYHM5",
    "_name": "",
    "_objFlags": 0,
    "__editorExtras__": {
      "mountedRoot": {
        "__id__": 62
      }
    },
    "node": {
      "__id__": 62
    },
    "_enabled": true,
    "__prefab": null,
    "lerpNode": {
      "__id__": 62
    },
    "speed": 1,
    "_id": "11uouPazxFjZtOCZOoC1AS"
  },
  {
    "__type__": "CCPropertyOverrideInfo",
    "targetInfo": {
      "__id__": 69
    },
    "propertyPath": [
      "_name"
    ],
    "value": "rotation-lerp"
  },
  {
    "__type__": "cc.TargetInfo",
    "localID": [
      "ab/we0KOZRhaTAJig4YEnk"
    ]
  },
  {
    "__type__": "CCPropertyOverrideInfo",
    "targetInfo": {
      "__id__": 71
    },
    "propertyPath": [
      "_lpos"
    ],
    "value": {
      "__type__": "cc.Vec3",
      "x": 0,
      "y": 0,
      "z": 0
    }
  },
  {
    "__type__": "cc.TargetInfo",
    "localID": [
      "ab/we0KOZRhaTAJig4YEnk"
    ]
  },
  {
    "__type__": "CCPropertyOverrideInfo",
    "targetInfo": {
      "__id__": 73
    },
    "propertyPath": [
      "_lrot"
    ],
    "value": {
      "__type__": "cc.Quat",
      "x": 0,
      "y": 0,
      "z": 0,
      "w": 1
    }
  },
  {
    "__type__": "cc.TargetInfo",
    "localID": [
      "ab/we0KOZRhaTAJig4YEnk"
    ]
  },
  {
    "__type__": "CCPropertyOverrideInfo",
    "targetInfo": {
      "__id__": 75
    },
    "propertyPath": [
      "_euler"
    ],
    "value": {
      "__type__": "cc.Vec3",
      "x": 0,
      "y": 0,
      "z": 0
    }
  },
  {
    "__type__": "cc.TargetInfo",
    "localID": [
      "ab/we0KOZRhaTAJig4YEnk"
    ]
  },
  {
    "__type__": "CCPropertyOverrideInfo",
    "targetInfo": {
      "__id__": 77
    },
    "propertyPath": [
      "_clips",
      "length"
    ],
    "value": 1
  },
  {
    "__type__": "cc.TargetInfo",
    "localID": [
      "5ec+jOqUVbTabAiitgl1d9"
    ]
  },
  {
    "__type__": "CCPropertyOverrideInfo",
    "targetInfo": {
      "__id__": 79
    },
    "propertyPath": [
      "_clips",
      "0"
    ],
    "value": {
      "__uuid__": "16aa0b55-2b87-4294-8215-6c919cf4367a@db8f1",
      "__expectedType__": "cc.AnimationClip"
    }
  },
  {
    "__type__": "cc.TargetInfo",
    "localID": [
      "5ec+jOqUVbTabAiitgl1d9"
    ]
  },
  {
    "__type__": "CCPropertyOverrideInfo",
    "targetInfo": {
      "__id__": 81
    },
    "propertyPath": [
      "_defaultClip"
    ],
    "value": {
      "__uuid__": "16aa0b55-2b87-4294-8215-6c919cf4367a@db8f1",
      "__expectedType__": "cc.AnimationClip"
    }
  },
  {
    "__type__": "cc.TargetInfo",
    "localID": [
      "5ec+jOqUVbTabAiitgl1d9"
    ]
  },
  {
    "__type__": "CCPropertyOverrideInfo",
    "targetInfo": {
      "__id__": 83
    },
    "propertyPath": [
      "playOnLoad"
    ],
    "value": true
  },
  {
    "__type__": "cc.TargetInfo",
    "localID": [
      "5ec+jOqUVbTabAiitgl1d9"
    ]
  },
  {
    "__type__": "CCPropertyOverrideInfo",
    "targetInfo": {
      "__id__": 85
    },
    "propertyPath": [
      "lightmapSettings",
      "_castShadow"
    ],
    "value": false
  },
  {
    "__type__": "cc.TargetInfo",
    "localID": [
      "938k7+VWFcN5Ukl1Za8GdH"
    ]
  },
  {
    "__type__": "CCPropertyOverrideInfo",
    "targetInfo": {
      "__id__": 87
    },
    "propertyPath": [
      "_skinningRoot"
    ],
    "value": {
      "__id__": 62
    }
  },
  {
    "__type__": "cc.TargetInfo",
    "localID": [
      "938k7+VWFcN5Ukl1Za8GdH"
    ]
  },
  {
    "__type__": "CCPropertyOverrideInfo",
    "targetInfo": {
      "__id__": 89
    },
    "propertyPath": [
      "_active"
    ],
    "value": true
  },
  {
    "__type__": "cc.TargetInfo",
    "localID": [
      "07AdbjLGRZLL3AS3iLz3m/"
    ]
  },
  {
    "__type__": "CCPropertyOverrideInfo",
    "targetInfo": {
      "__id__": 91
    },
    "propertyPath": [
      "lightmapSettings",
      "_castShadow"
    ],
    "value": false
  },
  {
    "__type__": "cc.TargetInfo",
    "localID": [
      "0dlKcKBUNViLe3moIrrbqX"
    ]
  },
  {
    "__type__": "CCPropertyOverrideInfo",
    "targetInfo": {
      "__id__": 93
    },
    "propertyPath": [
      "_skinningRoot"
    ],
    "value": {
      "__id__": 62
    }
  },
  {
    "__type__": "cc.TargetInfo",
    "localID": [
      "0dlKcKBUNViLe3moIrrbqX"
    ]
  },
  {
    "__type__": "CCPropertyOverrideInfo",
    "targetInfo": {
      "__id__": 95
    },
    "propertyPath": [
      "lightmapSettings",
      "_receiveShadow"
    ],
    "value": false
  },
  {
    "__type__": "cc.TargetInfo",
    "localID": [
      "938k7+VWFcN5Ukl1Za8GdH"
    ]
  },
  {
    "__type__": "CCPropertyOverrideInfo",
    "targetInfo": {
      "__id__": 97
    },
    "propertyPath": [
      "_shadowCastingMode"
    ],
    "value": 1
  },
  {
    "__type__": "cc.TargetInfo",
    "localID": [
      "938k7+VWFcN5Ukl1Za8GdH"
    ]
  },
  {
    "__type__": "CCPropertyOverrideInfo",
    "targetInfo": {
      "__id__": 99
    },
    "propertyPath": [
      "_shadowReceivingMode"
    ],
    "value": 0
  },
  {
    "__type__": "cc.TargetInfo",
    "localID": [
      "938k7+VWFcN5Ukl1Za8GdH"
    ]
  },
  {
    "__type__": "CCPropertyOverrideInfo",
    "targetInfo": {
      "__id__": 101
    },
    "propertyPath": [
      "_active"
    ],
    "value": true
  },
  {
    "__type__": "cc.TargetInfo",
    "localID": [
      "ab/we0KOZRhaTAJig4YEnk"
    ]
  },
  {
    "__type__": "cc.SceneGlobals",
    "ambient": {
      "__id__": 103
    },
    "shadows": {
      "__id__": 104
    },
    "_skybox": {
      "__id__": 105
    },
    "fog": {
      "__id__": 106
    }
  },
  {
    "__type__": "cc.AmbientInfo",
    "_skyColor": {
      "__type__": "cc.Color",
      "r": 51,
      "g": 128,
      "b": 204,
      "a": 1
    },
    "_skyIllum": 20000,
    "_groundAlbedo": {
      "__type__": "cc.Color",
      "r": 51,
      "g": 51,
      "b": 51,
      "a": 255
    }
  },
  {
    "__type__": "cc.ShadowsInfo",
    "_type": 0,
    "_enabled": true,
    "_normal": {
      "__type__": "cc.Vec3",
      "x": 0,
      "y": 1,
      "z": 0
    },
    "_distance": 0,
    "_shadowColor": {
      "__type__": "cc.Color",
      "r": 76,
      "g": 76,
      "b": 76,
      "a": 255
    },
    "_fixedArea": false,
    "_pcf": 0,
    "_bias": 0.00001,
    "_normalBias": 0,
    "_near": 0.1,
    "_far": 10,
    "_shadowDistance": 100,
    "_invisibleOcclusionRange": 200,
    "_orthoSize": 5,
    "_maxReceived": 4,
    "_size": {
      "__type__": "cc.Vec2",
      "x": 512,
      "y": 512
    },
    "_saturation": 0.75
  },
  {
    "__type__": "cc.SkyboxInfo",
    "_envmap": {
      "__uuid__": "c557f2c9-e1cf-4600-9b6d-7435dc74108c",
      "__expectedType__": "cc.TextureCube"
    },
    "_isRGBE": false,
    "_enabled": true,
    "_useIBL": true
  },
  {
    "__type__": "cc.FogInfo",
    "_type": 0,
    "_fogColor": {
      "__type__": "cc.Color",
      "r": 200,
      "g": 200,
      "b": 200,
      "a": 255
    },
    "_enabled": false,
    "_fogDensity": 0.3,
    "_fogStart": 0.5,
    "_fogEnd": 300,
    "_fogAtten": 5,
    "_fogTop": 1.5,
    "_fogRange": 1.2
  }
]