{
  "cce:/internal/x/cc": {
    "mTimestamp": 5793.432500004768,
    "chunkId": "quick-pack:/cce/internal/x/cc.js",
    "imports": [
      {
        "value": "cce:/internal/x/cc-fu/base",
        "rewritten": "__unresolved_0",
        "loc": {
          "start": {
            "line": 1,
            "column": 14
          },
          "end": {
            "line": 1,
            "column": 42
          }
        }
      },
      {
        "value": "cce:/internal/x/cc-fu/gfx-webgl",
        "rewritten": "__unresolved_1",
        "loc": {
          "start": {
            "line": 2,
            "column": 14
          },
          "end": {
            "line": 2,
            "column": 47
          }
        }
      },
      {
        "value": "cce:/internal/x/cc-fu/gfx-webgl2",
        "rewritten": "__unresolved_2",
        "loc": {
          "start": {
            "line": 3,
            "column": 14
          },
          "end": {
            "line": 3,
            "column": 48
          }
        }
      },
      {
        "value": "cce:/internal/x/cc-fu/3d",
        "rewritten": "__unresolved_3",
        "loc": {
          "start": {
            "line": 4,
            "column": 14
          },
          "end": {
            "line": 4,
            "column": 40
          }
        }
      },
      {
        "value": "cce:/internal/x/cc-fu/2d",
        "rewritten": "__unresolved_4",
        "loc": {
          "start": {
            "line": 5,
            "column": 14
          },
          "end": {
            "line": 5,
            "column": 40
          }
        }
      },
      {
        "value": "cce:/internal/x/cc-fu/ui",
        "rewritten": "__unresolved_5",
        "loc": {
          "start": {
            "line": 6,
            "column": 14
          },
          "end": {
            "line": 6,
            "column": 40
          }
        }
      },
      {
        "value": "cce:/internal/x/cc-fu/particle",
        "rewritten": "__unresolved_6",
        "loc": {
          "start": {
            "line": 7,
            "column": 14
          },
          "end": {
            "line": 7,
            "column": 46
          }
        }
      },
      {
        "value": "cce:/internal/x/cc-fu/physics-ammo",
        "rewritten": "__unresolved_7",
        "loc": {
          "start": {
            "line": 8,
            "column": 14
          },
          "end": {
            "line": 8,
            "column": 50
          }
        }
      },
      {
        "value": "cce:/internal/x/cc-fu/physics-framework",
        "rewritten": "__unresolved_8",
        "loc": {
          "start": {
            "line": 9,
            "column": 14
          },
          "end": {
            "line": 9,
            "column": 55
          }
        }
      },
      {
        "value": "cce:/internal/x/cc-fu/wait-for-ammo-instantiation",
        "rewritten": "__unresolved_9",
        "loc": {
          "start": {
            "line": 10,
            "column": 14
          },
          "end": {
            "line": 10,
            "column": 65
          }
        }
      },
      {
        "value": "cce:/internal/x/cc-fu/physics-2d-box2d",
        "rewritten": "__unresolved_10",
        "loc": {
          "start": {
            "line": 11,
            "column": 14
          },
          "end": {
            "line": 11,
            "column": 54
          }
        }
      },
      {
        "value": "cce:/internal/x/cc-fu/physics-2d-framework",
        "rewritten": "__unresolved_11",
        "loc": {
          "start": {
            "line": 12,
            "column": 14
          },
          "end": {
            "line": 12,
            "column": 58
          }
        }
      },
      {
        "value": "cce:/internal/x/cc-fu/intersection-2d",
        "rewritten": "__unresolved_12",
        "loc": {
          "start": {
            "line": 13,
            "column": 14
          },
          "end": {
            "line": 13,
            "column": 53
          }
        }
      },
      {
        "value": "cce:/internal/x/cc-fu/primitive",
        "rewritten": "__unresolved_13",
        "loc": {
          "start": {
            "line": 14,
            "column": 14
          },
          "end": {
            "line": 14,
            "column": 47
          }
        }
      },
      {
        "value": "cce:/internal/x/cc-fu/profiler",
        "rewritten": "__unresolved_14",
        "loc": {
          "start": {
            "line": 15,
            "column": 14
          },
          "end": {
            "line": 15,
            "column": 46
          }
        }
      },
      {
        "value": "cce:/internal/x/cc-fu/particle-2d",
        "rewritten": "__unresolved_15",
        "loc": {
          "start": {
            "line": 16,
            "column": 14
          },
          "end": {
            "line": 16,
            "column": 49
          }
        }
      },
      {
        "value": "cce:/internal/x/cc-fu/audio",
        "rewritten": "__unresolved_16",
        "loc": {
          "start": {
            "line": 17,
            "column": 14
          },
          "end": {
            "line": 17,
            "column": 43
          }
        }
      },
      {
        "value": "cce:/internal/x/cc-fu/video",
        "rewritten": "__unresolved_17",
        "loc": {
          "start": {
            "line": 18,
            "column": 14
          },
          "end": {
            "line": 18,
            "column": 43
          }
        }
      },
      {
        "value": "cce:/internal/x/cc-fu/webview",
        "rewritten": "__unresolved_18",
        "loc": {
          "start": {
            "line": 19,
            "column": 14
          },
          "end": {
            "line": 19,
            "column": 45
          }
        }
      },
      {
        "value": "cce:/internal/x/cc-fu/tween",
        "rewritten": "__unresolved_19",
        "loc": {
          "start": {
            "line": 20,
            "column": 14
          },
          "end": {
            "line": 20,
            "column": 43
          }
        }
      },
      {
        "value": "cce:/internal/x/cc-fu/terrain",
        "rewritten": "__unresolved_20",
        "loc": {
          "start": {
            "line": 21,
            "column": 14
          },
          "end": {
            "line": 21,
            "column": 45
          }
        }
      },
      {
        "value": "cce:/internal/x/cc-fu/tiled-map",
        "rewritten": "__unresolved_21",
        "loc": {
          "start": {
            "line": 22,
            "column": 14
          },
          "end": {
            "line": 22,
            "column": 47
          }
        }
      },
      {
        "value": "cce:/internal/x/cc-fu/spine",
        "rewritten": "__unresolved_22",
        "loc": {
          "start": {
            "line": 23,
            "column": 14
          },
          "end": {
            "line": 23,
            "column": 43
          }
        }
      },
      {
        "value": "cce:/internal/x/cc-fu/dragon-bones",
        "rewritten": "__unresolved_23",
        "loc": {
          "start": {
            "line": 24,
            "column": 14
          },
          "end": {
            "line": 24,
            "column": 50
          }
        }
      }
    ],
    "modLoMetadata": {
      "type": "esm"
    },
    "resolvedImports": [
      {
        "specifierOrURL": "cce:/internal/x/cc-fu/base",
        "isExternal": true
      },
      {
        "specifierOrURL": "cce:/internal/x/cc-fu/gfx-webgl",
        "isExternal": true
      },
      {
        "specifierOrURL": "cce:/internal/x/cc-fu/gfx-webgl2",
        "isExternal": true
      },
      {
        "specifierOrURL": "cce:/internal/x/cc-fu/3d",
        "isExternal": true
      },
      {
        "specifierOrURL": "cce:/internal/x/cc-fu/2d",
        "isExternal": true
      },
      {
        "specifierOrURL": "cce:/internal/x/cc-fu/ui",
        "isExternal": true
      },
      {
        "specifierOrURL": "cce:/internal/x/cc-fu/particle",
        "isExternal": true
      },
      {
        "specifierOrURL": "cce:/internal/x/cc-fu/physics-ammo",
        "isExternal": true
      },
      {
        "specifierOrURL": "cce:/internal/x/cc-fu/physics-framework",
        "isExternal": true
      },
      {
        "specifierOrURL": "cce:/internal/x/cc-fu/wait-for-ammo-instantiation",
        "isExternal": true
      },
      {
        "specifierOrURL": "cce:/internal/x/cc-fu/physics-2d-box2d",
        "isExternal": true
      },
      {
        "specifierOrURL": "cce:/internal/x/cc-fu/physics-2d-framework",
        "isExternal": true
      },
      {
        "specifierOrURL": "cce:/internal/x/cc-fu/intersection-2d",
        "isExternal": true
      },
      {
        "specifierOrURL": "cce:/internal/x/cc-fu/primitive",
        "isExternal": true
      },
      {
        "specifierOrURL": "cce:/internal/x/cc-fu/profiler",
        "isExternal": true
      },
      {
        "specifierOrURL": "cce:/internal/x/cc-fu/particle-2d",
        "isExternal": true
      },
      {
        "specifierOrURL": "cce:/internal/x/cc-fu/audio",
        "isExternal": true
      },
      {
        "specifierOrURL": "cce:/internal/x/cc-fu/video",
        "isExternal": true
      },
      {
        "specifierOrURL": "cce:/internal/x/cc-fu/webview",
        "isExternal": true
      },
      {
        "specifierOrURL": "cce:/internal/x/cc-fu/tween",
        "isExternal": true
      },
      {
        "specifierOrURL": "cce:/internal/x/cc-fu/terrain",
        "isExternal": true
      },
      {
        "specifierOrURL": "cce:/internal/x/cc-fu/tiled-map",
        "isExternal": true
      },
      {
        "specifierOrURL": "cce:/internal/x/cc-fu/spine",
        "isExternal": true
      },
      {
        "specifierOrURL": "cce:/internal/x/cc-fu/dragon-bones",
        "isExternal": true
      }
    ]
  },
  "cce:/internal/x/prerequisite-imports": {
    "mTimestamp": 30967424.56190002,
    "chunkId": "quick-pack:/cce/internal/x/prerequisite-imports.js",
    "imports": [
      {
        "value": "file:///D:/workspace/cocos/rotation/rotation/assets/src/Rotation.ts",
        "rewritten": "__unresolved_0",
        "loc": {
          "start": {
            "line": 4,
            "column": 7
          },
          "end": {
            "line": 4,
            "column": 76
          }
        }
      },
      {
        "value": "file:///D:/workspace/cocos/rotation/rotation/assets/src/RotationAxis.ts",
        "rewritten": "__unresolved_1",
        "loc": {
          "start": {
            "line": 5,
            "column": 7
          },
          "end": {
            "line": 5,
            "column": 80
          }
        }
      },
      {
        "value": "file:///D:/workspace/cocos/rotation/rotation/assets/src/RotationLerp.ts",
        "rewritten": "__unresolved_2",
        "loc": {
          "start": {
            "line": 6,
            "column": 7
          },
          "end": {
            "line": 6,
            "column": 80
          }
        }
      }
    ],
    "modLoMetadata": {
      "type": "esm"
    },
    "resolvedImports": [
      {
        "isExternal": false,
        "url": "file:///D:/workspace/cocos/rotation/rotation/assets/src/Rotation.ts"
      },
      {
        "isExternal": false,
        "url": "file:///D:/workspace/cocos/rotation/rotation/assets/src/RotationAxis.ts"
      },
      {
        "isExternal": false,
        "url": "file:///D:/workspace/cocos/rotation/rotation/assets/src/RotationLerp.ts"
      }
    ]
  },
  "file:///D:/workspace/cocos/rotation/rotation/assets/src/Rotation.ts": {
    "mTimestamp": 1639987584995.7686,
    "chunkId": "assets/src/Rotation.js",
    "imports": [
      {
        "value": "cc"
      },
      {
        "value": "cc",
        "loc": {
          "start": {
            "line": 11,
            "column": 7
          },
          "end": {
            "line": 11,
            "column": 11
          }
        }
      }
    ],
    "modLoMetadata": {
      "type": "esm"
    },
    "resolvedImports": [
      {
        "isExternal": false,
        "url": "cce:/internal/x/cc"
      },
      {
        "isExternal": false,
        "url": "cce:/internal/x/cc"
      }
    ]
  },
  "file:///D:/workspace/cocos/rotation/rotation/assets/src/RotationAxis.ts": {
    "mTimestamp": 1640164191586.8518,
    "chunkId": "assets/src/RotationAxis.js",
    "imports": [
      {
        "value": "cc"
      },
      {
        "value": "cc",
        "loc": {
          "start": {
            "line": 12,
            "column": 7
          },
          "end": {
            "line": 12,
            "column": 11
          }
        }
      }
    ],
    "modLoMetadata": {
      "type": "esm"
    },
    "resolvedImports": [
      {
        "isExternal": false,
        "url": "cce:/internal/x/cc"
      },
      {
        "isExternal": false,
        "url": "cce:/internal/x/cc"
      }
    ]
  },
  "file:///D:/workspace/cocos/rotation/rotation/assets/src/RotationLerp.ts": {
    "mTimestamp": 1640260098370.214,
    "chunkId": "assets/src/RotationLerp.js",
    "imports": [
      {
        "value": "cce:/internal/code-quality/cr.mjs",
        "rewritten": "__unresolved_0"
      },
      {
        "value": "cc"
      },
      {
        "value": "cc",
        "loc": {
          "start": {
            "line": 10,
            "column": 7
          },
          "end": {
            "line": 10,
            "column": 11
          }
        }
      },
      {
        "value": "bezier-js",
        "loc": {
          "start": {
            "line": 12,
            "column": 23
          },
          "end": {
            "line": 12,
            "column": 34
          }
        }
      }
    ],
    "modLoMetadata": {
      "type": "esm"
    },
    "resolvedImports": [
      {
        "isExternal": false,
        "url": "cce:/internal/code-quality/cr.mjs"
      },
      {
        "isExternal": false,
        "url": "cce:/internal/x/cc"
      },
      {
        "isExternal": false,
        "url": "cce:/internal/x/cc"
      },
      {
        "isExternal": false,
        "url": "file:///D:/workspace/cocos/rotation/rotation/node_modules/bezier-js/src/bezier.js"
      }
    ]
  },
  "cce:/internal/code-quality/cr.mjs": {
    "mTimestamp": 1640229133713,
    "chunkId": "quick-pack:/cce/internal/code-quality/cr.js",
    "imports": [],
    "modLoMetadata": {
      "type": "esm"
    },
    "resolvedImports": []
  },
  "file:///D:/workspace/cocos/rotation/rotation/node_modules/bezier-js/src/bezier.js": {
    "mTimestamp": 1639972100118.4446,
    "chunkId": "node_modules/bezier-js/src/bezier.js",
    "imports": [
      {
        "value": "./utils.js",
        "rewritten": "__unresolved_0",
        "loc": {
          "start": {
            "line": 9,
            "column": 22
          },
          "end": {
            "line": 9,
            "column": 34
          }
        }
      },
      {
        "value": "./poly-bezier.js",
        "rewritten": "__unresolved_1",
        "loc": {
          "start": {
            "line": 10,
            "column": 27
          },
          "end": {
            "line": 10,
            "column": 45
          }
        }
      }
    ],
    "modLoMetadata": {
      "type": "esm"
    },
    "resolvedImports": [
      {
        "isExternal": false,
        "url": "file:///D:/workspace/cocos/rotation/rotation/node_modules/bezier-js/src/utils.js"
      },
      {
        "isExternal": false,
        "url": "file:///D:/workspace/cocos/rotation/rotation/node_modules/bezier-js/src/poly-bezier.js"
      }
    ]
  },
  "file:///D:/workspace/cocos/rotation/rotation/node_modules/bezier-js/src/utils.js": {
    "mTimestamp": 1639972100122.4385,
    "chunkId": "node_modules/bezier-js/src/utils.js",
    "imports": [
      {
        "value": "./bezier.js",
        "rewritten": "__unresolved_0",
        "loc": {
          "start": {
            "line": 1,
            "column": 23
          },
          "end": {
            "line": 1,
            "column": 36
          }
        }
      }
    ],
    "modLoMetadata": {
      "type": "esm"
    },
    "resolvedImports": [
      {
        "isExternal": false,
        "url": "file:///D:/workspace/cocos/rotation/rotation/node_modules/bezier-js/src/bezier.js"
      }
    ]
  },
  "file:///D:/workspace/cocos/rotation/rotation/node_modules/bezier-js/src/poly-bezier.js": {
    "mTimestamp": 1639972100120.4336,
    "chunkId": "node_modules/bezier-js/src/poly-bezier.js",
    "imports": [
      {
        "value": "./utils.js",
        "rewritten": "__unresolved_0",
        "loc": {
          "start": {
            "line": 1,
            "column": 22
          },
          "end": {
            "line": 1,
            "column": 34
          }
        }
      }
    ],
    "modLoMetadata": {
      "type": "esm"
    },
    "resolvedImports": [
      {
        "isExternal": false,
        "url": "file:///D:/workspace/cocos/rotation/rotation/node_modules/bezier-js/src/utils.js"
      }
    ]
  }
}
