[
  {
    "__type__": "cc.Prefab",
    "_name": "",
    "_objFlags": 0,
    "_native": "",
    "data": {
      "__id__": 1
    },
    "optimizationPolicy": 0
  },
  {
    "__type__": "cc.Node",
    "_name": "@SkillL",
    "_objFlags": 0,
    "_parent": null,
    "_children": [
      {
        "__id__": 2
      }
    ],
    "_active": true,
    "_components": [
      {
        "__id__": 158
      }
    ],
    "_prefab": {
      "__id__": 160
    },
    "_lpos": {
      "__type__": "cc.Vec3",
      "x": 0,
      "y": 0,
      "z": 0
    },
    "_lrot": {
      "__type__": "cc.Quat",
      "x": 0,
      "y": 0,
      "z": 0,
      "w": 1
    },
    "_lscale": {
      "__type__": "cc.Vec3",
      "x": 1,
      "y": 1,
      "z": 1
    },
    "_layer": 1073741824,
    "_euler": {
      "__type__": "cc.Vec3",
      "x": 0,
      "y": 0,
      "z": 0
    },
    "_id": ""
  },
  {
    "__type__": "cc.Node",
    "_name": "RootNode",
    "_objFlags": 0,
    "_parent": {
      "__id__": 1
    },
    "_children": [
      {
        "__id__": 3
      }
    ],
    "_active": true,
    "_components": [],
    "_prefab": {
      "__id__": 157
    },
    "_lpos": {
      "__type__": "cc.Vec3",
      "x": 0,
      "y": 0,
      "z": 0
    },
    "_lrot": {
      "__type__": "cc.Quat",
      "x": 0,
      "y": 0,
      "z": 0,
      "w": 1
    },
    "_lscale": {
      "__type__": "cc.Vec3",
      "x": 1,
      "y": 1,
      "z": 1
    },
    "_layer": 1073741824,
    "_euler": {
      "__type__": "cc.Vec3",
      "x": 0,
      "y": 0,
      "z": 0
    },
    "_id": ""
  },
  {
    "__type__": "cc.Node",
    "_name": "Bip001",
    "_objFlags": 0,
    "_parent": {
      "__id__": 2
    },
    "_children": [
      {
        "__id__": 4
      }
    ],
    "_active": true,
    "_components": [],
    "_prefab": {
      "__id__": 156
    },
    "_lpos": {
      "__type__": "cc.Vec3",
      "x": 0,
      "y": 0.85999995470047,
      "z": 4.76837129781416e-8
    },
    "_lrot": {
      "__type__": "cc.Quat",
      "x": 0.40640068493891207,
      "y": 0.6352501580302615,
      "z": 0.5475738703842884,
      "w": -0.36257216726616165
    },
    "_lscale": {
      "__type__": "cc.Vec3",
      "x": 10.0000009536743,
      "y": 10.0000009536743,
      "z": 10
    },
    "_layer": 1073741824,
    "_euler": {
      "__type__": "cc.Vec3",
      "x": -85.95695540585925,
      "y": -114.18497359215904,
      "z": 6.849518708120865
    },
    "_id": ""
  },
  {
    "__type__": "cc.Node",
    "_name": "Bip001 Pelvis",
    "_objFlags": 0,
    "_parent": {
      "__id__": 3
    },
    "_children": [
      {
        "__id__": 5
      }
    ],
    "_active": true,
    "_components": [],
    "_prefab": {
      "__id__": 155
    },
    "_lpos": {
      "__type__": "cc.Vec3",
      "x": 0,
      "y": 0,
      "z": 0
    },
    "_lrot": {
      "__type__": "cc.Quat",
      "x": -0.4999996423720031,
      "y": -0.5000003576277411,
      "z": -0.4999996423720031,
      "w": 0.5000003576277411
    },
    "_lscale": {
      "__type__": "cc.Vec3",
      "x": 1,
      "y": 0.99999988079071,
      "z": 0.999999940395355
    },
    "_layer": 1073741824,
    "_euler": {
      "__type__": "cc.Vec3",
      "x": -89.99991803772988,
      "y": -90,
      "z": 0
    },
    "_id": ""
  },
  {
    "__type__": "cc.Node",
    "_name": "Bip001 Spine",
    "_objFlags": 0,
    "_parent": {
      "__id__": 4
    },
    "_children": [
      {
        "__id__": 6
      },
      {
        "__id__": 138
      },
      {
        "__id__": 146
      }
    ],
    "_active": true,
    "_components": [],
    "_prefab": {
      "__id__": 154
    },
    "_lpos": {
      "__type__": "cc.Vec3",
      "x": 0.00876550655812025,
      "y": 0.00118780846241862,
      "z": 0.00000215351587939949
    },
    "_lrot": {
      "__type__": "cc.Quat",
      "x": -0.1088758542985557,
      "y": -0.07755175870749569,
      "z": 0.09702619776125905,
      "w": 0.9862645132114037
    },
    "_lscale": {
      "__type__": "cc.Vec3",
      "x": 1,
      "y": 0.999999940395355,
      "z": 0.999999821186066
    },
    "_layer": 1073741824,
    "_euler": {
      "__type__": "cc.Vec3",
      "x": -11.782054209727907,
      "y": -7.747147797784828,
      "z": 12.02122452141558
    },
    "_id": ""
  },
  {
    "__type__": "cc.Node",
    "_name": "Bip001 Spine1",
    "_objFlags": 0,
    "_parent": {
      "__id__": 5
    },
    "_children": [
      {
        "__id__": 7
      }
    ],
    "_active": true,
    "_components": [],
    "_prefab": {
      "__id__": 137
    },
    "_lpos": {
      "__type__": "cc.Vec3",
      "x": 0.0117084691300988,
      "y": -0.00000929117140913149,
      "z": -1.11022299980974e-18
    },
    "_lrot": {
      "__type__": "cc.Quat",
      "x": 0.00009664416556543165,
      "y": -0.006423417000800907,
      "z": 0.007811092756586793,
      "w": 0.9999488572941555
    },
    "_lscale": {
      "__type__": "cc.Vec3",
      "x": 0.999999821186066,
      "y": 1,
      "z": 1
    },
    "_layer": 1073741824,
    "_euler": {
      "__type__": "cc.Vec3",
      "x": 0.01682559832634249,
      "y": -0.7362283072813659,
      "z": 0.8950047805073196
    },
    "_id": ""
  },
  {
    "__type__": "cc.Node",
    "_name": "Bip001 Spine2",
    "_objFlags": 0,
    "_parent": {
      "__id__": 6
    },
    "_children": [
      {
        "__id__": 8
      },
      {
        "__id__": 100
      },
      {
        "__id__": 112
      },
      {
        "__id__": 122
      }
    ],
    "_active": true,
    "_components": [],
    "_prefab": {
      "__id__": 136
    },
    "_lpos": {
      "__type__": "cc.Vec3",
      "x": 0.0116713522002101,
      "y": -0.0000145292278830311,
      "z": -5.9604643443123e-10
    },
    "_lrot": {
      "__type__": "cc.Quat",
      "x": 0.00019326465492771564,
      "y": -0.012846183922684983,
      "z": 0.015621425534788154,
      "w": 0.9997954337121463
    },
    "_lscale": {
      "__type__": "cc.Vec3",
      "x": 1.00000023841858,
      "y": 1,
      "z": 1.00000011920929
    },
    "_layer": 1073741824,
    "_euler": {
      "__type__": "cc.Vec3",
      "x": 0.045159744239182356,
      "y": -1.4729897975884605,
      "z": 1.789723849268458
    },
    "_id": ""
  },
  {
    "__type__": "cc.Node",
    "_name": "Bip001 Neck",
    "_objFlags": 0,
    "_parent": {
      "__id__": 7
    },
    "_children": [
      {
        "__id__": 9
      },
      {
        "__id__": 47
      },
      {
        "__id__": 89
      }
    ],
    "_active": true,
    "_components": [],
    "_prefab": {
      "__id__": 99
    },
    "_lpos": {
      "__type__": "cc.Vec3",
      "x": 0.0232614036649466,
      "y": -0.00196424964815378,
      "z": -4.8756595560917e-7
    },
    "_lrot": {
      "__type__": "cc.Quat",
      "x": 0.06819330180469087,
      "y": -0.049226209699013534,
      "z": 0.1805427527985292,
      "w": 0.9799646770570726
    },
    "_lscale": {
      "__type__": "cc.Vec3",
      "x": 1,
      "y": 1,
      "z": 1
    },
    "_layer": 1073741824,
    "_euler": {
      "__type__": "cc.Vec3",
      "x": 9.292233275859994,
      "y": -7.41953939698594,
      "z": 20.312315883575543
    },
    "_id": ""
  },
  {
    "__type__": "cc.Node",
    "_name": "Bip001 L Clavicle",
    "_objFlags": 0,
    "_parent": {
      "__id__": 8
    },
    "_children": [
      {
        "__id__": 10
      }
    ],
    "_active": true,
    "_components": [],
    "_prefab": {
      "__id__": 46
    },
    "_lpos": {
      "__type__": "cc.Vec3",
      "x": -0.00477344496175647,
      "y": 0.00162420270498842,
      "z": 0.00550269847735763
    },
    "_lrot": {
      "__type__": "cc.Quat",
      "x": 0.5430235897594184,
      "y": 0.0325837621694566,
      "z": 0.8087647609181516,
      "w": 0.22352458680128262
    },
    "_lscale": {
      "__type__": "cc.Vec3",
      "x": 1.00000011920929,
      "y": 1,
      "z": 1.00000011920929
    },
    "_layer": 1073741824,
    "_euler": {
      "__type__": "cc.Vec3",
      "x": 168.0495894699455,
      "y": -109.76127628884305,
      "z": 23.387341618151297
    },
    "_id": ""
  },
  {
    "__type__": "cc.Node",
    "_name": "Bip001 L UpperArm",
    "_objFlags": 0,
    "_parent": {
      "__id__": 9
    },
    "_children": [
      {
        "__id__": 11
      }
    ],
    "_active": true,
    "_components": [],
    "_prefab": {
      "__id__": 45
    },
    "_lpos": {
      "__type__": "cc.Vec3",
      "x": 0.0112501475960016,
      "y": -1.19209286886246e-9,
      "z": 9.53674295089968e-9
    },
    "_lrot": {
      "__type__": "cc.Quat",
      "x": 0.3982907626375558,
      "y": 0.09000819385992259,
      "z": -0.43947784135716805,
      "w": 0.8000763840982388
    },
    "_lscale": {
      "__type__": "cc.Vec3",
      "x": 0.999999940395355,
      "y": 1,
      "z": 1.00000011920929
    },
    "_layer": 1073741824,
    "_euler": {
      "__type__": "cc.Vec3",
      "x": 67.52126496873525,
      "y": 39.588554012002916,
      "z": -39.16330197523433
    },
    "_id": ""
  },
  {
    "__type__": "cc.Node",
    "_name": "Bip001 L Forearm",
    "_objFlags": 0,
    "_parent": {
      "__id__": 10
    },
    "_children": [
      {
        "__id__": 12
      }
    ],
    "_active": true,
    "_components": [],
    "_prefab": {
      "__id__": 44
    },
    "_lpos": {
      "__type__": "cc.Vec3",
      "x": 0.0209654234349728,
      "y": 1.19209286886246e-9,
      "z": 4.76837147544984e-9
    },
    "_lrot": {
      "__type__": "cc.Quat",
      "x": -6.16908252150365e-17,
      "y": 6.789755256049652e-18,
      "z": -0.5423799712157008,
      "w": 0.8401333030085498
    },
    "_lscale": {
      "__type__": "cc.Vec3",
      "x": 1.00000023841858,
      "y": 1.00000011920929,
      "z": 1.00000011920929
    },
    "_layer": 1073741824,
    "_euler": {
      "__type__": "cc.Vec3",
      "x": -1.3402502689126437e-14,
      "y": -7.726393370319549e-15,
      "z": -65.69160246657219
    },
    "_id": ""
  },
  {
    "__type__": "cc.Node",
    "_name": "Bip001 L Hand",
    "_objFlags": 0,
    "_parent": {
      "__id__": 11
    },
    "_children": [
      {
        "__id__": 13
      },
      {
        "__id__": 19
      },
      {
        "__id__": 25
      },
      {
        "__id__": 31
      },
      {
        "__id__": 37
      }
    ],
    "_active": true,
    "_components": [],
    "_prefab": {
      "__id__": 43
    },
    "_lpos": {
      "__type__": "cc.Vec3",
      "x": 0.0202247835695744,
      "y": -4.76837147544984e-9,
      "z": 1.77635679969558e-17
    },
    "_lrot": {
      "__type__": "cc.Quat",
      "x": -0.8525702485075027,
      "y": 0.04734530743391925,
      "z": 0.02092890659050362,
      "w": 0.5200426656465492
    },
    "_lscale": {
      "__type__": "cc.Vec3",
      "x": 1,
      "y": 1,
      "z": 1.00000011920929
    },
    "_layer": 1073741824,
    "_euler": {
      "__type__": "cc.Vec3",
      "x": -117.09198922307229,
      "y": 4.880504719049274,
      "z": -3.3802659580836294
    },
    "_id": ""
  },
  {
    "__type__": "cc.Node",
    "_name": "Bip001 L Finger0",
    "_objFlags": 0,
    "_parent": {
      "__id__": 12
    },
    "_children": [
      {
        "__id__": 14
      }
    ],
    "_active": true,
    "_components": [],
    "_prefab": {
      "__id__": 18
    },
    "_lpos": {
      "__type__": "cc.Vec3",
      "x": 0.00338960159569979,
      "y": 0.000751838670112193,
      "z": -0.00355531694367528
    },
    "_lrot": {
      "__type__": "cc.Quat",
      "x": 0.45717557757531846,
      "y": 0.4993316773807615,
      "z": -0.027026407120798346,
      "w": 0.7354780353966593
    },
    "_lscale": {
      "__type__": "cc.Vec3",
      "x": 0.999999761581421,
      "y": 1.00000011920929,
      "z": 0.99999988079071
    },
    "_layer": 1073741824,
    "_euler": {
      "__type__": "cc.Vec3",
      "x": 50.309485866131574,
      "y": 56.63839372860319,
      "z": 24.63334244031945
    },
    "_id": ""
  },
  {
    "__type__": "cc.Node",
    "_name": "Bip001 L Finger01",
    "_objFlags": 0,
    "_parent": {
      "__id__": 13
    },
    "_children": [
      {
        "__id__": 15
      }
    ],
    "_active": true,
    "_components": [],
    "_prefab": {
      "__id__": 17
    },
    "_lpos": {
      "__type__": "cc.Vec3",
      "x": 0.00378630147315562,
      "y": -9.53674295089968e-9,
      "z": -1.19209286886246e-9
    },
    "_lrot": {
      "__type__": "cc.Quat",
      "x": 2.9157978955072594e-9,
      "y": -3.925332331399631e-8,
      "z": 0.26150435837952374,
      "w": 0.9652022951425843
    },
    "_lscale": {
      "__type__": "cc.Vec3",
      "x": 0.999999940395355,
      "y": 1.00000011920929,
      "z": 1
    },
    "_layer": 1073741824,
    "_euler": {
      "__type__": "cc.Vec3",
      "x": 0.0000017362348487833911,
      "y": -0.000005130667965211012,
      "z": 30.318688369909832
    },
    "_id": ""
  },
  {
    "__type__": "cc.Node",
    "_name": "Bip001 L Finger02",
    "_objFlags": 0,
    "_parent": {
      "__id__": 14
    },
    "_children": [],
    "_active": true,
    "_components": [],
    "_prefab": {
      "__id__": 16
    },
    "_lpos": {
      "__type__": "cc.Vec3",
      "x": 0.00310072978027165,
      "y": -9.53674295089968e-9,
      "z": -5.55111499904869e-19
    },
    "_lrot": {
      "__type__": "cc.Quat",
      "x": 1.7082264646151144e-9,
      "y": 3.510277966706825e-8,
      "z": 0.4881546541448024,
      "w": 0.8727571447068005
    },
    "_lscale": {
      "__type__": "cc.Vec3",
      "x": 1,
      "y": 1,
      "z": 1
    },
    "_layer": 1073741824,
    "_euler": {
      "__type__": "cc.Vec3",
      "x": -0.000003425139839529774,
      "y": 0.000006524701901899158,
      "z": 58.438728692995916
    },
    "_id": ""
  },
  {
    "__type__": "cc.PrefabInfo",
    "root": {
      "__id__": 1
    },
    "asset": {
      "__id__": 0
    },
    "fileId": "fdTPwxmM5a9LwG7DLsK5IR"
  },
  {
    "__type__": "cc.PrefabInfo",
    "root": {
      "__id__": 1
    },
    "asset": {
      "__id__": 0
    },
    "fileId": "62cEVgPUZfnI+U6VbIkxmr"
  },
  {
    "__type__": "cc.PrefabInfo",
    "root": {
      "__id__": 1
    },
    "asset": {
      "__id__": 0
    },
    "fileId": "73cXBpoitSv5K8Mh5NYm0b"
  },
  {
    "__type__": "cc.Node",
    "_name": "Bip001 L Finger1",
    "_objFlags": 0,
    "_parent": {
      "__id__": 12
    },
    "_children": [
      {
        "__id__": 20
      }
    ],
    "_active": true,
    "_components": [],
    "_prefab": {
      "__id__": 24
    },
    "_lpos": {
      "__type__": "cc.Vec3",
      "x": 0.0100068254396319,
      "y": -0.0000837516781757586,
      "z": -0.00318700773641467
    },
    "_lrot": {
      "__type__": "cc.Quat",
      "x": -0.025882426489735006,
      "y": -0.02844937686961,
      "z": 0.6647795993821091,
      "w": 0.7460488034975306
    },
    "_lscale": {
      "__type__": "cc.Vec3",
      "x": 1,
      "y": 1,
      "z": 1
    },
    "_layer": 1073741824,
    "_euler": {
      "__type__": "cc.Vec3",
      "x": -0.3962733669730203,
      "y": -4.0145330356668785,
      "z": 83.40796159811127
    },
    "_id": ""
  },
  {
    "__type__": "cc.Node",
    "_name": "Bip001 L Finger11",
    "_objFlags": 0,
    "_parent": {
      "__id__": 19
    },
    "_children": [
      {
        "__id__": 21
      }
    ],
    "_active": true,
    "_components": [],
    "_prefab": {
      "__id__": 23
    },
    "_lpos": {
      "__type__": "cc.Vec3",
      "x": 0.00425854185596108,
      "y": 4.76837147544984e-9,
      "z": -9.53674295089968e-9
    },
    "_lrot": {
      "__type__": "cc.Quat",
      "x": -1.9245221224543977e-9,
      "y": -2.0985361279411336e-8,
      "z": 0.6395756686079506,
      "w": 0.7687281470875725
    },
    "_lscale": {
      "__type__": "cc.Vec3",
      "x": 1,
      "y": 1,
      "z": 1
    },
    "_layer": 1073741824,
    "_euler": {
      "__type__": "cc.Vec3",
      "x": 0.000007523868880520393,
      "y": -0.000009388011565407529,
      "z": 79.52037089962427
    },
    "_id": ""
  },
  {
    "__type__": "cc.Node",
    "_name": "Bip001 L Finger12",
    "_objFlags": 0,
    "_parent": {
      "__id__": 20
    },
    "_children": [],
    "_active": true,
    "_components": [],
    "_prefab": {
      "__id__": 22
    },
    "_lpos": {
      "__type__": "cc.Vec3",
      "x": 0.00269485474564135,
      "y": -4.76837147544984e-9,
      "z": 1.90734859017994e-8
    },
    "_lrot": {
      "__type__": "cc.Quat",
      "x": 2.0622124358957685e-8,
      "y": -2.2768778759002152e-8,
      "z": 0.4714968183104367,
      "w": 0.8818677623788809
    },
    "_lscale": {
      "__type__": "cc.Vec3",
      "x": 1.00000011920929,
      "y": 1.00000011920929,
      "z": 1
    },
    "_layer": 1073741824,
    "_euler": {
      "__type__": "cc.Vec3",
      "x": 0.000005967335166371493,
      "y": -0.000006149095852221702,
      "z": 56.2630043822082
    },
    "_id": ""
  },
  {
    "__type__": "cc.PrefabInfo",
    "root": {
      "__id__": 1
    },
    "asset": {
      "__id__": 0
    },
    "fileId": "c98sMo+8dZhL/ykNLFZ5L1"
  },
  {
    "__type__": "cc.PrefabInfo",
    "root": {
      "__id__": 1
    },
    "asset": {
      "__id__": 0
    },
    "fileId": "59PYZtlZFYh5dCcvJkA8jy"
  },
  {
    "__type__": "cc.PrefabInfo",
    "root": {
      "__id__": 1
    },
    "asset": {
      "__id__": 0
    },
    "fileId": "350jQb9LtY+aFDzuxqNJI2"
  },
  {
    "__type__": "cc.Node",
    "_name": "Bip001 L Finger2",
    "_objFlags": 0,
    "_parent": {
      "__id__": 12
    },
    "_children": [
      {
        "__id__": 26
      }
    ],
    "_active": true,
    "_components": [],
    "_prefab": {
      "__id__": 30
    },
    "_lpos": {
      "__type__": "cc.Vec3",
      "x": 0.00977932475507259,
      "y": -0.000283322326140478,
      "z": -0.000841703382320702
    },
    "_lrot": {
      "__type__": "cc.Quat",
      "x": -0.06991916862899805,
      "y": -0.028454081956403563,
      "z": 0.5987302633528853,
      "w": 0.797385569736268
    },
    "_lscale": {
      "__type__": "cc.Vec3",
      "x": 1,
      "y": 1,
      "z": 1
    },
    "_layer": 1073741824,
    "_euler": {
      "__type__": "cc.Vec3",
      "x": -15.820523320638777,
      "y": 7.759484816343626,
      "z": 73.49939096645035
    },
    "_id": ""
  },
  {
    "__type__": "cc.Node",
    "_name": "Bip001 L Finger21",
    "_objFlags": 0,
    "_parent": {
      "__id__": 25
    },
    "_children": [
      {
        "__id__": 27
      }
    ],
    "_active": true,
    "_components": [],
    "_prefab": {
      "__id__": 29
    },
    "_lpos": {
      "__type__": "cc.Vec3",
      "x": 0.00446991669014096,
      "y": -2.38418573772492e-9,
      "z": 0
    },
    "_lrot": {
      "__type__": "cc.Quat",
      "x": -1.632614755486774e-8,
      "y": -1.526621141536767e-8,
      "z": 0.682998776849201,
      "w": 0.7304195170054638
    },
    "_lscale": {
      "__type__": "cc.Vec3",
      "x": 1.00000011920929,
      "y": 1,
      "z": 1.00000011920929
    },
    "_layer": 1073741824,
    "_euler": {
      "__type__": "cc.Vec3",
      "x": -0.0000025613208667465783,
      "y": 7.20082470802849e-14,
      "z": 86.15684963974604
    },
    "_id": ""
  },
  {
    "__type__": "cc.Node",
    "_name": "Bip001 L Finger22",
    "_objFlags": 0,
    "_parent": {
      "__id__": 26
    },
    "_children": [],
    "_active": true,
    "_components": [],
    "_prefab": {
      "__id__": 28
    },
    "_lpos": {
      "__type__": "cc.Vec3",
      "x": 0.00304985046386719,
      "y": 2.38418573772492e-9,
      "z": 0
    },
    "_lrot": {
      "__type__": "cc.Quat",
      "x": 4.224596324440476e-9,
      "y": 1.705677593530481e-8,
      "z": 0.31058347931279995,
      "w": 0.9505461074445338
    },
    "_lscale": {
      "__type__": "cc.Vec3",
      "x": 0.999999940395355,
      "y": 0.999999940395355,
      "z": 0.999999940395355
    },
    "_layer": 1073741824,
    "_euler": {
      "__type__": "cc.Vec3",
      "x": -1.8200587591656765e-7,
      "y": 0.0000021157212141878533,
      "z": 36.18879434470108
    },
    "_id": ""
  },
  {
    "__type__": "cc.PrefabInfo",
    "root": {
      "__id__": 1
    },
    "asset": {
      "__id__": 0
    },
    "fileId": "b5+4YDFQldkY9HsUAIHBvK"
  },
  {
    "__type__": "cc.PrefabInfo",
    "root": {
      "__id__": 1
    },
    "asset": {
      "__id__": 0
    },
    "fileId": "1848at1u1YhbVm/+onOqDE"
  },
  {
    "__type__": "cc.PrefabInfo",
    "root": {
      "__id__": 1
    },
    "asset": {
      "__id__": 0
    },
    "fileId": "77WToe4G9avYQb563I+/oy"
  },
  {
    "__type__": "cc.Node",
    "_name": "Bip001 L Finger3",
    "_objFlags": 0,
    "_parent": {
      "__id__": 12
    },
    "_children": [
      {
        "__id__": 32
      }
    ],
    "_active": true,
    "_components": [],
    "_prefab": {
      "__id__": 36
    },
    "_lpos": {
      "__type__": "cc.Vec3",
      "x": 0.00994965061545372,
      "y": -0.000171351435710676,
      "z": 0.00139929773285985
    },
    "_lrot": {
      "__type__": "cc.Quat",
      "x": -0.1109687630906895,
      "y": 0.008177998619041954,
      "z": 0.6388139240630976,
      "w": 0.761272503365133
    },
    "_lscale": {
      "__type__": "cc.Vec3",
      "x": 0.99999988079071,
      "y": 0.999999940395355,
      "z": 0.999999940395355
    },
    "_layer": 1073741824,
    "_euler": {
      "__type__": "cc.Vec3",
      "x": -48.41364042052796,
      "y": 40.01568828205842,
      "z": 76.12183148936008
    },
    "_id": ""
  },
  {
    "__type__": "cc.Node",
    "_name": "Bip001 L Finger31",
    "_objFlags": 0,
    "_parent": {
      "__id__": 31
    },
    "_children": [
      {
        "__id__": 33
      }
    ],
    "_active": true,
    "_components": [],
    "_prefab": {
      "__id__": 35
    },
    "_lpos": {
      "__type__": "cc.Vec3",
      "x": 0.00389957171864808,
      "y": 0,
      "z": 0
    },
    "_lrot": {
      "__type__": "cc.Quat",
      "x": 2.874388126509489e-8,
      "y": -1.6852668197510112e-8,
      "z": 0.5453950038397943,
      "w": 0.83817915136717
    },
    "_lscale": {
      "__type__": "cc.Vec3",
      "x": 0.999999940395355,
      "y": 1,
      "z": 0.999999940395355
    },
    "_layer": 1073741824,
    "_euler": {
      "__type__": "cc.Vec3",
      "x": 0.000009415353185848129,
      "y": -0.000008430488992628931,
      "z": 66.10332188906192
    },
    "_id": ""
  },
  {
    "__type__": "cc.Node",
    "_name": "Bip001 L Finger32",
    "_objFlags": 0,
    "_parent": {
      "__id__": 32
    },
    "_children": [],
    "_active": true,
    "_components": [],
    "_prefab": {
      "__id__": 34
    },
    "_lpos": {
      "__type__": "cc.Vec3",
      "x": 0.00260700448416173,
      "y": -4.76837147544984e-9,
      "z": 9.53674295089968e-9
    },
    "_lrot": {
      "__type__": "cc.Quat",
      "x": 4.224596324440476e-9,
      "y": 1.705677593530481e-8,
      "z": 0.31058347931279995,
      "w": 0.9505461074445338
    },
    "_lscale": {
      "__type__": "cc.Vec3",
      "x": 1,
      "y": 0.999999940395355,
      "z": 0.999999940395355
    },
    "_layer": 1073741824,
    "_euler": {
      "__type__": "cc.Vec3",
      "x": -1.8200587591656765e-7,
      "y": 0.0000021157212141878533,
      "z": 36.18879434470108
    },
    "_id": ""
  },
  {
    "__type__": "cc.PrefabInfo",
    "root": {
      "__id__": 1
    },
    "asset": {
      "__id__": 0
    },
    "fileId": "30aV+YPRhQWrIHqpRgUvCR"
  },
  {
    "__type__": "cc.PrefabInfo",
    "root": {
      "__id__": 1
    },
    "asset": {
      "__id__": 0
    },
    "fileId": "49MjFERbpRzr5bET4yTVZU"
  },
  {
    "__type__": "cc.PrefabInfo",
    "root": {
      "__id__": 1
    },
    "asset": {
      "__id__": 0
    },
    "fileId": "56zsOJzJBYg6MJpE+mZAKC"
  },
  {
    "__type__": "cc.Node",
    "_name": "Bip001 L Finger4",
    "_objFlags": 0,
    "_parent": {
      "__id__": 12
    },
    "_children": [
      {
        "__id__": 38
      }
    ],
    "_active": true,
    "_components": [],
    "_prefab": {
      "__id__": 42
    },
    "_lpos": {
      "__type__": "cc.Vec3",
      "x": 0.00942856259644032,
      "y": 0.00122400757391006,
      "z": 0.00280827516689897
    },
    "_lrot": {
      "__type__": "cc.Quat",
      "x": -0.13579997675059502,
      "y": 0.02997486163281506,
      "z": 0.5906799546421769,
      "w": 0.7948314696641972
    },
    "_lscale": {
      "__type__": "cc.Vec3",
      "x": 0.999999940395355,
      "y": 0.999999821186066,
      "z": 1
    },
    "_layer": 1073741824,
    "_euler": {
      "__type__": "cc.Vec3",
      "x": -43.44500353275786,
      "y": 34.709481695494446,
      "z": 68.56627158926284
    },
    "_id": ""
  },
  {
    "__type__": "cc.Node",
    "_name": "Bip001 L Finger41",
    "_objFlags": 0,
    "_parent": {
      "__id__": 37
    },
    "_children": [
      {
        "__id__": 39
      }
    ],
    "_active": true,
    "_components": [],
    "_prefab": {
      "__id__": 41
    },
    "_lpos": {
      "__type__": "cc.Vec3",
      "x": 0.00284820795059204,
      "y": 4.44089199923895e-18,
      "z": 9.53674295089968e-9
    },
    "_lrot": {
      "__type__": "cc.Quat",
      "x": -6.24492163391466e-9,
      "y": -4.063509636278347e-9,
      "z": 0.5453950310873863,
      "w": 0.8381791336374277
    },
    "_lscale": {
      "__type__": "cc.Vec3",
      "x": 0.999999940395355,
      "y": 1,
      "z": 0.999999940395355
    },
    "_layer": 1073741824,
    "_euler": {
      "__type__": "cc.Vec3",
      "x": -8.537737515470831e-7,
      "y": 6.851475361920843e-14,
      "z": 66.10332561421338
    },
    "_id": ""
  },
  {
    "__type__": "cc.Node",
    "_name": "Bip001 L Finger42",
    "_objFlags": 0,
    "_parent": {
      "__id__": 38
    },
    "_children": [],
    "_active": true,
    "_components": [],
    "_prefab": {
      "__id__": 40
    },
    "_lpos": {
      "__type__": "cc.Vec3",
      "x": 0.00182515138294548,
      "y": 0,
      "z": 0
    },
    "_lrot": {
      "__type__": "cc.Quat",
      "x": 9.536184415204507e-9,
      "y": 1.8792294196479528e-8,
      "z": 0.31058350624032766,
      "w": 0.950546098646175
    },
    "_lscale": {
      "__type__": "cc.Vec3",
      "x": 1.00000011920929,
      "y": 1.00000011920929,
      "z": 1.00000011920929
    },
    "_layer": 1073741824,
    "_euler": {
      "__type__": "cc.Vec3",
      "x": 4.583240931993962e-7,
      "y": 0.0000021157210456778092,
      "z": 36.18879759090594
    },
    "_id": ""
  },
  {
    "__type__": "cc.PrefabInfo",
    "root": {
      "__id__": 1
    },
    "asset": {
      "__id__": 0
    },
    "fileId": "39lPY9Hq9QEZ9vZXXdIngc"
  },
  {
    "__type__": "cc.PrefabInfo",
    "root": {
      "__id__": 1
    },
    "asset": {
      "__id__": 0
    },
    "fileId": "b8R1JShzpTf68xXFjpWQ3w"
  },
  {
    "__type__": "cc.PrefabInfo",
    "root": {
      "__id__": 1
    },
    "asset": {
      "__id__": 0
    },
    "fileId": "7dGpYmhZBQX4Dh9WB0IEQw"
  },
  {
    "__type__": "cc.PrefabInfo",
    "root": {
      "__id__": 1
    },
    "asset": {
      "__id__": 0
    },
    "fileId": "88rjhi431SVKBEm2LaAdSE"
  },
  {
    "__type__": "cc.PrefabInfo",
    "root": {
      "__id__": 1
    },
    "asset": {
      "__id__": 0
    },
    "fileId": "3c+sJXpG1V8L69ibPtxx0X"
  },
  {
    "__type__": "cc.PrefabInfo",
    "root": {
      "__id__": 1
    },
    "asset": {
      "__id__": 0
    },
    "fileId": "47Grg9bZxUwJhZGH7IlOQN"
  },
  {
    "__type__": "cc.PrefabInfo",
    "root": {
      "__id__": 1
    },
    "asset": {
      "__id__": 0
    },
    "fileId": "87TkxR+QxQjZdIIdmWK2GE"
  },
  {
    "__type__": "cc.Node",
    "_name": "Bip001 R Clavicle",
    "_objFlags": 0,
    "_parent": {
      "__id__": 8
    },
    "_children": [
      {
        "__id__": 48
      }
    ],
    "_active": true,
    "_components": [],
    "_prefab": {
      "__id__": 88
    },
    "_lpos": {
      "__type__": "cc.Vec3",
      "x": -0.00599283212795854,
      "y": 0.000457439426099882,
      "z": -0.00442386604845524
    },
    "_lrot": {
      "__type__": "cc.Quat",
      "x": -0.400613156639354,
      "y": 0.11638564549566748,
      "z": 0.8970840521764584,
      "w": 0.14561484670415506
    },
    "_lscale": {
      "__type__": "cc.Vec3",
      "x": 1.00000011920929,
      "y": 1.00000011920929,
      "z": 1.00000011920929
    },
    "_layer": 1073741824,
    "_euler": {
      "__type__": "cc.Vec3",
      "x": -160.72035660349252,
      "y": 130.22494324702203,
      "z": 9.671919672024872
    },
    "_id": ""
  },
  {
    "__type__": "cc.Node",
    "_name": "Bip001 R UpperArm",
    "_objFlags": 0,
    "_parent": {
      "__id__": 47
    },
    "_children": [
      {
        "__id__": 49
      }
    ],
    "_active": true,
    "_components": [],
    "_prefab": {
      "__id__": 87
    },
    "_lpos": {
      "__type__": "cc.Vec3",
      "x": 0.0112501522526145,
      "y": 0,
      "z": -9.53674295089968e-9
    },
    "_lrot": {
      "__type__": "cc.Quat",
      "x": -0.1783028713775638,
      "y": -0.2624337407203947,
      "z": -0.06770382159159852,
      "w": 0.9459137436002871
    },
    "_lscale": {
      "__type__": "cc.Vec3",
      "x": 0.99999988079071,
      "y": 0.999999940395355,
      "z": 1.00000011920929
    },
    "_layer": 1073741824,
    "_euler": {
      "__type__": "cc.Vec3",
      "x": -21.905440418923337,
      "y": -31.394857648514744,
      "z": -1.9770148444770765
    },
    "_id": ""
  },
  {
    "__type__": "cc.Node",
    "_name": "Bip001 R Forearm",
    "_objFlags": 0,
    "_parent": {
      "__id__": 48
    },
    "_children": [
      {
        "__id__": 50
      }
    ],
    "_active": true,
    "_components": [],
    "_prefab": {
      "__id__": 86
    },
    "_lpos": {
      "__type__": "cc.Vec3",
      "x": 0.0209654327481985,
      "y": 2.38418573772492e-9,
      "z": -8.88178399847791e-18
    },
    "_lrot": {
      "__type__": "cc.Quat",
      "x": 7.168507839848698e-18,
      "y": 3.291056932093123e-17,
      "z": -0.7289283457035702,
      "w": 0.6845899990723325
    },
    "_lscale": {
      "__type__": "cc.Vec3",
      "x": 1,
      "y": 1,
      "z": 1
    },
    "_layer": 1073741824,
    "_euler": {
      "__type__": "cc.Vec3",
      "x": 179.99999999999994,
      "y": 179.99999999999994,
      "z": -86.40674285260317
    },
    "_id": ""
  },
  {
    "__type__": "cc.Node",
    "_name": "Bip001 R Hand",
    "_objFlags": 0,
    "_parent": {
      "__id__": 49
    },
    "_children": [
      {
        "__id__": 51
      },
      {
        "__id__": 57
      },
      {
        "__id__": 63
      },
      {
        "__id__": 69
      },
      {
        "__id__": 75
      },
      {
        "__id__": 81
      }
    ],
    "_active": true,
    "_components": [],
    "_prefab": {
      "__id__": 85
    },
    "_lpos": {
      "__type__": "cc.Vec3",
      "x": 0.0202247928828001,
      "y": -9.53674295089968e-9,
      "z": 0
    },
    "_lrot": {
      "__type__": "cc.Quat",
      "x": 0.8945931230656554,
      "y": -0.11492309018513994,
      "z": -0.1746760166456317,
      "w": 0.3949482456154858
    },
    "_lscale": {
      "__type__": "cc.Vec3",
      "x": 0.999999940395355,
      "y": 0.999999940395355,
      "z": 1
    },
    "_layer": 1073741824,
    "_euler": {
      "__type__": "cc.Vec3",
      "x": 134.78989467152795,
      "y": 13.65803122436143,
      "z": -20.09603980129997
    },
    "_id": ""
  },
  {
    "__type__": "cc.Node",
    "_name": "Bip001 R Finger0",
    "_objFlags": 0,
    "_parent": {
      "__id__": 50
    },
    "_children": [
      {
        "__id__": 52
      }
    ],
    "_active": true,
    "_components": [],
    "_prefab": {
      "__id__": 56
    },
    "_lpos": {
      "__type__": "cc.Vec3",
      "x": 0.00338959926739335,
      "y": 0.000751836283598095,
      "z": 0.00355531694367528
    },
    "_lrot": {
      "__type__": "cc.Quat",
      "x": -0.4571756518201457,
      "y": -0.4993316635685901,
      "z": -0.027026387497170817,
      "w": 0.7354779993443052
    },
    "_lscale": {
      "__type__": "cc.Vec3",
      "x": 0.99999988079071,
      "y": 1.00000011920929,
      "z": 0.999999821186066
    },
    "_layer": 1073741824,
    "_euler": {
      "__type__": "cc.Vec3",
      "x": -50.30949459898402,
      "y": -56.63838972947898,
      "z": 24.63334826011314
    },
    "_id": ""
  },
  {
    "__type__": "cc.Node",
    "_name": "Bip001 R Finger01",
    "_objFlags": 0,
    "_parent": {
      "__id__": 51
    },
    "_children": [
      {
        "__id__": 53
      }
    ],
    "_active": true,
    "_components": [],
    "_prefab": {
      "__id__": 55
    },
    "_lpos": {
      "__type__": "cc.Vec3",
      "x": 0.00378631590865552,
      "y": 0,
      "z": -2.38418573772492e-9
    },
    "_lrot": {
      "__type__": "cc.Quat",
      "x": -1.4010574152717991e-8,
      "y": 2.322125089640079e-8,
      "z": 0.26150441390813317,
      "w": 0.9652022800980957
    },
    "_lscale": {
      "__type__": "cc.Vec3",
      "x": 1,
      "y": 1.00000023841858,
      "z": 1.00000011920929
    },
    "_layer": 1073741824,
    "_euler": {
      "__type__": "cc.Vec3",
      "x": -0.0000026012491886283607,
      "y": 0.0000034616551951348273,
      "z": 30.31869496242414
    },
    "_id": ""
  },
  {
    "__type__": "cc.Node",
    "_name": "Bip001 R Finger02",
    "_objFlags": 0,
    "_parent": {
      "__id__": 52
    },
    "_children": [],
    "_active": true,
    "_components": [],
    "_prefab": {
      "__id__": 54
    },
    "_lpos": {
      "__type__": "cc.Vec3",
      "x": 0.0031007241923362,
      "y": 9.53674295089968e-9,
      "z": 1.19209286886246e-9
    },
    "_lrot": {
      "__type__": "cc.Quat",
      "x": 9.230324144031135e-9,
      "y": -1.2398751026873257e-9,
      "z": 0.48815465414480275,
      "w": 0.8727571447068011
    },
    "_lscale": {
      "__type__": "cc.Vec3",
      "x": 1,
      "y": 1,
      "z": 1.00000011920929
    },
    "_layer": 1073741824,
    "_euler": {
      "__type__": "cc.Vec3",
      "x": 0.0000018961937648663184,
      "y": -0.000001223381600448782,
      "z": 58.43872869299604
    },
    "_id": ""
  },
  {
    "__type__": "cc.PrefabInfo",
    "root": {
      "__id__": 1
    },
    "asset": {
      "__id__": 0
    },
    "fileId": "c64ttxiPFY4ozp92SnMkom"
  },
  {
    "__type__": "cc.PrefabInfo",
    "root": {
      "__id__": 1
    },
    "asset": {
      "__id__": 0
    },
    "fileId": "a376Eqh7hY6LK2Lx4GtOPl"
  },
  {
    "__type__": "cc.PrefabInfo",
    "root": {
      "__id__": 1
    },
    "asset": {
      "__id__": 0
    },
    "fileId": "8fvz5kmRta76IZfglcs74I"
  },
  {
    "__type__": "cc.Node",
    "_name": "Bip001 R Finger1",
    "_objFlags": 0,
    "_parent": {
      "__id__": 50
    },
    "_children": [
      {
        "__id__": 58
      }
    ],
    "_active": true,
    "_components": [],
    "_prefab": {
      "__id__": 62
    },
    "_lpos": {
      "__type__": "cc.Vec3",
      "x": 0.0100068207830191,
      "y": -0.0000837516781757586,
      "z": 0.00318700773641467
    },
    "_lrot": {
      "__type__": "cc.Quat",
      "x": 0.025319960593791446,
      "y": 0.0289511128961093,
      "z": 0.6500321191190076,
      "w": 0.7589327880459888
    },
    "_lscale": {
      "__type__": "cc.Vec3",
      "x": 1.00000011920929,
      "y": 1,
      "z": 1
    },
    "_layer": 1073741824,
    "_euler": {
      "__type__": "cc.Vec3",
      "x": 0.2961049516897039,
      "y": 4.1155975536790335,
      "z": 81.16228304279963
    },
    "_id": ""
  },
  {
    "__type__": "cc.Node",
    "_name": "Bip001 R Finger11",
    "_objFlags": 0,
    "_parent": {
      "__id__": 57
    },
    "_children": [
      {
        "__id__": 59
      }
    ],
    "_active": true,
    "_components": [],
    "_prefab": {
      "__id__": 61
    },
    "_lpos": {
      "__type__": "cc.Vec3",
      "x": 0.00425854418426752,
      "y": 0,
      "z": 0
    },
    "_lrot": {
      "__type__": "cc.Quat",
      "x": 1.1169436008867923e-8,
      "y": 1.003781676954343e-8,
      "z": 0.5710084421010305,
      "w": 0.8209441875361283
    },
    "_lscale": {
      "__type__": "cc.Vec3",
      "x": 0.999999940395355,
      "y": 1,
      "z": 1
    },
    "_layer": 1073741824,
    "_euler": {
      "__type__": "cc.Vec3",
      "x": 0.0000011323510725762002,
      "y": 6.135216725139779e-7,
      "z": 69.64115492921454
    },
    "_id": ""
  },
  {
    "__type__": "cc.Node",
    "_name": "Bip001 R Finger12",
    "_objFlags": 0,
    "_parent": {
      "__id__": 58
    },
    "_children": [],
    "_active": true,
    "_components": [],
    "_prefab": {
      "__id__": 60
    },
    "_lpos": {
      "__type__": "cc.Vec3",
      "x": 0.00269486173056066,
      "y": 4.44089199923895e-18,
      "z": -1.90734859017994e-8
    },
    "_lrot": {
      "__type__": "cc.Quat",
      "x": 3.6323664528904384e-9,
      "y": -6.505156938634817e-9,
      "z": 0.48752794276805045,
      "w": 0.8731073845870007
    },
    "_lscale": {
      "__type__": "cc.Vec3",
      "x": 1,
      "y": 1,
      "z": 1
    },
    "_layer": 1073741824,
    "_euler": {
      "__type__": "cc.Vec3",
      "x": 0.000001385429130125391,
      "y": -0.0000016273731204794494,
      "z": 58.35645904442734
    },
    "_id": ""
  },
  {
    "__type__": "cc.PrefabInfo",
    "root": {
      "__id__": 1
    },
    "asset": {
      "__id__": 0
    },
    "fileId": "d67YgrtTReTazwpB+2UdVY"
  },
  {
    "__type__": "cc.PrefabInfo",
    "root": {
      "__id__": 1
    },
    "asset": {
      "__id__": 0
    },
    "fileId": "36uE/DbhxRQ6Mo6nOLkBkR"
  },
  {
    "__type__": "cc.PrefabInfo",
    "root": {
      "__id__": 1
    },
    "asset": {
      "__id__": 0
    },
    "fileId": "a99nVuGOZd3oW5oRs810VL"
  },
  {
    "__type__": "cc.Node",
    "_name": "Bip001 R Finger2",
    "_objFlags": 0,
    "_parent": {
      "__id__": 50
    },
    "_children": [
      {
        "__id__": 64
      }
    ],
    "_active": true,
    "_components": [],
    "_prefab": {
      "__id__": 68
    },
    "_lpos": {
      "__type__": "cc.Vec3",
      "x": 0.00977932196110487,
      "y": -0.000283322326140478,
      "z": 0.000841703382320702
    },
    "_lrot": {
      "__type__": "cc.Quat",
      "x": 0.07254341105606209,
      "y": 0.020875304537109327,
      "z": 0.679950999097488,
      "w": 0.7293615797388575
    },
    "_lscale": {
      "__type__": "cc.Vec3",
      "x": 1,
      "y": 0.99999988079071,
      "z": 0.99999988079071
    },
    "_layer": 1073741824,
    "_euler": {
      "__type__": "cc.Vec3",
      "x": 50.07185233994819,
      "y": -42.48704920431881,
      "z": 84.20470346804859
    },
    "_id": ""
  },
  {
    "__type__": "cc.Node",
    "_name": "Bip001 R Finger21",
    "_objFlags": 0,
    "_parent": {
      "__id__": 63
    },
    "_children": [
      {
        "__id__": 65
      }
    ],
    "_active": true,
    "_components": [],
    "_prefab": {
      "__id__": 67
    },
    "_lpos": {
      "__type__": "cc.Vec3",
      "x": 0.0044699190184474,
      "y": -4.76837147544984e-9,
      "z": 9.53674295089968e-9
    },
    "_lrot": {
      "__type__": "cc.Quat",
      "x": 2.092364367827824e-8,
      "y": -2.5080544806495394e-9,
      "z": 0.6179245833177022,
      "w": 0.7862373746723338
    },
    "_lscale": {
      "__type__": "cc.Vec3",
      "x": 1.00000011920929,
      "y": 1,
      "z": 0.999999940395355
    },
    "_layer": 1073741824,
    "_euler": {
      "__type__": "cc.Vec3",
      "x": 0.000008727877505231384,
      "y": -0.000007225008790882805,
      "z": 76.32946889342969
    },
    "_id": ""
  },
  {
    "__type__": "cc.Node",
    "_name": "Bip001 R Finger22",
    "_objFlags": 0,
    "_parent": {
      "__id__": 64
    },
    "_children": [],
    "_active": true,
    "_components": [],
    "_prefab": {
      "__id__": 66
    },
    "_lpos": {
      "__type__": "cc.Vec3",
      "x": 0.00304984929971397,
      "y": 4.76837147544984e-9,
      "z": -9.53674295089968e-9
    },
    "_lrot": {
      "__type__": "cc.Quat",
      "x": -1.3597366819084063e-8,
      "y": 9.626392149822856e-9,
      "z": 0.4715965698983046,
      "w": 0.8818144222341533
    },
    "_lscale": {
      "__type__": "cc.Vec3",
      "x": 0.99999988079071,
      "y": 0.999999940395355,
      "z": 0.999999940395355
    },
    "_layer": 1073741824,
    "_euler": {
      "__type__": "cc.Vec3",
      "x": -0.0000034118079771962814,
      "y": 0.0000030755906855906613,
      "z": 56.2759666835307
    },
    "_id": ""
  },
  {
    "__type__": "cc.PrefabInfo",
    "root": {
      "__id__": 1
    },
    "asset": {
      "__id__": 0
    },
    "fileId": "3bQlwX1aRRyZlb2gYmfbTp"
  },
  {
    "__type__": "cc.PrefabInfo",
    "root": {
      "__id__": 1
    },
    "asset": {
      "__id__": 0
    },
    "fileId": "67OoLS/lFc+6LyEZDJSgnf"
  },
  {
    "__type__": "cc.PrefabInfo",
    "root": {
      "__id__": 1
    },
    "asset": {
      "__id__": 0
    },
    "fileId": "d4zHH9P7RY35wu5bDhgJK5"
  },
  {
    "__type__": "cc.Node",
    "_name": "Bip001 R Finger3",
    "_objFlags": 0,
    "_parent": {
      "__id__": 50
    },
    "_children": [
      {
        "__id__": 70
      }
    ],
    "_active": true,
    "_components": [],
    "_prefab": {
      "__id__": 74
    },
    "_lpos": {
      "__type__": "cc.Vec3",
      "x": 0.00994965247809887,
      "y": -0.00017135261441581,
      "z": -0.00139929773285985
    },
    "_lrot": {
      "__type__": "cc.Quat",
      "x": 0.1094747641067005,
      "y": -0.0199052786105622,
      "z": 0.7159769589511602,
      "w": 0.6891995720821851
    },
    "_lscale": {
      "__type__": "cc.Vec3",
      "x": 1,
      "y": 0.999999940395355,
      "z": 0.999999940395355
    },
    "_layer": 1073741824,
    "_euler": {
      "__type__": "cc.Vec3",
      "x": 105.34047722806427,
      "y": -98.04599185388079,
      "z": 79.27872155003548
    },
    "_id": ""
  },
  {
    "__type__": "cc.Node",
    "_name": "Bip001 R Finger31",
    "_objFlags": 0,
    "_parent": {
      "__id__": 69
    },
    "_children": [
      {
        "__id__": 71
      }
    ],
    "_active": true,
    "_components": [],
    "_prefab": {
      "__id__": 73
    },
    "_lpos": {
      "__type__": "cc.Vec3",
      "x": 0.00389957171864808,
      "y": -4.44089199923895e-18,
      "z": 0
    },
    "_lrot": {
      "__type__": "cc.Quat",
      "x": -3.513668031215529e-9,
      "y": 6.570029424385382e-9,
      "z": 0.4715965698983046,
      "w": 0.8818144222341533
    },
    "_lscale": {
      "__type__": "cc.Vec3",
      "x": 1,
      "y": 0.999999940395355,
      "z": 0.999999940395355
    },
    "_layer": 1073741824,
    "_euler": {
      "__type__": "cc.Vec3",
      "x": -0.0000012790169685858032,
      "y": 0.0000015377951365086757,
      "z": 56.27596668353072
    },
    "_id": ""
  },
  {
    "__type__": "cc.Node",
    "_name": "Bip001 R Finger32",
    "_objFlags": 0,
    "_parent": {
      "__id__": 70
    },
    "_children": [],
    "_active": true,
    "_components": [],
    "_prefab": {
      "__id__": 72
    },
    "_lpos": {
      "__type__": "cc.Vec3",
      "x": 0.00260700820945203,
      "y": 4.76837147544984e-9,
      "z": -9.53674295089968e-9
    },
    "_lrot": {
      "__type__": "cc.Quat",
      "x": 7.027336506520279e-9,
      "y": -1.3140058848770803e-8,
      "z": 0.4715965698983046,
      "w": 0.8818144222341533
    },
    "_lscale": {
      "__type__": "cc.Vec3",
      "x": 1,
      "y": 1,
      "z": 0.999999940395355
    },
    "_layer": 1073741824,
    "_euler": {
      "__type__": "cc.Vec3",
      "x": 0.0000025580340179984875,
      "y": -0.0000030755903162437747,
      "z": 56.2759666835307
    },
    "_id": ""
  },
  {
    "__type__": "cc.PrefabInfo",
    "root": {
      "__id__": 1
    },
    "asset": {
      "__id__": 0
    },
    "fileId": "e8k+076AtXSrjXEgSvCvw8"
  },
  {
    "__type__": "cc.PrefabInfo",
    "root": {
      "__id__": 1
    },
    "asset": {
      "__id__": 0
    },
    "fileId": "6fDZJeYm5acLyPPyTZx/AE"
  },
  {
    "__type__": "cc.PrefabInfo",
    "root": {
      "__id__": 1
    },
    "asset": {
      "__id__": 0
    },
    "fileId": "19eqOXMBxblp0RDgDI0cjO"
  },
  {
    "__type__": "cc.Node",
    "_name": "Bip001 R Finger4",
    "_objFlags": 0,
    "_parent": {
      "__id__": 50
    },
    "_children": [
      {
        "__id__": 76
      }
    ],
    "_active": true,
    "_components": [],
    "_prefab": {
      "__id__": 80
    },
    "_lpos": {
      "__type__": "cc.Vec3",
      "x": 0.00942856073379517,
      "y": 0.00122400640975684,
      "z": -0.00280828471295536
    },
    "_lrot": {
      "__type__": "cc.Quat",
      "x": 0.1318531923636403,
      "y": -0.04421358160189996,
      "z": 0.6716752017615107,
      "w": 0.7276759706106027
    },
    "_lscale": {
      "__type__": "cc.Vec3",
      "x": 0.999999940395355,
      "y": 0.99999988079071,
      "z": 0.999999940395355
    },
    "_layer": 1073741824,
    "_euler": {
      "__type__": "cc.Vec3",
      "x": 75.93960942287842,
      "y": -68.77224485902137,
      "z": 74.98640894452816
    },
    "_id": ""
  },
  {
    "__type__": "cc.Node",
    "_name": "Bip001 R Finger41",
    "_objFlags": 0,
    "_parent": {
      "__id__": 75
    },
    "_children": [
      {
        "__id__": 77
      }
    ],
    "_active": true,
    "_components": [],
    "_prefab": {
      "__id__": 79
    },
    "_lpos": {
      "__type__": "cc.Vec3",
      "x": 0.00284821493551135,
      "y": 0,
      "z": 0
    },
    "_lrot": {
      "__type__": "cc.Quat",
      "x": 3.5136680805989847e-9,
      "y": -6.570029960814215e-9,
      "z": 0.47159654672411677,
      "w": 0.8818144346277668
    },
    "_lscale": {
      "__type__": "cc.Vec3",
      "x": 1,
      "y": 1.00000011920929,
      "z": 1
    },
    "_layer": 1073741824,
    "_euler": {
      "__type__": "cc.Vec3",
      "x": 0.0000012790169066423678,
      "y": -0.000001537795117864036,
      "z": 56.27596367205094
    },
    "_id": ""
  },
  {
    "__type__": "cc.Node",
    "_name": "Bip001 R Finger42",
    "_objFlags": 0,
    "_parent": {
      "__id__": 76
    },
    "_children": [],
    "_active": true,
    "_components": [],
    "_prefab": {
      "__id__": 78
    },
    "_lpos": {
      "__type__": "cc.Vec3",
      "x": 0.00182514428161085,
      "y": -4.76837147544984e-9,
      "z": 0
    },
    "_lrot": {
      "__type__": "cc.Quat",
      "x": -6.773288485449544e-17,
      "y": -2.0485950422044735e-17,
      "z": 0.47159654672411677,
      "w": 0.8818144346277668
    },
    "_lscale": {
      "__type__": "cc.Vec3",
      "x": 1,
      "y": 1,
      "z": 1
    },
    "_layer": 1073741824,
    "_euler": {
      "__type__": "cc.Vec3",
      "x": -1.0333741260085114e-14,
      "y": 2.8643664662487103e-15,
      "z": 56.27596367205094
    },
    "_id": ""
  },
  {
    "__type__": "cc.PrefabInfo",
    "root": {
      "__id__": 1
    },
    "asset": {
      "__id__": 0
    },
    "fileId": "b0yQdSUWpcxpZROkbZNlti"
  },
  {
    "__type__": "cc.PrefabInfo",
    "root": {
      "__id__": 1
    },
    "asset": {
      "__id__": 0
    },
    "fileId": "ceEg5DKTpYlLJkTvKFywfc"
  },
  {
    "__type__": "cc.PrefabInfo",
    "root": {
      "__id__": 1
    },
    "asset": {
      "__id__": 0
    },
    "fileId": "a2FrRWlPNfYIEycfKfOEFa"
  },
  {
    "__type__": "cc.Node",
    "_name": "Bone023",
    "_objFlags": 0,
    "_parent": {
      "__id__": 50
    },
    "_children": [
      {
        "__id__": 82
      }
    ],
    "_active": true,
    "_components": [],
    "_prefab": {
      "__id__": 84
    },
    "_lpos": {
      "__type__": "cc.Vec3",
      "x": 0.00650710798799992,
      "y": 0.00313012232072651,
      "z": -0.00383913982659578
    },
    "_lrot": {
      "__type__": "cc.Quat",
      "x": 0.5698965827839755,
      "y": -0.4388094277149895,
      "z": 0.3340079509785474,
      "w": 0.6091821236401338
    },
    "_lscale": {
      "__type__": "cc.Vec3",
      "x": 1.00000011920929,
      "y": 1.00000023841858,
      "z": 1.00000011920929
    },
    "_layer": 1073741824,
    "_euler": {
      "__type__": "cc.Vec3",
      "x": 82.65348559269526,
      "y": -66.82860761950195,
      "z": -5.34822498354785
    },
    "_id": ""
  },
  {
    "__type__": "cc.Node",
    "_name": "Bone024",
    "_objFlags": 0,
    "_parent": {
      "__id__": 81
    },
    "_children": [],
    "_active": true,
    "_components": [],
    "_prefab": {
      "__id__": 83
    },
    "_lpos": {
      "__type__": "cc.Vec3",
      "x": 0.0920803993940353,
      "y": 2.98023223876953e-8,
      "z": -4.76837147544984e-9
    },
    "_lrot": {
      "__type__": "cc.Quat",
      "x": 1.1175870895385698e-8,
      "y": 1.4901161193847696e-8,
      "z": -1.4571677198205197e-16,
      "w": 0.9999999999999998
    },
    "_lscale": {
      "__type__": "cc.Vec3",
      "x": 1,
      "y": 1,
      "z": 1
    },
    "_layer": 1073741824,
    "_euler": {
      "__type__": "cc.Vec3",
      "x": 0.0000012806604693773857,
      "y": 0.0000017075472925031922,
      "z": 2.3854160110975954e-15
    },
    "_id": ""
  },
  {
    "__type__": "cc.PrefabInfo",
    "root": {
      "__id__": 1
    },
    "asset": {
      "__id__": 0
    },
    "fileId": "9fX3IQ5KZfoqOjlDu5/Crd"
  },
  {
    "__type__": "cc.PrefabInfo",
    "root": {
      "__id__": 1
    },
    "asset": {
      "__id__": 0
    },
    "fileId": "4bi2TQG9VXz5VUGTVj93pS"
  },
  {
    "__type__": "cc.PrefabInfo",
    "root": {
      "__id__": 1
    },
    "asset": {
      "__id__": 0
    },
    "fileId": "0cXpgjk5tQP6HYVswFtDoy"
  },
  {
    "__type__": "cc.PrefabInfo",
    "root": {
      "__id__": 1
    },
    "asset": {
      "__id__": 0
    },
    "fileId": "f5NjGxn4dVI6p9AsigWGNQ"
  },
  {
    "__type__": "cc.PrefabInfo",
    "root": {
      "__id__": 1
    },
    "asset": {
      "__id__": 0
    },
    "fileId": "3cqQsBIsZaQI2O326yo/ve"
  },
  {
    "__type__": "cc.PrefabInfo",
    "root": {
      "__id__": 1
    },
    "asset": {
      "__id__": 0
    },
    "fileId": "d9e3lIaj1QNKssGsSy0nwN"
  },
  {
    "__type__": "cc.Node",
    "_name": "Bip001 Head",
    "_objFlags": 0,
    "_parent": {
      "__id__": 8
    },
    "_children": [
      {
        "__id__": 90
      }
    ],
    "_active": true,
    "_components": [],
    "_prefab": {
      "__id__": 98
    },
    "_lpos": {
      "__type__": "cc.Vec3",
      "x": 0.00533299427479506,
      "y": 0,
      "z": -2.38418573772492e-9
    },
    "_lrot": {
      "__type__": "cc.Quat",
      "x": 0.2693725296868875,
      "y": -0.028621679900383373,
      "z": -0.10929663012445993,
      "w": 0.9563856368292049
    },
    "_lscale": {
      "__type__": "cc.Vec3",
      "x": 1,
      "y": 1.00000011920929,
      "z": 1.00000011920929
    },
    "_layer": 1073741824,
    "_euler": {
      "__type__": "cc.Vec3",
      "x": 31.488120613946233,
      "y": 0.24319953394164034,
      "z": -12.972257679890893
    },
    "_id": ""
  },
  {
    "__type__": "cc.Node",
    "_name": "Bone019",
    "_objFlags": 0,
    "_parent": {
      "__id__": 89
    },
    "_children": [
      {
        "__id__": 91
      }
    ],
    "_active": true,
    "_components": [],
    "_prefab": {
      "__id__": 97
    },
    "_lpos": {
      "__type__": "cc.Vec3",
      "x": 0.0198721792548895,
      "y": 0.00404580356553197,
      "z": -0.00165447243489325
    },
    "_lrot": {
      "__type__": "cc.Quat",
      "x": -0.48171094555286553,
      "y": 0.5250506455052857,
      "z": 0.4708457637566451,
      "w": 0.520173674210324
    },
    "_lscale": {
      "__type__": "cc.Vec3",
      "x": 0.999999940395355,
      "y": 1,
      "z": 1
    },
    "_layer": 1073741824,
    "_euler": {
      "__type__": "cc.Vec3",
      "x": -84.6908551819911,
      "y": 89.69903274399351,
      "z": -0.9168944473497699
    },
    "_id": ""
  },
  {
    "__type__": "cc.Node",
    "_name": "Bone020",
    "_objFlags": 0,
    "_parent": {
      "__id__": 90
    },
    "_children": [
      {
        "__id__": 92
      }
    ],
    "_active": true,
    "_components": [],
    "_prefab": {
      "__id__": 96
    },
    "_lpos": {
      "__type__": "cc.Vec3",
      "x": 0.00768426759168506,
      "y": -1.90734859017994e-8,
      "z": -4.44089199923895e-18
    },
    "_lrot": {
      "__type__": "cc.Quat",
      "x": -0.2486610461654012,
      "y": -0.06414466477816566,
      "z": 0.3758455291032173,
      "w": 0.8903894004049844
    },
    "_lscale": {
      "__type__": "cc.Vec3",
      "x": 0.99999988079071,
      "y": 0.99999988079071,
      "z": 1
    },
    "_layer": 1073741824,
    "_euler": {
      "__type__": "cc.Vec3",
      "x": -33.604228831387104,
      "y": 5.851625732135566,
      "z": 44.52322377755516
    },
    "_id": ""
  },
  {
    "__type__": "cc.Node",
    "_name": "Bone021",
    "_objFlags": 0,
    "_parent": {
      "__id__": 91
    },
    "_children": [
      {
        "__id__": 93
      }
    ],
    "_active": true,
    "_components": [],
    "_prefab": {
      "__id__": 95
    },
    "_lpos": {
      "__type__": "cc.Vec3",
      "x": 0.00801310501992702,
      "y": 1.77635679969558e-17,
      "z": 9.53674295089968e-9
    },
    "_lrot": {
      "__type__": "cc.Quat",
      "x": 0.015156564467470171,
      "y": 0.03238831868205884,
      "z": 0.3304410314710817,
      "w": 0.9431489808544674
    },
    "_lscale": {
      "__type__": "cc.Vec3",
      "x": 1.00000023841858,
      "y": 1.00000023841858,
      "z": 1
    },
    "_layer": 1073741824,
    "_euler": {
      "__type__": "cc.Vec3",
      "x": 0.5269804571582226,
      "y": 3.748895920710703,
      "z": 38.63024358102381
    },
    "_id": ""
  },
  {
    "__type__": "cc.Node",
    "_name": "Bone022",
    "_objFlags": 0,
    "_parent": {
      "__id__": 92
    },
    "_children": [],
    "_active": true,
    "_components": [],
    "_prefab": {
      "__id__": 94
    },
    "_lpos": {
      "__type__": "cc.Vec3",
      "x": 0.00787744484841824,
      "y": 7.15255721317476e-9,
      "z": 9.53674295089968e-9
    },
    "_lrot": {
      "__type__": "cc.Quat",
      "x": 5.1688399338445227e-8,
      "y": -4.470347647611545e-8,
      "z": 4.516914131613685e-8,
      "w": 0.9999999999999967
    },
    "_lscale": {
      "__type__": "cc.Vec3",
      "x": 1.00000011920929,
      "y": 1.00000011920929,
      "z": 1.00000011920929
    },
    "_layer": 1073741824,
    "_euler": {
      "__type__": "cc.Vec3",
      "x": 0.00000592305449514473,
      "y": -0.000005122641330826833,
      "z": 0.00000517600205850814
    },
    "_id": ""
  },
  {
    "__type__": "cc.PrefabInfo",
    "root": {
      "__id__": 1
    },
    "asset": {
      "__id__": 0
    },
    "fileId": "6cOIgImF1b3IRmTUvVMYiN"
  },
  {
    "__type__": "cc.PrefabInfo",
    "root": {
      "__id__": 1
    },
    "asset": {
      "__id__": 0
    },
    "fileId": "e2U+f2aoNQfa+qIf4IW4t8"
  },
  {
    "__type__": "cc.PrefabInfo",
    "root": {
      "__id__": 1
    },
    "asset": {
      "__id__": 0
    },
    "fileId": "e2RTgO3YRVIJtKouvRXT/i"
  },
  {
    "__type__": "cc.PrefabInfo",
    "root": {
      "__id__": 1
    },
    "asset": {
      "__id__": 0
    },
    "fileId": "b2FVRjTRleDJB3lEtYoVgF"
  },
  {
    "__type__": "cc.PrefabInfo",
    "root": {
      "__id__": 1
    },
    "asset": {
      "__id__": 0
    },
    "fileId": "15bGMmql1avKE/NvobgPgZ"
  },
  {
    "__type__": "cc.PrefabInfo",
    "root": {
      "__id__": 1
    },
    "asset": {
      "__id__": 0
    },
    "fileId": "a88cG1tk5Z4a9pj/k7VB7U"
  },
  {
    "__type__": "cc.Node",
    "_name": "Bone008",
    "_objFlags": 0,
    "_parent": {
      "__id__": 7
    },
    "_children": [
      {
        "__id__": 101
      }
    ],
    "_active": true,
    "_components": [],
    "_prefab": {
      "__id__": 111
    },
    "_lpos": {
      "__type__": "cc.Vec3",
      "x": 0.0170686710625887,
      "y": -0.0102890962734818,
      "z": 0.00822295155376196
    },
    "_lrot": {
      "__type__": "cc.Quat",
      "x": 0.007800471648899386,
      "y": -0.05407815155007015,
      "z": 0.9542428433210219,
      "w": -0.2939988131567781
    },
    "_lscale": {
      "__type__": "cc.Vec3",
      "x": 1.00000011920929,
      "y": 1.00000011920929,
      "z": 1
    },
    "_layer": 1073741824,
    "_euler": {
      "__type__": "cc.Vec3",
      "x": 173.15261473858743,
      "y": 178.8285734143588,
      "z": -34.18980470161007
    },
    "_id": ""
  },
  {
    "__type__": "cc.Node",
    "_name": "Bone009",
    "_objFlags": 0,
    "_parent": {
      "__id__": 100
    },
    "_children": [
      {
        "__id__": 102
      }
    ],
    "_active": true,
    "_components": [],
    "_prefab": {
      "__id__": 110
    },
    "_lpos": {
      "__type__": "cc.Vec3",
      "x": 0.0114417737349868,
      "y": 6.67572024326546e-8,
      "z": -5.9604643443123e-10
    },
    "_lrot": {
      "__type__": "cc.Quat",
      "x": 0.04084115812694269,
      "y": -0.03429849043687006,
      "z": -0.16888198110726688,
      "w": 0.9841923032689733
    },
    "_lscale": {
      "__type__": "cc.Vec3",
      "x": 1,
      "y": 1,
      "z": 1
    },
    "_layer": 1073741824,
    "_euler": {
      "__type__": "cc.Vec3",
      "x": 4.188161142509188,
      "y": -3.268611398621147,
      "z": -19.586298015738908
    },
    "_id": ""
  },
  {
    "__type__": "cc.Node",
    "_name": "Bone010",
    "_objFlags": 0,
    "_parent": {
      "__id__": 101
    },
    "_children": [
      {
        "__id__": 103
      }
    ],
    "_active": true,
    "_components": [],
    "_prefab": {
      "__id__": 109
    },
    "_lpos": {
      "__type__": "cc.Vec3",
      "x": 0.0214765165001154,
      "y": -4.76837147544984e-9,
      "z": 2.38418573772492e-9
    },
    "_lrot": {
      "__type__": "cc.Quat",
      "x": 0.00930022055214984,
      "y": -0.06913447227250387,
      "z": -0.00007127133564412522,
      "w": 0.99756399572242
    },
    "_lscale": {
      "__type__": "cc.Vec3",
      "x": 1.00000011920929,
      "y": 1.00000011920929,
      "z": 1
    },
    "_layer": 1073741824,
    "_euler": {
      "__type__": "cc.Vec3",
      "x": 1.0626280304474311,
      "y": -7.928136056649937,
      "z": -0.08182568419894322
    },
    "_id": ""
  },
  {
    "__type__": "cc.Node",
    "_name": "Bone011",
    "_objFlags": 0,
    "_parent": {
      "__id__": 102
    },
    "_children": [
      {
        "__id__": 104
      }
    ],
    "_active": true,
    "_components": [],
    "_prefab": {
      "__id__": 108
    },
    "_lpos": {
      "__type__": "cc.Vec3",
      "x": 0.0254594031721354,
      "y": 2.86102277868849e-7,
      "z": -7.15255721317476e-9
    },
    "_lrot": {
      "__type__": "cc.Quat",
      "x": 0.00003279862367803024,
      "y": 0.05477660910956931,
      "z": 0.00276451861390434,
      "w": 0.9984948069246735
    },
    "_lscale": {
      "__type__": "cc.Vec3",
      "x": 0.99999988079071,
      "y": 0.99999988079071,
      "z": 1
    },
    "_layer": 1073741824,
    "_euler": {
      "__type__": "cc.Vec3",
      "x": -0.013600128692786274,
      "y": 6.280141840799358,
      "z": 0.3165211519010229
    },
    "_id": ""
  },
  {
    "__type__": "cc.Node",
    "_name": "Bone012",
    "_objFlags": 0,
    "_parent": {
      "__id__": 103
    },
    "_children": [
      {
        "__id__": 105
      }
    ],
    "_active": true,
    "_components": [],
    "_prefab": {
      "__id__": 107
    },
    "_lpos": {
      "__type__": "cc.Vec3",
      "x": 0.0228057336062193,
      "y": -8.88178399847791e-18,
      "z": -1.19209286886246e-9
    },
    "_lrot": {
      "__type__": "cc.Quat",
      "x": 0.009201329930542674,
      "y": 0.158543076606793,
      "z": -0.05205141638552367,
      "w": 0.9859361431856641
    },
    "_lscale": {
      "__type__": "cc.Vec3",
      "x": 0.999999940395355,
      "y": 0.999999940395355,
      "z": 1
    },
    "_layer": 1073741824,
    "_euler": {
      "__type__": "cc.Vec3",
      "x": 1.9955688050775224,
      "y": 18.37020142054613,
      "z": -5.723112199379403
    },
    "_id": ""
  },
  {
    "__type__": "cc.Node",
    "_name": "Bone013",
    "_objFlags": 0,
    "_parent": {
      "__id__": 104
    },
    "_children": [],
    "_active": true,
    "_components": [],
    "_prefab": {
      "__id__": 106
    },
    "_lpos": {
      "__type__": "cc.Vec3",
      "x": 0.0270075276494026,
      "y": 0,
      "z": 2.38418573772492e-9
    },
    "_lrot": {
      "__type__": "cc.Quat",
      "x": -0.004539993134524134,
      "y": -0.30832588730899385,
      "z": 0.02497538370143047,
      "w": 0.950942041286653
    },
    "_lscale": {
      "__type__": "cc.Vec3",
      "x": 1,
      "y": 1,
      "z": 1
    },
    "_layer": 1073741824,
    "_euler": {
      "__type__": "cc.Vec3",
      "x": 0.3881904853733148,
      "y": -35.93848090052999,
      "z": 2.8831874618655253
    },
    "_id": ""
  },
  {
    "__type__": "cc.PrefabInfo",
    "root": {
      "__id__": 1
    },
    "asset": {
      "__id__": 0
    },
    "fileId": "d447VsAl9QmLtu92mz+VFI"
  },
  {
    "__type__": "cc.PrefabInfo",
    "root": {
      "__id__": 1
    },
    "asset": {
      "__id__": 0
    },
    "fileId": "21U24Ps0lb6b2myT57ufOW"
  },
  {
    "__type__": "cc.PrefabInfo",
    "root": {
      "__id__": 1
    },
    "asset": {
      "__id__": 0
    },
    "fileId": "80TM6tgOFWkrf+oZ458EpU"
  },
  {
    "__type__": "cc.PrefabInfo",
    "root": {
      "__id__": 1
    },
    "asset": {
      "__id__": 0
    },
    "fileId": "1870JQnylbeIYhI2PxwhA2"
  },
  {
    "__type__": "cc.PrefabInfo",
    "root": {
      "__id__": 1
    },
    "asset": {
      "__id__": 0
    },
    "fileId": "4d1c0xo5JaxrntTt4e3tWU"
  },
  {
    "__type__": "cc.PrefabInfo",
    "root": {
      "__id__": 1
    },
    "asset": {
      "__id__": 0
    },
    "fileId": "31AH6LSNZZsKFHJx2WeVgw"
  },
  {
    "__type__": "cc.Node",
    "_name": "Bone014",
    "_objFlags": 0,
    "_parent": {
      "__id__": 7
    },
    "_children": [
      {
        "__id__": 113
      }
    ],
    "_active": true,
    "_components": [],
    "_prefab": {
      "__id__": 121
    },
    "_lpos": {
      "__type__": "cc.Vec3",
      "x": 0.016142301261425,
      "y": -0.00850710365921259,
      "z": 0.0127223106101155
    },
    "_lrot": {
      "__type__": "cc.Quat",
      "x": 0.04023108263186406,
      "y": 0.025461439070769386,
      "z": 0.9627420912645099,
      "w": -0.2661969962609494
    },
    "_lscale": {
      "__type__": "cc.Vec3",
      "x": 1.00000011920929,
      "y": 1.00000011920929,
      "z": 0.99999988079071
    },
    "_layer": 1073741824,
    "_euler": {
      "__type__": "cc.Vec3",
      "x": -175.3008194994371,
      "y": -173.92370079550972,
      "z": -30.697768125522437
    },
    "_id": ""
  },
  {
    "__type__": "cc.Node",
    "_name": "Bone018",
    "_objFlags": 0,
    "_parent": {
      "__id__": 112
    },
    "_children": [
      {
        "__id__": 114
      }
    ],
    "_active": true,
    "_components": [],
    "_prefab": {
      "__id__": 120
    },
    "_lpos": {
      "__type__": "cc.Vec3",
      "x": 0.0120178889483213,
      "y": 0,
      "z": -1.19209286886246e-9
    },
    "_lrot": {
      "__type__": "cc.Quat",
      "x": -0.00007927811190976376,
      "y": -0.04584285505007188,
      "z": -0.12315402624489298,
      "w": 0.9913281556455011
    },
    "_lscale": {
      "__type__": "cc.Vec3",
      "x": 1.00000011920929,
      "y": 0.99999988079071,
      "z": 1
    },
    "_layer": 1073741824,
    "_euler": {
      "__type__": "cc.Vec3",
      "x": -0.6764478578082543,
      "y": -5.379237414453771,
      "z": -14.132483675730667
    },
    "_id": ""
  },
  {
    "__type__": "cc.Node",
    "_name": "Bone015",
    "_objFlags": 0,
    "_parent": {
      "__id__": 113
    },
    "_children": [
      {
        "__id__": 115
      }
    ],
    "_active": true,
    "_components": [],
    "_prefab": {
      "__id__": 119
    },
    "_lpos": {
      "__type__": "cc.Vec3",
      "x": 0.0159172918647528,
      "y": 8.88178399847791e-18,
      "z": 0
    },
    "_lrot": {
      "__type__": "cc.Quat",
      "x": 0.022810924273241117,
      "y": -0.09764507188173624,
      "z": -0.005728623232272524,
      "w": 0.9949433574565306
    },
    "_lscale": {
      "__type__": "cc.Vec3",
      "x": 0.999999940395355,
      "y": 1,
      "z": 1.00000011920929
    },
    "_layer": 1073741824,
    "_euler": {
      "__type__": "cc.Vec3",
      "x": 2.537770874452984,
      "y": -11.190147913409206,
      "z": -0.9084087806679435
    },
    "_id": ""
  },
  {
    "__type__": "cc.Node",
    "_name": "Bone016",
    "_objFlags": 0,
    "_parent": {
      "__id__": 114
    },
    "_children": [
      {
        "__id__": 116
      }
    ],
    "_active": true,
    "_components": [],
    "_prefab": {
      "__id__": 118
    },
    "_lpos": {
      "__type__": "cc.Vec3",
      "x": 0.0171141866594553,
      "y": 9.53674295089968e-9,
      "z": 2.38418573772492e-9
    },
    "_lrot": {
      "__type__": "cc.Quat",
      "x": -0.08889441435365403,
      "y": 0.11791464263950382,
      "z": -0.03523228413894755,
      "w": 0.9884091290059351
    },
    "_lscale": {
      "__type__": "cc.Vec3",
      "x": 1.00000035762787,
      "y": 1.00000035762787,
      "z": 1
    },
    "_layer": 1073741824,
    "_euler": {
      "__type__": "cc.Vec3",
      "x": -9.677998316970214,
      "y": 13.16575222079117,
      "z": -5.1988003645151455
    },
    "_id": ""
  },
  {
    "__type__": "cc.Node",
    "_name": "Bone017",
    "_objFlags": 0,
    "_parent": {
      "__id__": 115
    },
    "_children": [],
    "_active": true,
    "_components": [],
    "_prefab": {
      "__id__": 117
    },
    "_lpos": {
      "__type__": "cc.Vec3",
      "x": 0.0160191524773836,
      "y": 4.76837147544984e-9,
      "z": -2.38418573772492e-9
    },
    "_lrot": {
      "__type__": "cc.Quat",
      "x": 0.033249978117117836,
      "y": -0.293141932538794,
      "z": 0.013255831841726306,
      "w": 0.9553986232274025
    },
    "_lscale": {
      "__type__": "cc.Vec3",
      "x": 1,
      "y": 1,
      "z": 1
    },
    "_layer": 1073741824,
    "_euler": {
      "__type__": "cc.Vec3",
      "x": 4.089052436085799,
      "y": -34.12677262280914,
      "z": 0.3343388880891305
    },
    "_id": ""
  },
  {
    "__type__": "cc.PrefabInfo",
    "root": {
      "__id__": 1
    },
    "asset": {
      "__id__": 0
    },
    "fileId": "d08TkaZhlTI4m2lFC/JCt4"
  },
  {
    "__type__": "cc.PrefabInfo",
    "root": {
      "__id__": 1
    },
    "asset": {
      "__id__": 0
    },
    "fileId": "b0WnaDArxeLbCC4vQgDWUU"
  },
  {
    "__type__": "cc.PrefabInfo",
    "root": {
      "__id__": 1
    },
    "asset": {
      "__id__": 0
    },
    "fileId": "dcJssFHDhUCJ/BnRr/EK6r"
  },
  {
    "__type__": "cc.PrefabInfo",
    "root": {
      "__id__": 1
    },
    "asset": {
      "__id__": 0
    },
    "fileId": "37k1r2uAdQgaQ2XjY7U0aq"
  },
  {
    "__type__": "cc.PrefabInfo",
    "root": {
      "__id__": 1
    },
    "asset": {
      "__id__": 0
    },
    "fileId": "c64FMB/LJeNbq7jvqVzsJe"
  },
  {
    "__type__": "cc.Node",
    "_name": "Bone001",
    "_objFlags": 0,
    "_parent": {
      "__id__": 7
    },
    "_children": [
      {
        "__id__": 123
      }
    ],
    "_active": true,
    "_components": [],
    "_prefab": {
      "__id__": 135
    },
    "_lpos": {
      "__type__": "cc.Vec3",
      "x": 0.0173240080475807,
      "y": -0.0105658080428839,
      "z": -2.02655794367956e-8
    },
    "_lrot": {
      "__type__": "cc.Quat",
      "x": -0.268112065261001,
      "y": 0.9628549284727188,
      "z": 0.006877265452443263,
      "w": 0.03128914184142623
    },
    "_lscale": {
      "__type__": "cc.Vec3",
      "x": 1.00000011920929,
      "y": 1.00000011920929,
      "z": 1
    },
    "_layer": 1073741824,
    "_euler": {
      "__type__": "cc.Vec3",
      "x": -2.0083311064656266,
      "y": 175.71944847769058,
      "z": -31.05600459249294
    },
    "_id": ""
  },
  {
    "__type__": "cc.Node",
    "_name": "Bone002",
    "_objFlags": 0,
    "_parent": {
      "__id__": 122
    },
    "_children": [
      {
        "__id__": 124
      }
    ],
    "_active": true,
    "_components": [],
    "_prefab": {
      "__id__": 134
    },
    "_lpos": {
      "__type__": "cc.Vec3",
      "x": 0.0109487818554044,
      "y": 0,
      "z": 0
    },
    "_lrot": {
      "__type__": "cc.Quat",
      "x": -0.0019028162542510036,
      "y": 0.04306483312108227,
      "z": 0.10616174447163207,
      "w": 0.9934140543848249
    },
    "_lscale": {
      "__type__": "cc.Vec3",
      "x": 1,
      "y": 1,
      "z": 1
    },
    "_layer": 1073741824,
    "_euler": {
      "__type__": "cc.Vec3",
      "x": -0.757542481758202,
      "y": 5.045212558296167,
      "z": 12.166967104992093
    },
    "_id": ""
  },
  {
    "__type__": "cc.Node",
    "_name": "Bone003",
    "_objFlags": 0,
    "_parent": {
      "__id__": 123
    },
    "_children": [
      {
        "__id__": 125
      }
    ],
    "_active": true,
    "_components": [],
    "_prefab": {
      "__id__": 133
    },
    "_lpos": {
      "__type__": "cc.Vec3",
      "x": 0.0214635264128447,
      "y": 4.76837147544984e-9,
      "z": 1.19209286886246e-9
    },
    "_lrot": {
      "__type__": "cc.Quat",
      "x": 0.0036790203658517867,
      "y": 0.04100933710615516,
      "z": 0.03079647228070992,
      "w": 0.9986772633710677
    },
    "_lscale": {
      "__type__": "cc.Vec3",
      "x": 1.00000023841858,
      "y": 1.00000023841858,
      "z": 1
    },
    "_layer": 1073741824,
    "_euler": {
      "__type__": "cc.Vec3",
      "x": 0.27683489340042366,
      "y": 4.694341644814737,
      "z": 3.5438959658213194
    },
    "_id": ""
  },
  {
    "__type__": "cc.Node",
    "_name": "Bone004",
    "_objFlags": 0,
    "_parent": {
      "__id__": 124
    },
    "_children": [
      {
        "__id__": 126
      }
    ],
    "_active": true,
    "_components": [],
    "_prefab": {
      "__id__": 132
    },
    "_lpos": {
      "__type__": "cc.Vec3",
      "x": 0.0237103272229433,
      "y": 0,
      "z": 1.19209286886246e-9
    },
    "_lrot": {
      "__type__": "cc.Quat",
      "x": -0.0030776533916756495,
      "y": -0.003274924970287947,
      "z": 0.010551635840386483,
      "w": 0.999934230785771
    },
    "_lscale": {
      "__type__": "cc.Vec3",
      "x": 0.999999821186066,
      "y": 0.999999821186066,
      "z": 1
    },
    "_layer": 1073741824,
    "_euler": {
      "__type__": "cc.Vec3",
      "x": -0.3487700627929184,
      "y": -0.37161830932631834,
      "z": 1.2102938606713949
    },
    "_id": ""
  },
  {
    "__type__": "cc.Node",
    "_name": "Bone005",
    "_objFlags": 0,
    "_parent": {
      "__id__": 125
    },
    "_children": [
      {
        "__id__": 127
      }
    ],
    "_active": true,
    "_components": [],
    "_prefab": {
      "__id__": 131
    },
    "_lpos": {
      "__type__": "cc.Vec3",
      "x": 0.0237607806921005,
      "y": 8.88178399847791e-18,
      "z": 5.9604643443123e-10
    },
    "_lrot": {
      "__type__": "cc.Quat",
      "x": -0.0006812480186896326,
      "y": -0.10306335847359634,
      "z": 0.01938111681560603,
      "w": 0.9944857225482223
    },
    "_lscale": {
      "__type__": "cc.Vec3",
      "x": 0.999999701976776,
      "y": 0.999999701976776,
      "z": 1
    },
    "_layer": 1073741824,
    "_euler": {
      "__type__": "cc.Vec3",
      "x": 0.15137339963247326,
      "y": -11.836362300454027,
      "z": 2.217264713796035
    },
    "_id": ""
  },
  {
    "__type__": "cc.Node",
    "_name": "Bone006",
    "_objFlags": 0,
    "_parent": {
      "__id__": 126
    },
    "_children": [
      {
        "__id__": 128
      }
    ],
    "_active": true,
    "_components": [],
    "_prefab": {
      "__id__": 130
    },
    "_lpos": {
      "__type__": "cc.Vec3",
      "x": 0.0272344909608364,
      "y": 1.85966484878008e-7,
      "z": 3.57627860658738e-9
    },
    "_lrot": {
      "__type__": "cc.Quat",
      "x": -0.0024336455997079373,
      "y": -0.15480916588334662,
      "z": -0.01022499545844139,
      "w": 0.9878884800398637
    },
    "_lscale": {
      "__type__": "cc.Vec3",
      "x": 1.00000035762787,
      "y": 1.00000035762787,
      "z": 1
    },
    "_layer": 1073741824,
    "_euler": {
      "__type__": "cc.Vec3",
      "x": -0.4569785364591001,
      "y": -17.816893558498794,
      "z": -1.1144049436464294
    },
    "_id": ""
  },
  {
    "__type__": "cc.Node",
    "_name": "Bone007",
    "_objFlags": 0,
    "_parent": {
      "__id__": 127
    },
    "_children": [],
    "_active": true,
    "_components": [],
    "_prefab": {
      "__id__": 129
    },
    "_lpos": {
      "__type__": "cc.Vec3",
      "x": 0.0267726462334394,
      "y": 1.90734859017994e-8,
      "z": -1.19209286886246e-9
    },
    "_lrot": {
      "__type__": "cc.Quat",
      "x": -0.0003417915041309738,
      "y": 0.03083593122359668,
      "z": -0.0005193246610254113,
      "w": 0.9995242662517193
    },
    "_lscale": {
      "__type__": "cc.Vec3",
      "x": 1,
      "y": 1,
      "z": 1
    },
    "_layer": 1073741824,
    "_euler": {
      "__type__": "cc.Vec3",
      "x": -0.03731275897169375,
      "y": 3.5340785744996372,
      "z": -0.060689655949244734
    },
    "_id": ""
  },
  {
    "__type__": "cc.PrefabInfo",
    "root": {
      "__id__": 1
    },
    "asset": {
      "__id__": 0
    },
    "fileId": "8fa1IyJnFT+54MONrM+6Ji"
  },
  {
    "__type__": "cc.PrefabInfo",
    "root": {
      "__id__": 1
    },
    "asset": {
      "__id__": 0
    },
    "fileId": "5cpVfV225ZOpOdg1rhMrH3"
  },
  {
    "__type__": "cc.PrefabInfo",
    "root": {
      "__id__": 1
    },
    "asset": {
      "__id__": 0
    },
    "fileId": "64U7fYdYBTB6if902k3M8F"
  },
  {
    "__type__": "cc.PrefabInfo",
    "root": {
      "__id__": 1
    },
    "asset": {
      "__id__": 0
    },
    "fileId": "324r589zNcT5k6M1z/3cpT"
  },
  {
    "__type__": "cc.PrefabInfo",
    "root": {
      "__id__": 1
    },
    "asset": {
      "__id__": 0
    },
    "fileId": "a6FY3Q9qVVOr3HLy11TiNt"
  },
  {
    "__type__": "cc.PrefabInfo",
    "root": {
      "__id__": 1
    },
    "asset": {
      "__id__": 0
    },
    "fileId": "e7O/vYXNdYHaMHeR0iJBh8"
  },
  {
    "__type__": "cc.PrefabInfo",
    "root": {
      "__id__": 1
    },
    "asset": {
      "__id__": 0
    },
    "fileId": "9dZMxibeFQ5oKIYurPnw1f"
  },
  {
    "__type__": "cc.PrefabInfo",
    "root": {
      "__id__": 1
    },
    "asset": {
      "__id__": 0
    },
    "fileId": "769TCmDsxQdZNZ0NirckXE"
  },
  {
    "__type__": "cc.PrefabInfo",
    "root": {
      "__id__": 1
    },
    "asset": {
      "__id__": 0
    },
    "fileId": "93gQ002bNc2LK28M1XiJB6"
  },
  {
    "__type__": "cc.Node",
    "_name": "Bip001 L Thigh",
    "_objFlags": 0,
    "_parent": {
      "__id__": 5
    },
    "_children": [
      {
        "__id__": 139
      }
    ],
    "_active": true,
    "_components": [],
    "_prefab": {
      "__id__": 145
    },
    "_lpos": {
      "__type__": "cc.Vec3",
      "x": -0.00760172819718719,
      "y": -0.00159595720469952,
      "z": 0.00963149592280388
    },
    "_lrot": {
      "__type__": "cc.Quat",
      "x": 0.2920239528827435,
      "y": 0.9287919874353275,
      "z": 0.15510087998575164,
      "w": -0.16736538485098063
    },
    "_lscale": {
      "__type__": "cc.Vec3",
      "x": 0.999999821186066,
      "y": 0.999999940395355,
      "z": 1.00000011920929
    },
    "_layer": 1073741824,
    "_euler": {
      "__type__": "cc.Vec3",
      "x": -26.282567534573896,
      "y": -152.56626674973492,
      "z": 29.37621045549745
    },
    "_id": ""
  },
  {
    "__type__": "cc.Node",
    "_name": "Bip001 L Calf",
    "_objFlags": 0,
    "_parent": {
      "__id__": 138
    },
    "_children": [
      {
        "__id__": 140
      }
    ],
    "_active": true,
    "_components": [],
    "_prefab": {
      "__id__": 144
    },
    "_lpos": {
      "__type__": "cc.Vec3",
      "x": 0.0380643978714943,
      "y": -8.88178399847791e-18,
      "z": 0
    },
    "_lrot": {
      "__type__": "cc.Quat",
      "x": 2.940879128051093e-17,
      "y": 3.718637085581084e-18,
      "z": -0.23088941885418482,
      "w": 0.9729799978731202
    },
    "_lscale": {
      "__type__": "cc.Vec3",
      "x": 1.00000011920929,
      "y": 1.00000011920929,
      "z": 1
    },
    "_layer": 1073741824,
    "_euler": {
      "__type__": "cc.Vec3",
      "x": 3.780394567345429e-15,
      "y": 1.3350505957189723e-15,
      "z": -26.698882395144942
    },
    "_id": ""
  },
  {
    "__type__": "cc.Node",
    "_name": "Bip001 L Foot",
    "_objFlags": 0,
    "_parent": {
      "__id__": 139
    },
    "_children": [
      {
        "__id__": 141
      }
    ],
    "_active": true,
    "_components": [],
    "_prefab": {
      "__id__": 143
    },
    "_lpos": {
      "__type__": "cc.Vec3",
      "x": 0.0413631573319435,
      "y": 4.44089199923895e-18,
      "z": 0
    },
    "_lrot": {
      "__type__": "cc.Quat",
      "x": -0.10642988513691831,
      "y": -0.00503602218042857,
      "z": -0.059538716148090184,
      "w": 0.9925232789762554
    },
    "_lscale": {
      "__type__": "cc.Vec3",
      "x": 1,
      "y": 1,
      "z": 1
    },
    "_layer": 1073741824,
    "_euler": {
      "__type__": "cc.Vec3",
      "x": -12.317925871634914,
      "y": -1.3080172708256486,
      "z": -6.725639155294065
    },
    "_id": ""
  },
  {
    "__type__": "cc.Node",
    "_name": "Bip001 L Toe0",
    "_objFlags": 0,
    "_parent": {
      "__id__": 140
    },
    "_children": [],
    "_active": true,
    "_components": [],
    "_prefab": {
      "__id__": 142
    },
    "_lpos": {
      "__type__": "cc.Vec3",
      "x": 0.0137450955808163,
      "y": 0.0128078740090132,
      "z": -1.19209286886246e-9
    },
    "_lrot": {
      "__type__": "cc.Quat",
      "x": -6.629580132105637e-7,
      "y": -8.54328312911897e-7,
      "z": 0.7071074070346114,
      "w": 0.7071061553371029
    },
    "_lscale": {
      "__type__": "cc.Vec3",
      "x": 1,
      "y": 1,
      "z": 0.99999988079071
    },
    "_layer": 1073741824,
    "_euler": {
      "__type__": "cc.Vec3",
      "x": 0,
      "y": -0.00010743704001055903,
      "z": 90
    },
    "_id": ""
  },
  {
    "__type__": "cc.PrefabInfo",
    "root": {
      "__id__": 1
    },
    "asset": {
      "__id__": 0
    },
    "fileId": "3euZiKyWlWRIO5AaxBTg0v"
  },
  {
    "__type__": "cc.PrefabInfo",
    "root": {
      "__id__": 1
    },
    "asset": {
      "__id__": 0
    },
    "fileId": "cdAe8L8KFdsaFakkg/DGGr"
  },
  {
    "__type__": "cc.PrefabInfo",
    "root": {
      "__id__": 1
    },
    "asset": {
      "__id__": 0
    },
    "fileId": "dcZTPQLs9edr9wPs9bYfC0"
  },
  {
    "__type__": "cc.PrefabInfo",
    "root": {
      "__id__": 1
    },
    "asset": {
      "__id__": 0
    },
    "fileId": "10ancYV+hYzJxGWJVuQwbX"
  },
  {
    "__type__": "cc.Node",
    "_name": "Bip001 R Thigh",
    "_objFlags": 0,
    "_parent": {
      "__id__": 5
    },
    "_children": [
      {
        "__id__": 147
      }
    ],
    "_active": true,
    "_components": [],
    "_prefab": {
      "__id__": 153
    },
    "_lpos": {
      "__type__": "cc.Vec3",
      "x": -0.00988368969410658,
      "y": 0.00238154944963753,
      "z": -0.00705791637301445
    },
    "_lrot": {
      "__type__": "cc.Quat",
      "x": 0.04309423614427185,
      "y": 0.9631258191301649,
      "z": 0.2647916360649994,
      "w": 0.020418932538489972
    },
    "_lscale": {
      "__type__": "cc.Vec3",
      "x": 0.999999761581421,
      "y": 1,
      "z": 0.999999940395355
    },
    "_layer": 1073741824,
    "_euler": {
      "__type__": "cc.Vec3",
      "x": -30.70030983496536,
      "y": 179.04981095790131,
      "z": 5.383630057778273
    },
    "_id": ""
  },
  {
    "__type__": "cc.Node",
    "_name": "Bip001 R Calf",
    "_objFlags": 0,
    "_parent": {
      "__id__": 146
    },
    "_children": [
      {
        "__id__": 148
      }
    ],
    "_active": true,
    "_components": [],
    "_prefab": {
      "__id__": 152
    },
    "_lpos": {
      "__type__": "cc.Vec3",
      "x": 0.0380643978714943,
      "y": -5.9604643443123e-10,
      "z": 0
    },
    "_lrot": {
      "__type__": "cc.Quat",
      "x": -2.6616613841367927e-18,
      "y": 1.5285834120481735e-17,
      "z": -0.28714989905090893,
      "w": 0.9578856588732567
    },
    "_lscale": {
      "__type__": "cc.Vec3",
      "x": 1.00000011920929,
      "y": 1.00000011920929,
      "z": 1
    },
    "_layer": 1073741824,
    "_euler": {
      "__type__": "cc.Vec3",
      "x": 2.5245281619883046e-16,
      "y": 1.904318481721122e-15,
      "z": -33.374802669650826
    },
    "_id": ""
  },
  {
    "__type__": "cc.Node",
    "_name": "Bip001 R Foot",
    "_objFlags": 0,
    "_parent": {
      "__id__": 147
    },
    "_children": [
      {
        "__id__": 149
      }
    ],
    "_active": true,
    "_components": [],
    "_prefab": {
      "__id__": 151
    },
    "_lpos": {
      "__type__": "cc.Vec3",
      "x": 0.0413631573319435,
      "y": 2.38418573772492e-9,
      "z": -1.19209286886246e-9
    },
    "_lrot": {
      "__type__": "cc.Quat",
      "x": -0.009128597770730463,
      "y": 0.04495507580031197,
      "z": 0.3026330241221309,
      "w": 0.9520026063899312
    },
    "_lscale": {
      "__type__": "cc.Vec3",
      "x": 1.00000011920929,
      "y": 1.00000011920929,
      "z": 1.00000011920929
    },
    "_layer": 1073741824,
    "_euler": {
      "__type__": "cc.Vec3",
      "x": -3.125319952231,
      "y": 6.3966256291597325,
      "z": 35.127236063340746
    },
    "_id": ""
  },
  {
    "__type__": "cc.Node",
    "_name": "Bip001 R Toe0",
    "_objFlags": 0,
    "_parent": {
      "__id__": 148
    },
    "_children": [],
    "_active": true,
    "_components": [],
    "_prefab": {
      "__id__": 150
    },
    "_lpos": {
      "__type__": "cc.Vec3",
      "x": 0.0137450955808163,
      "y": 0.0128078758716583,
      "z": 0
    },
    "_lrot": {
      "__type__": "cc.Quat",
      "x": -0.014079435580069433,
      "y": 0.014079018347560332,
      "z": 0.7069668695310214,
      "w": 0.7069663330892241
    },
    "_lscale": {
      "__type__": "cc.Vec3",
      "x": 0.999999940395355,
      "y": 1,
      "z": 1
    },
    "_layer": 1073741824,
    "_euler": {
      "__type__": "cc.Vec3",
      "x": -90.00110843911557,
      "y": 90.00107462470078,
      "z": 87.71821281804695
    },
    "_id": ""
  },
  {
    "__type__": "cc.PrefabInfo",
    "root": {
      "__id__": 1
    },
    "asset": {
      "__id__": 0
    },
    "fileId": "ff7yfBfupbhKg0ugMmJKMK"
  },
  {
    "__type__": "cc.PrefabInfo",
    "root": {
      "__id__": 1
    },
    "asset": {
      "__id__": 0
    },
    "fileId": "23y6VgWi9e8IbmS0ayxEh9"
  },
  {
    "__type__": "cc.PrefabInfo",
    "root": {
      "__id__": 1
    },
    "asset": {
      "__id__": 0
    },
    "fileId": "15UPpnqpxb/Z1vftINFzuT"
  },
  {
    "__type__": "cc.PrefabInfo",
    "root": {
      "__id__": 1
    },
    "asset": {
      "__id__": 0
    },
    "fileId": "c2pyQ6PLZRxY2iDbS6rNF7"
  },
  {
    "__type__": "cc.PrefabInfo",
    "root": {
      "__id__": 1
    },
    "asset": {
      "__id__": 0
    },
    "fileId": "9fj8gRFaxQ4J05p8IojOb3"
  },
  {
    "__type__": "cc.PrefabInfo",
    "root": {
      "__id__": 1
    },
    "asset": {
      "__id__": 0
    },
    "fileId": "e9X9ZlKUpdqZOpps3CUn/K"
  },
  {
    "__type__": "cc.PrefabInfo",
    "root": {
      "__id__": 1
    },
    "asset": {
      "__id__": 0
    },
    "fileId": "a6ucz00rVX2LbWILMf1tT/"
  },
  {
    "__type__": "cc.PrefabInfo",
    "root": {
      "__id__": 1
    },
    "asset": {
      "__id__": 0
    },
    "fileId": "bf0YVfi1xfPI3ghogWH93T"
  },
  {
    "__type__": "cc.Animation",
    "_name": "",
    "_objFlags": 0,
    "node": {
      "__id__": 1
    },
    "_enabled": true,
    "__prefab": {
      "__id__": 159
    },
    "playOnLoad": false,
    "_clips": [
      {
        "__uuid__": "4e2c5e49-1dbb-48c1-a1c0-bd1b76a45f23@2adc2",
        "__expectedType__": "cc.AnimationClip"
      }
    ],
    "_defaultClip": {
      "__uuid__": "4e2c5e49-1dbb-48c1-a1c0-bd1b76a45f23@2adc2",
      "__expectedType__": "cc.AnimationClip"
    },
    "_id": ""
  },
  {
    "__type__": "cc.CompPrefabInfo",
    "fileId": "8emNuRzMxU5r76oSRvAwDU"
  },
  {
    "__type__": "cc.PrefabInfo",
    "root": {
      "__id__": 1
    },
    "asset": {
      "__id__": 0
    },
    "fileId": "4ehbbO1qpRAosyKlM3yY0Q"
  }
]