{
  "__type__": "cc.Skeleton",
  "_name": "Skin-0",
  "_objFlags": 0,
  "_native": "",
  "_joints": [
    "RootNode/Bip001/Bip001 Pelvis/Bip001 Spine/Bip001 Spine1/Bip001 Spine2",
    "RootNode/Bip001/Bip001 Pelvis/Bip001 Spine",
    "RootNode/Bip001/Bip001 Pelvis/Bip001 Spine/Bip001 R Thigh",
    "RootNode/Bip001/Bip001 Pelvis",
    "RootNode/Bip001/Bip001 Pelvis/Bip001 Spine/Bip001 Spine1/Bip001 Spine2/Bip001 Neck/Bip001 Head",
    "RootNode/Bip001/Bip001 Pelvis/Bip001 Spine/Bip001 Spine1/Bip001 Spine2/Bip001 Neck/Bip001 R Clavicle",
    "RootNode/Bip001/Bip001 Pelvis/Bip001 Spine/Bip001 Spine1/Bip001 Spine2/Bip001 Neck/Bip001 L Clavicle/Bip001 L UpperArm/Bip001 L Forearm",
    "RootNode/Bip001/Bip001 Pelvis/Bip001 Spine/Bip001 Spine1/Bip001 Spine2/Bip001 Neck/Bip001 R Clavicle/Bip001 R UpperArm/Bip001 R Forearm",
    "RootNode/Bip001/Bip001 Pelvis/Bip001 Spine/Bip001 L Thigh/Bip001 L Calf",
    "RootNode/Bip001/Bip001 Pelvis/Bip001 Spine/Bip001 L Thigh",
    "RootNode/Bip001/Bip001 Pelvis/Bip001 Spine/Bip001 R Thigh/Bip001 R Calf",
    "RootNode/Bip001/Bip001 Pelvis/Bip001 Spine/Bip001 Spine1/Bip001 Spine2/Bip001 Neck/Bip001 R Clavicle/Bip001 R UpperArm",
    "RootNode/Bip001/Bip001 Pelvis/Bip001 Spine/Bip001 Spine1/Bip001 Spine2/Bip001 Neck",
    "RootNode/Bip001/Bip001 Pelvis/Bip001 Spine/Bip001 Spine1/Bip001 Spine2/Bone001/Bone002/Bone003/Bone004",
    "RootNode/Bip001/Bip001 Pelvis/Bip001 Spine/Bip001 R Thigh/Bip001 R Calf/Bip001 R Foot",
    "RootNode/Bip001/Bip001 Pelvis/Bip001 Spine/Bip001 Spine1/Bip001 Spine2/Bip001 Neck/Bip001 L Clavicle/Bip001 L UpperArm/Bip001 L Forearm/Bip001 L Hand/Bip001 L Finger2/Bip001 L Finger21/Bip001 L Finger22",
    "RootNode/Bip001/Bip001 Pelvis/Bip001 Spine/Bip001 Spine1/Bip001 Spine2/Bip001 Neck/Bip001 L Clavicle/Bip001 L UpperArm/Bip001 L Forearm/Bip001 L Hand/Bip001 L Finger2/Bip001 L Finger21",
    "RootNode/Bip001/Bip001 Pelvis/Bip001 Spine/Bip001 Spine1/Bip001 Spine2/Bip001 Neck/Bip001 L Clavicle/Bip001 L UpperArm/Bip001 L Forearm/Bip001 L Hand/Bip001 L Finger2",
    "RootNode/Bip001/Bip001 Pelvis/Bip001 Spine/Bip001 Spine1/Bip001 Spine2/Bip001 Neck/Bip001 L Clavicle/Bip001 L UpperArm/Bip001 L Forearm/Bip001 L Hand",
    "RootNode/Bip001/Bip001 Pelvis/Bip001 Spine/Bip001 Spine1/Bip001 Spine2/Bip001 Neck/Bip001 L Clavicle/Bip001 L UpperArm/Bip001 L Forearm/Bip001 L Hand/Bip001 L Finger3",
    "RootNode/Bip001/Bip001 Pelvis/Bip001 Spine/Bip001 Spine1/Bip001 Spine2/Bip001 Neck/Bip001 L Clavicle/Bip001 L UpperArm/Bip001 L Forearm/Bip001 L Hand/Bip001 L Finger1",
    "RootNode/Bip001/Bip001 Pelvis/Bip001 Spine/Bip001 Spine1/Bip001 Spine2/Bip001 Neck/Bip001 L Clavicle/Bip001 L UpperArm/Bip001 L Forearm/Bip001 L Hand/Bip001 L Finger1/Bip001 L Finger11",
    "RootNode/Bip001/Bip001 Pelvis/Bip001 Spine/Bip001 Spine1/Bip001 Spine2/Bip001 Neck/Bip001 L Clavicle/Bip001 L UpperArm/Bip001 L Forearm/Bip001 L Hand/Bip001 L Finger1/Bip001 L Finger11/Bip001 L Finger12",
    "RootNode/Bip001/Bip001 Pelvis/Bip001 Spine/Bip001 Spine1/Bip001 Spine2/Bip001 Neck/Bip001 L Clavicle/Bip001 L UpperArm/Bip001 L Forearm/Bip001 L Hand/Bip001 L Finger0",
    "RootNode/Bip001/Bip001 Pelvis/Bip001 Spine/Bip001 Spine1/Bip001 Spine2/Bip001 Neck/Bip001 L Clavicle/Bip001 L UpperArm/Bip001 L Forearm/Bip001 L Hand/Bip001 L Finger0/Bip001 L Finger01",
    "RootNode/Bip001/Bip001 Pelvis/Bip001 Spine/Bip001 Spine1/Bip001 Spine2/Bip001 Neck/Bip001 L Clavicle/Bip001 L UpperArm/Bip001 L Forearm/Bip001 L Hand/Bip001 L Finger0/Bip001 L Finger01/Bip001 L Finger02",
    "RootNode/Bip001/Bip001 Pelvis/Bip001 Spine/Bip001 Spine1/Bip001 Spine2/Bip001 Neck/Bip001 L Clavicle/Bip001 L UpperArm/Bip001 L Forearm/Bip001 L Hand/Bip001 L Finger4",
    "RootNode/Bip001/Bip001 Pelvis/Bip001 Spine/Bip001 Spine1/Bip001 Spine2/Bip001 Neck/Bip001 L Clavicle/Bip001 L UpperArm/Bip001 L Forearm/Bip001 L Hand/Bip001 L Finger3/Bip001 L Finger31",
    "RootNode/Bip001/Bip001 Pelvis/Bip001 Spine/Bip001 Spine1/Bip001 Spine2/Bip001 Neck/Bip001 L Clavicle/Bip001 L UpperArm/Bip001 L Forearm/Bip001 L Hand/Bip001 L Finger3/Bip001 L Finger31/Bip001 L Finger32",
    "RootNode/Bip001/Bip001 Pelvis/Bip001 Spine/Bip001 Spine1/Bip001 Spine2/Bip001 Neck/Bip001 L Clavicle/Bip001 L UpperArm/Bip001 L Forearm/Bip001 L Hand/Bip001 L Finger4/Bip001 L Finger41",
    "RootNode/Bip001/Bip001 Pelvis/Bip001 Spine/Bip001 Spine1/Bip001 Spine2/Bip001 Neck/Bip001 L Clavicle/Bip001 L UpperArm/Bip001 L Forearm/Bip001 L Hand/Bip001 L Finger4/Bip001 L Finger41/Bip001 L Finger42",
    "RootNode/Bip001/Bip001 Pelvis/Bip001 Spine/Bip001 L Thigh/Bip001 L Calf/Bip001 L Foot",
    "RootNode/Bip001/Bip001 Pelvis/Bip001 Spine/Bip001 Spine1/Bip001 Spine2/Bip001 Neck/Bip001 R Clavicle/Bip001 R UpperArm/Bip001 R Forearm/Bip001 R Hand/Bip001 R Finger2/Bip001 R Finger21/Bip001 R Finger22",
    "RootNode/Bip001/Bip001 Pelvis/Bip001 Spine/Bip001 Spine1/Bip001 Spine2/Bip001 Neck/Bip001 R Clavicle/Bip001 R UpperArm/Bip001 R Forearm/Bip001 R Hand/Bip001 R Finger2/Bip001 R Finger21",
    "RootNode/Bip001/Bip001 Pelvis/Bip001 Spine/Bip001 Spine1/Bip001 Spine2/Bip001 Neck/Bip001 R Clavicle/Bip001 R UpperArm/Bip001 R Forearm/Bip001 R Hand/Bip001 R Finger2",
    "RootNode/Bip001/Bip001 Pelvis/Bip001 Spine/Bip001 Spine1/Bip001 Spine2/Bip001 Neck/Bip001 R Clavicle/Bip001 R UpperArm/Bip001 R Forearm/Bip001 R Hand/Bip001 R Finger3/Bip001 R Finger31",
    "RootNode/Bip001/Bip001 Pelvis/Bip001 Spine/Bip001 Spine1/Bip001 Spine2/Bip001 Neck/Bip001 R Clavicle/Bip001 R UpperArm/Bip001 R Forearm/Bip001 R Hand",
    "RootNode/Bip001/Bip001 Pelvis/Bip001 Spine/Bip001 Spine1/Bip001 Spine2/Bip001 Neck/Bip001 R Clavicle/Bip001 R UpperArm/Bip001 R Forearm/Bip001 R Hand/Bip001 R Finger3",
    "RootNode/Bip001/Bip001 Pelvis/Bip001 Spine/Bip001 Spine1/Bip001 Spine2/Bip001 Neck/Bip001 R Clavicle/Bip001 R UpperArm/Bip001 R Forearm/Bip001 R Hand/Bip001 R Finger1",
    "RootNode/Bip001/Bip001 Pelvis/Bip001 Spine/Bip001 Spine1/Bip001 Spine2/Bip001 Neck/Bip001 R Clavicle/Bip001 R UpperArm/Bip001 R Forearm/Bip001 R Hand/Bip001 R Finger1/Bip001 R Finger11",
    "RootNode/Bip001/Bip001 Pelvis/Bip001 Spine/Bip001 Spine1/Bip001 Spine2/Bip001 Neck/Bip001 R Clavicle/Bip001 R UpperArm/Bip001 R Forearm/Bip001 R Hand/Bip001 R Finger1/Bip001 R Finger11/Bip001 R Finger12",
    "RootNode/Bip001/Bip001 Pelvis/Bip001 Spine/Bip001 Spine1/Bip001 Spine2/Bip001 Neck/Bip001 R Clavicle/Bip001 R UpperArm/Bip001 R Forearm/Bip001 R Hand/Bip001 R Finger0",
    "RootNode/Bip001/Bip001 Pelvis/Bip001 Spine/Bip001 Spine1/Bip001 Spine2/Bip001 Neck/Bip001 R Clavicle/Bip001 R UpperArm/Bip001 R Forearm/Bip001 R Hand/Bip001 R Finger0/Bip001 R Finger01",
    "RootNode/Bip001/Bip001 Pelvis/Bip001 Spine/Bip001 Spine1/Bip001 Spine2/Bip001 Neck/Bip001 R Clavicle/Bip001 R UpperArm/Bip001 R Forearm/Bip001 R Hand/Bip001 R Finger0/Bip001 R Finger01/Bip001 R Finger02",
    "RootNode/Bip001/Bip001 Pelvis/Bip001 Spine/Bip001 Spine1/Bip001 Spine2/Bip001 Neck/Bip001 R Clavicle/Bip001 R UpperArm/Bip001 R Forearm/Bip001 R Hand/Bip001 R Finger4",
    "RootNode/Bip001/Bip001 Pelvis/Bip001 Spine/Bip001 Spine1/Bip001 Spine2/Bip001 Neck/Bip001 R Clavicle/Bip001 R UpperArm/Bip001 R Forearm/Bip001 R Hand/Bip001 R Finger3/Bip001 R Finger31/Bip001 R Finger32",
    "RootNode/Bip001/Bip001 Pelvis/Bip001 Spine/Bip001 Spine1/Bip001 Spine2/Bip001 Neck/Bip001 R Clavicle/Bip001 R UpperArm/Bip001 R Forearm/Bip001 R Hand/Bip001 R Finger4/Bip001 R Finger41",
    "RootNode/Bip001/Bip001 Pelvis/Bip001 Spine/Bip001 Spine1/Bip001 Spine2/Bip001 Neck/Bip001 R Clavicle/Bip001 R UpperArm/Bip001 R Forearm/Bip001 R Hand/Bip001 R Finger4/Bip001 R Finger41/Bip001 R Finger42",
    "RootNode/Bip001/Bip001 Pelvis/Bip001 Spine/Bip001 Spine1/Bip001 Spine2/Bone008/Bone009",
    "RootNode/Bip001/Bip001 Pelvis/Bip001 Spine/Bip001 Spine1/Bip001 Spine2/Bone008/Bone009/Bone010",
    "RootNode/Bip001/Bip001 Pelvis/Bip001 Spine/Bip001 Spine1/Bip001 Spine2/Bone008",
    "RootNode/Bip001/Bip001 Pelvis/Bip001 Spine/Bip001 Spine1",
    "RootNode/Bip001/Bip001 Pelvis/Bip001 Spine/Bip001 Spine1/Bip001 Spine2/Bone001",
    "RootNode/Bip001/Bip001 Pelvis/Bip001 Spine/Bip001 Spine1/Bip001 Spine2/Bone001/Bone002",
    "RootNode/Bip001/Bip001 Pelvis/Bip001 Spine/Bip001 Spine1/Bip001 Spine2/Bone001/Bone002/Bone003",
    "RootNode/Bip001/Bip001 Pelvis/Bip001 Spine/Bip001 Spine1/Bip001 Spine2/Bone001/Bone002/Bone003/Bone004/Bone005",
    "RootNode/Bip001/Bip001 Pelvis/Bip001 Spine/Bip001 Spine1/Bip001 Spine2/Bone001/Bone002/Bone003/Bone004/Bone005/Bone006",
    "RootNode/Bip001/Bip001 Pelvis/Bip001 Spine/Bip001 Spine1/Bip001 Spine2/Bone014",
    "RootNode/Bip001/Bip001 Pelvis/Bip001 Spine/Bip001 Spine1/Bip001 Spine2/Bip001 Neck/Bip001 L Clavicle",
    "RootNode/Bip001/Bip001 Pelvis/Bip001 Spine/Bip001 Spine1/Bip001 Spine2/Bone014/Bone018",
    "RootNode/Bip001/Bip001 Pelvis/Bip001 Spine/Bip001 Spine1/Bip001 Spine2/Bone014/Bone018/Bone015",
    "RootNode/Bip001/Bip001 Pelvis/Bip001 Spine/Bip001 Spine1/Bip001 Spine2/Bone014/Bone018/Bone015/Bone016",
    "RootNode/Bip001/Bip001 Pelvis/Bip001 Spine/Bip001 Spine1/Bip001 Spine2/Bip001 Neck/Bip001 L Clavicle/Bip001 L UpperArm",
    "RootNode/Bip001/Bip001 Pelvis/Bip001 Spine/Bip001 Spine1/Bip001 Spine2/Bone008/Bone009/Bone010/Bone011",
    "RootNode/Bip001/Bip001 Pelvis/Bip001 Spine/Bip001 Spine1/Bip001 Spine2/Bone008/Bone009/Bone010/Bone011/Bone012",
    "RootNode/Bip001/Bip001 Pelvis/Bip001 Spine/Bip001 Spine1/Bip001 Spine2/Bip001 Neck/Bip001 Head/Bone019",
    "RootNode/Bip001/Bip001 Pelvis/Bip001 Spine/Bip001 Spine1/Bip001 Spine2/Bip001 Neck/Bip001 Head/Bone019/Bone020",
    "RootNode/Bip001/Bip001 Pelvis/Bip001 Spine/Bip001 Spine1/Bip001 Spine2/Bip001 Neck/Bip001 Head/Bone019/Bone020/Bone021"
  ],
  "_bindposes": [
    {
      "__type__": "cc.Mat4",
      "m00": -3.650198721061315e-8,
      "m01": -1.6716963102680893e-7,
      "m02": 0.11043059080839157,
      "m03": 0,
      "m04": 0.017818627879023552,
      "m05": -0.10898355394601822,
      "m06": -1.590892679814715e-7,
      "m07": 0,
      "m08": 0.10898354649543762,
      "m09": 0.0178186297416687,
      "m10": 6.299747923321775e-8,
      "m11": 0,
      "m12": -0.12319144606590271,
      "m13": -0.02501452900469303,
      "m14": -7.811907920540762e-8,
      "m15": 1
    },
    {
      "__type__": "cc.Mat4",
      "m00": 4.92673990493131e-9,
      "m01": -1.6027583171762672e-7,
      "m02": 0.11043059080839157,
      "m03": 0,
      "m04": -0.013963503763079643,
      "m05": -0.10954422503709793,
      "m06": -1.5836640443467331e-7,
      "m07": 0,
      "m08": 0.10954421758651733,
      "m09": -0.013963504694402218,
      "m10": -2.5153427785085114e-8,
      "m11": 0,
      "m12": -0.10189218074083328,
      "m13": 0.009977370500564575,
      "m14": 1.9046908050768252e-8,
      "m15": 1
    },
    {
      "__type__": "cc.Mat4",
      "m00": 0.0009304972481913865,
      "m01": -0.00007313876267289743,
      "m02": -0.1104266420006752,
      "m03": 0,
      "m04": 0.0042665875516831875,
      "m05": -0.11034806817770004,
      "m06": 0.00010903863585554063,
      "m07": 0,
      "m08": -0.11034420877695084,
      "m09": -0.004267353098839521,
      "m10": -0.0009269763249903917,
      "m11": 0,
      "m12": 0.09375736117362976,
      "m13": 0.002624093322083354,
      "m14": -0.007865975610911846,
      "m15": 1
    },
    {
      "__type__": "cc.Mat4",
      "m00": -1.531451516711968e-7,
      "m01": 2.997146282268659e-7,
      "m02": 0.11043059080839157,
      "m03": 0,
      "m04": -0.010228434577584267,
      "m05": -0.10995586961507797,
      "m06": 2.842414232873125e-7,
      "m07": 0,
      "m08": 0.10995586961507797,
      "m09": -0.010228435508906841,
      "m10": 1.8024735481958487e-7,
      "m11": 0,
      "m12": -0.09340845048427582,
      "m13": 0.007692371029406786,
      "m14": -1.50416369137929e-7,
      "m15": 1
    },
    {
      "__type__": "cc.Mat4",
      "m00": 2.2394212135720681e-13,
      "m01": -1.5972078415416036e-7,
      "m02": 0.11043059080839157,
      "m03": 0,
      "m04": -0.010228286497294903,
      "m05": -0.10995589196681976,
      "m06": -1.5903417249774066e-7,
      "m07": 0,
      "m08": 0.10995587706565857,
      "m09": -0.010228288359940052,
      "m10": -1.4793859470785264e-8,
      "m11": 0,
      "m12": -0.1528424322605133,
      "m13": 0.014100147411227226,
      "m14": 2.0475862783086995e-8,
      "m15": 1
    },
    {
      "__type__": "cc.Mat4",
      "m00": -0.10123547166585922,
      "m01": -1.3669837528595963e-7,
      "m02": 0.04411680996417999,
      "m03": 0,
      "m04": -0.007153300568461418,
      "m05": 0.1089693233370781,
      "m06": -0.016414446756243706,
      "m07": 0,
      "m08": -0.04353300854563713,
      "m09": -0.01790541224181652,
      "m10": -0.0998958945274353,
      "m11": 0,
      "m12": 0.05171991139650345,
      "m13": 0.0221755038946867,
      "m14": 0.13128459453582764,
      "m15": 1
    },
    {
      "__type__": "cc.Mat4",
      "m00": 0.07735119014978409,
      "m01": 0.019259104505181313,
      "m02": 0.07642509043216705,
      "m03": 0,
      "m04": -0.012127017602324486,
      "m05": 0.1087159588932991,
      "m06": -0.015122427605092525,
      "m07": 0,
      "m08": -0.07787581533193588,
      "m09": 0.0021998367737978697,
      "m10": 0.07826514542102814,
      "m11": 0,
      "m12": 0.06598085910081863,
      "m13": -0.008036341518163681,
      "m14": -0.10861083120107651,
      "m15": 1
    },
    {
      "__type__": "cc.Mat4",
      "m00": -0.0773511454463005,
      "m01": -0.019259389489889145,
      "m02": 0.07642506062984467,
      "m03": 0,
      "m04": -0.012127222493290901,
      "m05": 0.10871592164039612,
      "m06": 0.015122627839446068,
      "m07": 0,
      "m08": -0.07787583768367767,
      "m09": 0.002199831884354353,
      "m10": -0.07826513051986694,
      "m11": 0,
      "m12": 0.06598086655139923,
      "m13": -0.008036337792873383,
      "m14": 0.10861081629991531,
      "m15": 1
    },
    {
      "__type__": "cc.Mat4",
      "m00": -0.0009330158354714513,
      "m01": 0.000026590651032165624,
      "m02": -0.1104266420006752,
      "m03": 0,
      "m04": 0.009806430898606777,
      "m05": -0.10999424755573273,
      "m06": -0.00010934296733466908,
      "m07": 0,
      "m08": -0.10999033600091934,
      "m09": -0.009807005524635315,
      "m10": 0.0009269681177102029,
      "m11": 0,
      "m12": 0.055490732192993164,
      "m13": 0.005419472232460976,
      "m14": 0.00786598026752472,
      "m15": 1
    },
    {
      "__type__": "cc.Mat4",
      "m00": -0.0009305009734816849,
      "m01": 0.00007344171172007918,
      "m02": -0.1104266420006752,
      "m03": 0,
      "m04": 0.004266585223376751,
      "m05": -0.11034806817770004,
      "m06": -0.00010934149759123102,
      "m07": 0,
      "m08": -0.11034420877695084,
      "m09": -0.004267353098839521,
      "m10": 0.0009269682923331857,
      "m11": 0,
      "m12": 0.09375736117362976,
      "m13": 0.0026240923907607794,
      "m14": 0.007865979336202145,
      "m15": 1
    },
    {
      "__type__": "cc.Mat4",
      "m00": 0.0009329977328889072,
      "m01": -0.00002629815753607545,
      "m02": -0.1104266420006752,
      "m03": 0,
      "m04": 0.009806433692574501,
      "m05": -0.10999424755573273,
      "m06": 0.00010905003000516444,
      "m07": 0,
      "m08": -0.10999033600091934,
      "m09": -0.009807003661990166,
      "m10": -0.0009269760339520872,
      "m11": 0,
      "m12": 0.055490732192993164,
      "m13": 0.005419472232460976,
      "m14": -0.007865975610911846,
      "m15": 1
    },
    {
      "__type__": "cc.Mat4",
      "m00": -0.07902484387159348,
      "m01": -0.01044978853315115,
      "m02": 0.07642506062984467,
      "m03": 0,
      "m04": 0.00016000626783352345,
      "m05": 0.10939010232686996,
      "m06": 0.015122627839446068,
      "m07": 0,
      "m08": -0.07713601738214493,
      "m09": 0.010932586155831814,
      "m10": -0.07826513051986694,
      "m11": 0,
      "m12": 0.08562622219324112,
      "m13": -0.015396171249449253,
      "m14": 0.10861081629991531,
      "m15": 1
    },
    {
      "__type__": "cc.Mat4",
      "m00": 1.385802050890561e-8,
      "m01": -1.6127675905863725e-7,
      "m02": 0.11043059080839157,
      "m03": 0,
      "m04": -0.020704200491309166,
      "m05": -0.10847236216068268,
      "m06": -1.5581866819047718e-7,
      "m07": 0,
      "m08": 0.10847236216068268,
      "m09": -0.020704202353954315,
      "m10": -4.3849425424014044e-8,
      "m11": 0,
      "m12": -0.14545853435993195,
      "m13": 0.028662564232945442,
      "m14": 6.086462889243194e-8,
      "m15": 1
    },
    {
      "__type__": "cc.Mat4",
      "m00": 0.01082228496670723,
      "m01": -0.00028713265783153474,
      "m02": -0.1098986342549324,
      "m03": 0,
      "m04": 0.0093839131295681,
      "m05": -0.11002446711063385,
      "m06": 0.001211544033139944,
      "m07": 0,
      "m08": -0.10949762910604477,
      "m09": -0.009457441978156567,
      "m10": -0.010758088901638985,
      "m11": 0,
      "m12": 0.08373250812292099,
      "m13": 0.025912625715136528,
      "m14": 0.010458207689225674,
      "m15": 1
    },
    {
      "__type__": "cc.Mat4",
      "m00": 1.4036310780340955e-8,
      "m01": -0.0030174951534718275,
      "m02": -0.1103893518447876,
      "m03": 0,
      "m04": -0.00039901401032693684,
      "m05": -0.11038863658905029,
      "m06": 0.0030174755956977606,
      "m07": 0,
      "m08": -0.11042985320091248,
      "m09": 0.0003988646494690329,
      "m10": -0.00001091701506084064,
      "m11": 0,
      "m12": 0.014501422643661499,
      "m13": 0.00387921673245728,
      "m14": -0.008092782460153103,
      "m15": 1
    },
    {
      "__type__": "cc.Mat4",
      "m00": -0.09784167259931564,
      "m01": -0.04446665570139885,
      "m02": -0.025389738380908966,
      "m03": 0,
      "m04": -0.01746896095573902,
      "m05": -0.02248450182378292,
      "m06": 0.10669674724340439,
      "m07": 0,
      "m08": -0.04813270643353462,
      "m09": 0.09854988753795624,
      "m10": 0.012887145392596722,
      "m11": 0,
      "m12": 0.08656062185764313,
      "m13": -0.0648762509226799,
      "m14": 0.0014560751151293516,
      "m15": 1
    },
    {
      "__type__": "cc.Mat4",
      "m00": -0.0534200593829155,
      "m01": -0.09325540065765381,
      "m02": -0.025389743968844414,
      "m03": 0,
      "m04": -0.001038944348692894,
      "m05": -0.028454143553972244,
      "m06": 0.10669674724340439,
      "m07": 0,
      "m08": -0.09664434939622879,
      "m09": 0.05185271054506302,
      "m10": 0.012887146323919296,
      "m11": 0,
      "m12": 0.11120425909757614,
      "m13": -0.0020718334708362818,
      "m14": 0.0014560762792825699,
      "m15": 1
    },
    {
      "__type__": "cc.Mat4",
      "m00": 0.023682639002799988,
      "m01": -0.10483037680387497,
      "m02": -0.025389721617102623,
      "m03": 0,
      "m04": 0.01847090758383274,
      "m05": -0.021668918430805206,
      "m06": 0.10669675469398499,
      "m07": 0,
      "m08": -0.10626792907714844,
      "m09": -0.027128640562295914,
      "m10": 0.012887145392596722,
      "m11": 0,
      "m12": 0.08781194686889648,
      "m13": 0.07365315407514572,
      "m14": 0.0014560655690729618,
      "m15": 1
    },
    {
      "__type__": "cc.Mat4",
      "m00": 0.07479313760995865,
      "m01": -0.08067724108695984,
      "m02": -0.009596026502549648,
      "m03": 0,
      "m04": 0.012733873911201954,
      "m05": -0.0012413960648700595,
      "m06": 0.10968691855669022,
      "m07": 0,
      "m08": -0.08024181425571442,
      "m09": -0.07539599388837814,
      "m10": 0.008462201803922653,
      "m11": 0,
      "m12": 0.049567315727472305,
      "m13": 0.10719551891088486,
      "m14": -0.0025911557022482157,
      "m15": 1
    },
    {
      "__type__": "cc.Mat4",
      "m00": 0.013274633325636387,
      "m01": -0.10438450425863266,
      "m02": -0.03350479155778885,
      "m03": 0,
      "m04": 0.009535165503621101,
      "m05": -0.0325222872197628,
      "m06": 0.10510135442018509,
      "m07": 0,
      "m08": -0.10921438038349152,
      "m09": -0.015526998788118362,
      "m10": 0.005103676579892635,
      "m11": 0,
      "m12": 0.09505575150251389,
      "m13": 0.06302807480096817,
      "m14": 0.010246735997498035,
      "m15": 1
    },
    {
      "__type__": "cc.Mat4",
      "m00": 0.06582440435886383,
      "m01": -0.0873241275548935,
      "m02": -0.015380400232970715,
      "m03": 0,
      "m04": 0.02090475708246231,
      "m05": -0.003331561340019107,
      "m06": 0.1083826795220375,
      "m07": 0,
      "m08": -0.08616873621940613,
      "m09": -0.06751526147127151,
      "m10": 0.014544808305799961,
      "m11": 0,
      "m12": 0.049517467617988586,
      "m13": 0.10303723067045212,
      "m14": -0.0023614189121872187,
      "m15": 1
    },
    {
      "__type__": "cc.Mat4",
      "m00": 0.028561102226376534,
      "m01": -0.1055586114525795,
      "m02": -0.015380383469164371,
      "m03": 0,
      "m04": 0.01815950497984886,
      "m05": -0.010878428816795349,
      "m06": 0.1083826795220375,
      "m07": 0,
      "m08": -0.10511617362499237,
      "m09": -0.030560633167624474,
      "m10": 0.01454481203109026,
      "m11": 0,
      "m12": 0.08038149774074554,
      "m13": 0.07876456528902054,
      "m14": -0.002361429389566183,
      "m15": 1
    },
    {
      "__type__": "cc.Mat4",
      "m00": 0.018828382715582848,
      "m01": -0.10772115737199783,
      "m02": -0.015380365774035454,
      "m03": 0,
      "m04": 0.017093248665332794,
      "m05": -0.012487119063735008,
      "m06": 0.1083826795220375,
      "m07": 0,
      "m08": -0.10746268182992935,
      "m09": -0.02085989899933338,
      "m10": 0.014544814825057983,
      "m11": 0,
      "m12": 0.08453743159770966,
      "m13": 0.07136170566082001,
      "m14": -0.002361440099775791,
      "m15": 1
    },
    {
      "__type__": "cc.Mat4",
      "m00": 0.020473871380090714,
      "m01": -0.01845606043934822,
      "m02": 0.10693506896495819,
      "m03": 0,
      "m04": -0.048439640551805496,
      "m05": 0.09582390636205673,
      "m06": 0.02581266313791275,
      "m07": 0,
      "m08": -0.09710479527711868,
      "m09": -0.051692016422748566,
      "m10": 0.00967015977948904,
      "m11": 0,
      "m12": 0.08247879892587662,
      "m13": 0.0618869848549366,
      "m14": -0.05320544168353081,
      "m15": 1
    },
    {
      "__type__": "cc.Mat4",
      "m00": 0.01781494729220867,
      "m01": -0.02103411592543125,
      "m02": 0.10693506896495819,
      "m03": 0,
      "m04": -0.0351567417383194,
      "m05": 0.10145255923271179,
      "m06": 0.025812681764364243,
      "m07": 0,
      "m08": -0.1031578779220581,
      "m09": -0.03820805996656418,
      "m10": 0.009670157916843891,
      "m11": 0,
      "m12": 0.08627845346927643,
      "m13": 0.050779279321432114,
      "m14": -0.05320544168353081,
      "m15": 1
    },
    {
      "__type__": "cc.Mat4",
      "m00": 0.013456427492201328,
      "m01": -0.024056915193796158,
      "m02": 0.106935054063797,
      "m03": 0,
      "m04": -0.015074425376951694,
      "m05": 0.10630793124437332,
      "m06": 0.02581276372075081,
      "m07": 0,
      "m08": -0.10856612771749496,
      "m09": -0.01774265430867672,
      "m10": 0.009670155122876167,
      "m11": 0,
      "m12": 0.09136366844177246,
      "m13": 0.03390800207853317,
      "m14": -0.053205423057079315,
      "m15": 1
    },
    {
      "__type__": "cc.Mat4",
      "m00": 0.026618430390954018,
      "m01": -0.10023698210716248,
      "m02": -0.03793308138847351,
      "m03": 0,
      "m04": 0.007921581156551838,
      "m05": -0.037138525396585464,
      "m06": 0.10369615256786346,
      "m07": 0,
      "m08": -0.10688135027885437,
      "m09": -0.027716221287846565,
      "m10": -0.001761593739502132,
      "m11": 0,
      "m12": 0.08652156591415405,
      "m13": 0.07140197604894638,
      "m14": 0.01691189967095852,
      "m15": 1
    },
    {
      "__type__": "cc.Mat4",
      "m00": -0.06074507534503937,
      "m01": -0.08592075109481812,
      "m02": -0.03350483998656273,
      "m03": 0,
      "m04": -0.01494560670107603,
      "m05": -0.030417930334806442,
      "m06": 0.1051013320684433,
      "m07": 0,
      "m08": -0.0910031870007515,
      "m09": 0.06234811246395111,
      "m10": 0.005103675182908773,
      "m11": 0,
      "m12": 0.10978659987449646,
      "m13": -0.015129112638533115,
      "m14": 0.010246758349239826,
      "m15": 1
    },
    {
      "__type__": "cc.Mat4",
      "m00": -0.08783306926488876,
      "m01": -0.05794559419155121,
      "m02": -0.03350483253598213,
      "m03": 0,
      "m04": -0.02498454786837101,
      "m05": -0.022899646311998367,
      "m06": 0.1051013320684433,
      "m07": 0,
      "m08": -0.062097009271383286,
      "m09": 0.09117471426725388,
      "m10": 0.005103675182908773,
      "m11": 0,
      "m12": 0.09433827549219131,
      "m13": -0.053072068840265274,
      "m14": 0.010246757417917252,
      "m15": 1
    },
    {
      "__type__": "cc.Mat4",
      "m00": -0.0468759685754776,
      "m01": -0.09251289069652557,
      "m02": -0.037933100014925,
      "m03": 0,
      "m04": -0.01881595142185688,
      "m05": -0.03298458456993103,
      "m06": 0.10369615256786346,
      "m07": 0,
      "m08": -0.09820141643285751,
      "m09": 0.050480619072914124,
      "m10": -0.0017615931574255228,
      "m11": 0,
      "m12": 0.10997068881988525,
      "m13": -0.002433349844068289,
      "m14": 0.016911907121539116,
      "m15": 1
    },
    {
      "__type__": "cc.Mat4",
      "m00": -0.09548241645097733,
      "m01": -0.04048582911491394,
      "m02": -0.037933092564344406,
      "m03": 0,
      "m04": -0.035650573670864105,
      "m05": -0.013078945688903332,
      "m06": 0.10369615256786346,
      "m07": 0,
      "m08": -0.042509496212005615,
      "m09": 0.10190559923648834,
      "m10": -0.0017615931574255228,
      "m11": 0,
      "m12": 0.08109147101640701,
      "m13": -0.07159294933080673,
      "m14": 0.016911903396248817,
      "m15": 1
    },
    {
      "__type__": "cc.Mat4",
      "m00": 1.3830618428301023e-8,
      "m01": 0.003017693292349577,
      "m02": -0.110389344394207,
      "m03": 0,
      "m04": -0.00039901401032693684,
      "m05": -0.11038863658905029,
      "m06": -0.00301767373457551,
      "m07": 0,
      "m08": -0.11042985320091248,
      "m09": 0.00039886540616862476,
      "m10": 0.000010889873919950332,
      "m11": 0,
      "m12": 0.014501419849693775,
      "m13": 0.0038792239502072334,
      "m14": 0.008092787116765976,
      "m15": 1
    },
    {
      "__type__": "cc.Mat4",
      "m00": 0.09784172475337982,
      "m01": 0.04446670040488243,
      "m02": -0.025389455258846283,
      "m03": 0,
      "m04": -0.017468703910708427,
      "m05": -0.02248438261449337,
      "m06": -0.10669682174921036,
      "m07": 0,
      "m08": -0.04813269525766373,
      "m09": 0.09854988753795624,
      "m10": -0.012887148186564445,
      "m11": 0,
      "m12": 0.08656062185764313,
      "m13": -0.0648762583732605,
      "m14": -0.0014560713898390532,
      "m15": 1
    },
    {
      "__type__": "cc.Mat4",
      "m00": 0.053420085459947586,
      "m01": 0.09325548261404037,
      "m02": -0.025389455258846283,
      "m03": 0,
      "m04": -0.0010388029040768743,
      "m05": -0.02845389023423195,
      "m06": -0.10669682174921036,
      "m07": 0,
      "m08": -0.0966443419456482,
      "m09": 0.05185273662209511,
      "m10": -0.012887147255241871,
      "m11": 0,
      "m12": 0.11120425909757614,
      "m13": -0.0020718432497233152,
      "m14": -0.0014560724375769496,
      "m15": 1
    },
    {
      "__type__": "cc.Mat4",
      "m00": -0.023682663217186928,
      "m01": 0.10483044385910034,
      "m02": -0.025389453396201134,
      "m03": 0,
      "m04": 0.018470844253897667,
      "m05": -0.021668657660484314,
      "m06": -0.10669682174921036,
      "m07": 0,
      "m08": -0.10626792907714844,
      "m09": -0.02712862193584442,
      "m10": -0.012887147255241871,
      "m11": 0,
      "m12": 0.08781194686889648,
      "m13": 0.07365314662456512,
      "m14": -0.0014560703421011567,
      "m15": 1
    },
    {
      "__type__": "cc.Mat4",
      "m00": 0.060745127499103546,
      "m01": 0.08592082560062408,
      "m02": -0.03350456804037094,
      "m03": 0,
      "m04": -0.01494544930756092,
      "m05": -0.03041771426796913,
      "m06": -0.10510142892599106,
      "m07": 0,
      "m08": -0.0910031870007515,
      "m09": 0.0623481310904026,
      "m10": -0.005103679373860359,
      "m11": 0,
      "m12": 0.10978659242391586,
      "m13": -0.01512911170721054,
      "m14": -0.010246760211884975,
      "m15": 1
    },
    {
      "__type__": "cc.Mat4",
      "m00": -0.07479315251111984,
      "m01": 0.08067725598812103,
      "m02": -0.00959574244916439,
      "m03": 0,
      "m04": 0.012733678333461285,
      "m05": -0.0012411893112584949,
      "m06": -0.109686940908432,
      "m07": 0,
      "m08": -0.08024182915687561,
      "m09": -0.07539597898721695,
      "m10": -0.008462201803922653,
      "m11": 0,
      "m12": 0.0495673306286335,
      "m13": 0.10719551146030426,
      "m14": 0.002591152675449848,
      "m15": 1
    },
    {
      "__type__": "cc.Mat4",
      "m00": -0.013274631462991238,
      "m01": 0.10438460111618042,
      "m02": -0.033504560589790344,
      "m03": 0,
      "m04": 0.009535130113363266,
      "m05": -0.032522059977054596,
      "m06": -0.10510142892599106,
      "m07": 0,
      "m08": -0.10921438783407211,
      "m09": -0.015526976436376572,
      "m10": -0.0051036798395216465,
      "m11": 0,
      "m12": 0.09505575150251389,
      "m13": 0.06302805989980698,
      "m14": -0.010246755555272102,
      "m15": 1
    },
    {
      "__type__": "cc.Mat4",
      "m00": -0.06582444161176682,
      "m01": 0.08732415735721588,
      "m02": -0.015380119904875755,
      "m03": 0,
      "m04": 0.02090458758175373,
      "m05": -0.003331341315060854,
      "m06": -0.10838271677494049,
      "m07": 0,
      "m08": -0.08616876602172852,
      "m09": -0.06751523166894913,
      "m10": -0.014544808305799961,
      "m11": 0,
      "m12": 0.049517497420310974,
      "m13": 0.10303722321987152,
      "m14": 0.00236141518689692,
      "m15": 1
    },
    {
      "__type__": "cc.Mat4",
      "m00": -0.028561115264892578,
      "m01": 0.10555864870548248,
      "m02": -0.015380123630166054,
      "m03": 0,
      "m04": 0.018159428611397743,
      "m05": -0.010878181084990501,
      "m06": -0.10838271677494049,
      "m07": 0,
      "m08": -0.10511618107557297,
      "m09": -0.030560605227947235,
      "m10": -0.014544808305799961,
      "m11": 0,
      "m12": 0.08038150519132614,
      "m13": 0.07876455038785934,
      "m14": 0.0023614135570824146,
      "m15": 1
    },
    {
      "__type__": "cc.Mat4",
      "m00": -0.018828392028808594,
      "m01": 0.10772120207548141,
      "m02": -0.015380142256617546,
      "m03": 0,
      "m04": 0.017093198373913765,
      "m05": -0.012486902065575123,
      "m06": -0.10838271677494049,
      "m07": 0,
      "m08": -0.10746268182992935,
      "m09": -0.02085987478494644,
      "m10": -0.014544807374477386,
      "m11": 0,
      "m12": 0.08453743904829025,
      "m13": 0.07136168330907822,
      "m14": 0.0023614016827195883,
      "m15": 1
    },
    {
      "__type__": "cc.Mat4",
      "m00": -0.020473722368478775,
      "m01": 0.01845579966902733,
      "m02": 0.10693515837192535,
      "m03": 0,
      "m04": -0.04843969643115997,
      "m05": 0.0958239734172821,
      "m06": -0.025812365114688873,
      "m07": 0,
      "m08": -0.09710480272769928,
      "m09": -0.05169201269745827,
      "m10": -0.009670144878327847,
      "m11": 0,
      "m12": 0.08247880637645721,
      "m13": 0.061886977404356,
      "m14": 0.05320544168353081,
      "m15": 1
    },
    {
      "__type__": "cc.Mat4",
      "m00": -0.01781483367085457,
      "m01": 0.02103382721543312,
      "m02": 0.10693515837192535,
      "m03": 0,
      "m04": -0.03515679016709328,
      "m05": 0.10145263373851776,
      "m06": -0.02581237442791462,
      "m07": 0,
      "m08": -0.1031579002737999,
      "m09": -0.03820805624127388,
      "m10": -0.009670143947005272,
      "m11": 0,
      "m12": 0.08627846837043762,
      "m13": 0.05077926069498062,
      "m14": 0.05320543795824051,
      "m15": 1
    },
    {
      "__type__": "cc.Mat4",
      "m00": -0.01345636323094368,
      "m01": 0.02405659668147564,
      "m02": 0.10693513602018356,
      "m03": 0,
      "m04": -0.015074461698532104,
      "m05": 0.10630802065134048,
      "m06": -0.025812439620494843,
      "m07": 0,
      "m08": -0.10856613516807556,
      "m09": -0.017742644995450974,
      "m10": -0.009670136496424675,
      "m11": 0,
      "m12": 0.09136368334293365,
      "m13": 0.03390797972679138,
      "m14": 0.053205423057079315,
      "m15": 1
    },
    {
      "__type__": "cc.Mat4",
      "m00": -0.02661842480301857,
      "m01": 0.10023709386587143,
      "m02": -0.03793282434344292,
      "m03": 0,
      "m04": 0.007921512238681316,
      "m05": -0.037138283252716064,
      "m06": -0.10369625687599182,
      "m07": 0,
      "m08": -0.10688135772943497,
      "m09": -0.027716197073459625,
      "m10": 0.001761588384397328,
      "m11": 0,
      "m12": 0.08652157336473465,
      "m13": 0.07140196114778519,
      "m14": -0.016911905258893967,
      "m15": 1
    },
    {
      "__type__": "cc.Mat4",
      "m00": 0.08783314377069473,
      "m01": 0.05794564634561539,
      "m02": -0.03350456431508064,
      "m03": 0,
      "m04": -0.024984320625662804,
      "m05": -0.022899499163031578,
      "m06": -0.10510142892599106,
      "m07": 0,
      "m08": -0.06209699809551239,
      "m09": 0.09117471426725388,
      "m10": -0.005103679373860359,
      "m11": 0,
      "m12": 0.09433826059103012,
      "m13": -0.053072065114974976,
      "m14": -0.010246758349239826,
      "m15": 1
    },
    {
      "__type__": "cc.Mat4",
      "m00": 0.04687604308128357,
      "m01": 0.09251298755407333,
      "m02": -0.03793281689286232,
      "m03": 0,
      "m04": -0.01881582662463188,
      "m05": -0.03298433497548103,
      "m06": -0.10369625687599182,
      "m07": 0,
      "m08": -0.09820140898227692,
      "m09": 0.050480637699365616,
      "m10": 0.001761588384397328,
      "m11": 0,
      "m12": 0.10997068881988525,
      "m13": -0.0024333582259714603,
      "m14": -0.016911901533603668,
      "m15": 1
    },
    {
      "__type__": "cc.Mat4",
      "m00": 0.09548252820968628,
      "m01": 0.04048584774136543,
      "m02": -0.03793281689286232,
      "m03": 0,
      "m04": -0.03565032407641411,
      "m05": -0.013078838586807251,
      "m06": -0.10369625687599182,
      "m07": 0,
      "m08": -0.04250948876142502,
      "m09": 0.10190562158823013,
      "m10": 0.001761588267982006,
      "m11": 0,
      "m12": 0.08109147846698761,
      "m13": -0.07159295678138733,
      "m14": -0.016911901533603668,
      "m15": 1
    },
    {
      "__type__": "cc.Mat4",
      "m00": 0.008130674250423908,
      "m01": -0.001704207737930119,
      "m02": 0.11011768132448196,
      "m03": 0,
      "m04": 0.011014181189239025,
      "m05": 0.1098763719201088,
      "m06": 0.0008872273610904813,
      "m07": 0,
      "m08": -0.1095786988735199,
      "m09": 0.010917648673057556,
      "m10": 0.008259844966232777,
      "m11": 0,
      "m12": 0.12753665447235107,
      "m13": -0.02562321536242962,
      "m14": -0.017865674570202827,
      "m15": 1
    },
    {
      "__type__": "cc.Mat4",
      "m00": 0.02324400097131729,
      "m01": 0.00033113392419181764,
      "m02": 0.10795611888170242,
      "m03": 0,
      "m04": 0.010874336585402489,
      "m05": 0.10986121743917465,
      "m06": -0.0026783293578773737,
      "m07": 0,
      "m08": -0.10740751773118973,
      "m09": 0.01119441818445921,
      "m10": 0.02309155836701393,
      "m11": 0,
      "m12": 0.10261864215135574,
      "m13": -0.026071744039654732,
      "m14": -0.031845856457948685,
      "m15": 1
    },
    {
      "__type__": "cc.Mat4",
      "m00": -0.001867337734438479,
      "m01": -0.011903640814125538,
      "m02": 0.10977126657962799,
      "m03": 0,
      "m04": 0.0465056486427784,
      "m05": 0.09948893636465073,
      "m06": 0.011579737067222595,
      "m07": 0,
      "m08": -0.10014314204454422,
      "m09": 0.04642380774021149,
      "m10": 0.003330664010718465,
      "m11": 0,
      "m12": 0.124409981071949,
      "m13": -0.06560046225786209,
      "m14": -0.013269731774926186,
      "m15": 1
    },
    {
      "__type__": "cc.Mat4",
      "m00": -8.888422442510091e-9,
      "m01": -1.5654762819394819e-7,
      "m02": 0.11043059080839157,
      "m03": 0,
      "m04": -0.0034599746577441692,
      "m05": -0.11037637293338776,
      "m06": -1.5674923758979276e-7,
      "m07": 0,
      "m08": 0.11037637293338776,
      "m09": -0.0034599751234054565,
      "m10": 3.97916011252164e-9,
      "m11": 0,
      "m12": -0.11403431743383408,
      "m13": -0.000885301735252142,
      "m14": -1.0923459470291164e-8,
      "m15": 1
    },
    {
      "__type__": "cc.Mat4",
      "m00": -0.00706099160015583,
      "m01": -0.00039044194272719324,
      "m02": -0.11020392179489136,
      "m03": 0,
      "m04": 0.04099998250603676,
      "m05": -0.10251237452030182,
      "m06": -0.002263761591166258,
      "m07": 0,
      "m08": -0.10229397565126419,
      "m09": -0.04106057062745094,
      "m10": 0.006699658930301666,
      "m11": 0,
      "m12": 0.12749239802360535,
      "m13": 0.06023935228586197,
      "m14": -0.008382132276892662,
      "m15": 1
    },
    {
      "__type__": "cc.Mat4",
      "m00": 0.0025159097276628017,
      "m01": 0.0005178236751817167,
      "m02": -0.1104007139801979,
      "m03": 0,
      "m04": 0.01851271279156208,
      "m05": -0.10886773467063904,
      "m06": -0.00008874925697455183,
      "m07": 0,
      "m08": -0.10883870720863342,
      "m09": -0.018505681306123734,
      "m10": -0.0025671126786619425,
      "m11": 0,
      "m12": 0.1269010752439499,
      "m13": 0.03423505648970604,
      "m14": 0.002352241426706314,
      "m15": 1
    },
    {
      "__type__": "cc.Mat4",
      "m00": 0.011552602052688599,
      "m01": -0.0007272855727933347,
      "m02": -0.10982223600149155,
      "m03": 0,
      "m04": 0.011693108826875687,
      "m05": -0.10979227721691132,
      "m06": 0.0019571296870708466,
      "m07": 0,
      "m08": -0.10920034348964691,
      "m09": -0.011833435855805874,
      "m10": -0.011408824473619461,
      "m11": 0,
      "m12": 0.1068069115281105,
      "m13": 0.027738604694604874,
      "m14": 0.010839467868208885,
      "m15": 1
    },
    {
      "__type__": "cc.Mat4",
      "m00": -0.011952091008424759,
      "m01": -0.00011462320253485814,
      "m02": -0.10978182405233383,
      "m03": 0,
      "m04": 0.005169106647372246,
      "m05": -0.11030864715576172,
      "m06": -0.000447593949502334,
      "m07": 0,
      "m08": -0.10966014862060547,
      "m09": -0.00518718222156167,
      "m10": 0.01194425392895937,
      "m11": 0,
      "m12": 0.06179871782660484,
      "m13": 0.023533791303634644,
      "m14": -0.0021275761537253857,
      "m15": 1
    },
    {
      "__type__": "cc.Mat4",
      "m00": -0.044958729296922684,
      "m01": -0.0001847352395998314,
      "m02": -0.1008642241358757,
      "m03": 0,
      "m04": 0.006928702816367149,
      "m05": -0.11017517745494843,
      "m06": -0.002886578906327486,
      "m07": 0,
      "m08": -0.10062611103057861,
      "m09": -0.007503674365580082,
      "m10": 0.04486635699868202,
      "m11": 0,
      "m12": 0.031791698187589645,
      "m13": 0.024256214499473572,
      "m14": -0.012408294714987278,
      "m15": 1
    },
    {
      "__type__": "cc.Mat4",
      "m00": 0.010051490738987923,
      "m01": 0.0030487566255033016,
      "m02": 0.10992994159460068,
      "m03": 0,
      "m04": 0.04040144756436348,
      "m05": 0.10256648063659668,
      "m06": -0.006538666319102049,
      "m07": 0,
      "m08": -0.10228199511766434,
      "m09": 0.04081342741847038,
      "m10": 0.008220294490456581,
      "m11": 0,
      "m12": 0.12640529870986938,
      "m13": -0.05790673941373825,
      "m14": -0.022732224315404892,
      "m15": 1
    },
    {
      "__type__": "cc.Mat4",
      "m00": 0.10123550146818161,
      "m01": -1.4383208224444388e-7,
      "m02": 0.04411674290895462,
      "m03": 0,
      "m04": -0.00715303560718894,
      "m05": 0.1089693233370781,
      "m06": 0.01641456037759781,
      "m07": 0,
      "m08": -0.04353298619389534,
      "m09": -0.01790541224181652,
      "m10": 0.0998959019780159,
      "m11": 0,
      "m12": 0.051719896495342255,
      "m13": 0.0221755038946867,
      "m14": -0.13128460943698883,
      "m15": 1
    },
    {
      "__type__": "cc.Mat4",
      "m00": 0.018953688442707062,
      "m01": 0.006634651683270931,
      "m02": 0.10858938843011856,
      "m03": 0,
      "m04": 0.013368535786867142,
      "m05": 0.10924763232469559,
      "m06": -0.009008278138935566,
      "m07": 0,
      "m08": -0.10796738415956497,
      "m09": 0.014691771939396858,
      "m10": 0.017947476357221603,
      "m11": 0,
      "m12": 0.12250902503728867,
      "m13": -0.028472278267145157,
      "m14": -0.033694133162498474,
      "m15": 1
    },
    {
      "__type__": "cc.Mat4",
      "m00": 0.03955664858222008,
      "m01": 0.011809422634541988,
      "m02": 0.10242423415184021,
      "m03": 0,
      "m04": 0.00963273923844099,
      "m05": 0.10880066454410553,
      "m06": -0.016264818608760834,
      "m07": 0,
      "m08": -0.10265181958675385,
      "m09": 0.014760473743081093,
      "m10": 0.03794267401099205,
      "m11": 0,
      "m12": 0.09846547245979309,
      "m13": -0.02926766872406006,
      "m14": -0.052494924515485764,
      "m15": 1
    },
    {
      "__type__": "cc.Mat4",
      "m00": 0.014055305160582066,
      "m01": -0.0053305779583752155,
      "m02": 0.10940269380807877,
      "m03": 0,
      "m04": 0.0031717168167233467,
      "m05": 0.11027326434850693,
      "m06": 0.00496551813557744,
      "m07": 0,
      "m08": -0.10948649793863297,
      "m09": 0.0025101967621594667,
      "m10": 0.014188393019139767,
      "m11": 0,
      "m12": 0.09344660490751266,
      "m13": -0.015110941603779793,
      "m14": -0.035633258521556854,
      "m15": 1
    },
    {
      "__type__": "cc.Mat4",
      "m00": 0.07902486622333527,
      "m01": 0.010449500754475594,
      "m02": 0.07642509788274765,
      "m03": 0,
      "m04": 0.00016021351621020585,
      "m05": 0.10939013957977295,
      "m06": -0.01512243039906025,
      "m07": 0,
      "m08": -0.07713600248098373,
      "m09": 0.010932588018476963,
      "m10": 0.07826513797044754,
      "m11": 0,
      "m12": 0.08562620729207993,
      "m13": -0.015396174974739552,
      "m14": -0.10861083120107651,
      "m15": 1
    },
    {
      "__type__": "cc.Mat4",
      "m00": 0.011296882294118404,
      "m01": 0.0002426544378977269,
      "m02": 0.10985097289085388,
      "m03": 0,
      "m04": 0.01170880626887083,
      "m05": 0.10979857295751572,
      "m06": -0.0014466523425653577,
      "m07": 0,
      "m08": -0.10922542959451675,
      "m09": 0.011795343831181526,
      "m10": 0.01120650116354227,
      "m11": 0,
      "m12": 0.08003456145524979,
      "m13": -0.02650906890630722,
      "m14": -0.023220602422952652,
      "m15": 1
    },
    {
      "__type__": "cc.Mat4",
      "m00": -0.023804020136594772,
      "m01": 0.001613955944776535,
      "m02": 0.10782243311405182,
      "m03": 0,
      "m04": 0.0005611745873466134,
      "m05": 0.11041857302188873,
      "m06": -0.0015289257280528545,
      "m07": 0,
      "m08": -0.10783305764198303,
      "m09": 0.00021835105144418776,
      "m10": -0.023809632286429405,
      "m11": 0,
      "m12": 0.06396686285734177,
      "m13": -0.020358147099614143,
      "m14": -0.0032943529076874256,
      "m15": 1
    },
    {
      "__type__": "cc.Mat4",
      "m00": -0.11041492968797684,
      "m01": -0.0007411156548187137,
      "m02": -0.001706006471067667,
      "m03": 0,
      "m04": 0.0017059689853340387,
      "m05": 0.000011322850696160458,
      "m06": -0.11041741073131561,
      "m07": 0,
      "m08": 0.0007412021514028311,
      "m09": -0.1104281023144722,
      "m10": 1.2775947766385798e-7,
      "m11": 0,
      "m12": -0.0027222849894315004,
      "m13": 0.17288903892040253,
      "m14": -0.00601106695830822,
      "m15": 1
    },
    {
      "__type__": "cc.Mat4",
      "m00": -0.07870759069919586,
      "m01": 0.07077577710151672,
      "m02": 0.03147732838988304,
      "m03": 0,
      "m04": 0.00924401730298996,
      "m05": 0.05313730984926224,
      "m06": -0.09636333584785461,
      "m07": 0,
      "m08": -0.07690630853176117,
      "m09": -0.06604644656181335,
      "m10": -0.04379730299115181,
      "m11": 0,
      "m12": 0.11428558081388474,
      "m13": 0.11224893480539322,
      "m14": 0.06613650172948837,
      "m15": 1
    },
    {
      "__type__": "cc.Mat4",
      "m00": -0.01877712830901146,
      "m01": 0.1058427095413208,
      "m02": 0.025291351601481438,
      "m03": 0,
      "m04": 0.045301053673028946,
      "m05": 0.030938168987631798,
      "m06": -0.09584131836891174,
      "m07": 0,
      "m08": -0.09894514828920364,
      "m09": -0.005921364761888981,
      "m10": -0.048679616302251816,
      "m11": 0,
      "m12": 0.14953944087028503,
      "m13": 0.024854252114892006,
      "m14": 0.07271797955036163,
      "m15": 1
    }
  ],
  "_hash": 3565377517
}