{
  "__type__": "cc.Mesh",
  "_name": "",
  "_objFlags": 0,
  "_native": ".bin",
  "_struct": {
    "primitives": [
      {
        "primitiveMode": 7,
        "jointMapIndex": 0,
        "vertexBundelIndices": [
          0
        ],
        "indexView": {
          "offset": 215808,
          "length": 17082,
          "count": 8541,
          "stride": 2
        }
      },
      {
        "primitiveMode": 7,
        "jointMapIndex": 1,
        "vertexBundelIndices": [
          1
        ],
        "indexView": {
          "offset": 289914,
          "length": 3582,
          "count": 1791,
          "stride": 2
        }
      },
      {
        "primitiveMode": 7,
        "jointMapIndex": 2,
        "vertexBundelIndices": [
          2
        ],
        "indexView": {
          "offset": 476184,
          "length": 16668,
          "count": 8334,
          "stride": 2
        }
      },
      {
        "primitiveMode": 7,
        "jointMapIndex": 3,
        "vertexBundelIndices": [
          3
        ],
        "indexView": {
          "offset": 677364,
          "length": 19098,
          "count": 9549,
          "stride": 2
        }
      },
      {
        "primitiveMode": 7,
        "jointMapIndex": 4,
        "vertexBundelIndices": [
          4
        ],
        "indexView": {
          "offset": 747918,
          "length": 4884,
          "count": 2442,
          "stride": 2
        }
      },
      {
        "primitiveMode": 7,
        "jointMapIndex": 5,
        "vertexBundelIndices": [
          5
        ],
        "indexView": {
          "offset": 863490,
          "length": 8922,
          "count": 4461,
          "stride": 2
        }
      },
      {
        "primitiveMode": 7,
        "jointMapIndex": 6,
        "vertexBundelIndices": [
          6
        ],
        "indexView": {
          "offset": 969948,
          "length": 8082,
          "count": 4041,
          "stride": 2
        }
      }
    ],
    "vertexBundles": [
      {
        "view": {
          "offset": 0,
          "length": 215808,
          "count": 2248,
          "stride": 96
        },
        "attributes": [
          {
            "name": "a_position",
            "format": 32,
            "isNormalized": false
          },
          {
            "name": "a_normal",
            "format": 32,
            "isNormalized": false
          },
          {
            "name": "a_texCoord",
            "format": 21,
            "isNormalized": false
          },
          {
            "name": "a_tangent",
            "format": 44,
            "isNormalized": false
          },
          {
            "name": "a_joints",
            "format": 42,
            "isNormalized": false
          },
          {
            "name": "a_weights",
            "format": 44,
            "isNormalized": false
          },
          {
            "name": "a_color",
            "format": 44,
            "isNormalized": false
          },
          {
            "name": "a_texCoord1",
            "format": 21,
            "isNormalized": false
          }
        ]
      },
      {
        "view": {
          "offset": 232890,
          "length": 57024,
          "count": 594,
          "stride": 96
        },
        "attributes": [
          {
            "name": "a_position",
            "format": 32,
            "isNormalized": false
          },
          {
            "name": "a_normal",
            "format": 32,
            "isNormalized": false
          },
          {
            "name": "a_texCoord",
            "format": 21,
            "isNormalized": false
          },
          {
            "name": "a_tangent",
            "format": 44,
            "isNormalized": false
          },
          {
            "name": "a_joints",
            "format": 42,
            "isNormalized": false
          },
          {
            "name": "a_weights",
            "format": 44,
            "isNormalized": false
          },
          {
            "name": "a_color",
            "format": 44,
            "isNormalized": false
          },
          {
            "name": "a_texCoord1",
            "format": 21,
            "isNormalized": false
          }
        ]
      },
      {
        "view": {
          "offset": 293496,
          "length": 182688,
          "count": 1903,
          "stride": 96
        },
        "attributes": [
          {
            "name": "a_position",
            "format": 32,
            "isNormalized": false
          },
          {
            "name": "a_normal",
            "format": 32,
            "isNormalized": false
          },
          {
            "name": "a_texCoord",
            "format": 21,
            "isNormalized": false
          },
          {
            "name": "a_tangent",
            "format": 44,
            "isNormalized": false
          },
          {
            "name": "a_joints",
            "format": 42,
            "isNormalized": false
          },
          {
            "name": "a_weights",
            "format": 44,
            "isNormalized": false
          },
          {
            "name": "a_color",
            "format": 44,
            "isNormalized": false
          },
          {
            "name": "a_texCoord1",
            "format": 21,
            "isNormalized": false
          }
        ]
      },
      {
        "view": {
          "offset": 492852,
          "length": 184512,
          "count": 1922,
          "stride": 96
        },
        "attributes": [
          {
            "name": "a_position",
            "format": 32,
            "isNormalized": false
          },
          {
            "name": "a_normal",
            "format": 32,
            "isNormalized": false
          },
          {
            "name": "a_texCoord",
            "format": 21,
            "isNormalized": false
          },
          {
            "name": "a_tangent",
            "format": 44,
            "isNormalized": false
          },
          {
            "name": "a_joints",
            "format": 42,
            "isNormalized": false
          },
          {
            "name": "a_weights",
            "format": 44,
            "isNormalized": false
          },
          {
            "name": "a_color",
            "format": 44,
            "isNormalized": false
          },
          {
            "name": "a_texCoord1",
            "format": 21,
            "isNormalized": false
          }
        ]
      },
      {
        "view": {
          "offset": 696462,
          "length": 51456,
          "count": 536,
          "stride": 96
        },
        "attributes": [
          {
            "name": "a_position",
            "format": 32,
            "isNormalized": false
          },
          {
            "name": "a_normal",
            "format": 32,
            "isNormalized": false
          },
          {
            "name": "a_texCoord",
            "format": 21,
            "isNormalized": false
          },
          {
            "name": "a_tangent",
            "format": 44,
            "isNormalized": false
          },
          {
            "name": "a_joints",
            "format": 42,
            "isNormalized": false
          },
          {
            "name": "a_weights",
            "format": 44,
            "isNormalized": false
          },
          {
            "name": "a_color",
            "format": 44,
            "isNormalized": false
          },
          {
            "name": "a_texCoord1",
            "format": 21,
            "isNormalized": false
          }
        ]
      },
      {
        "view": {
          "offset": 752802,
          "length": 110688,
          "count": 1153,
          "stride": 96
        },
        "attributes": [
          {
            "name": "a_position",
            "format": 32,
            "isNormalized": false
          },
          {
            "name": "a_normal",
            "format": 32,
            "isNormalized": false
          },
          {
            "name": "a_texCoord",
            "format": 21,
            "isNormalized": false
          },
          {
            "name": "a_tangent",
            "format": 44,
            "isNormalized": false
          },
          {
            "name": "a_joints",
            "format": 42,
            "isNormalized": false
          },
          {
            "name": "a_weights",
            "format": 44,
            "isNormalized": false
          },
          {
            "name": "a_color",
            "format": 44,
            "isNormalized": false
          },
          {
            "name": "a_texCoord1",
            "format": 21,
            "isNormalized": false
          }
        ]
      },
      {
        "view": {
          "offset": 872412,
          "length": 97536,
          "count": 1016,
          "stride": 96
        },
        "attributes": [
          {
            "name": "a_position",
            "format": 32,
            "isNormalized": false
          },
          {
            "name": "a_normal",
            "format": 32,
            "isNormalized": false
          },
          {
            "name": "a_texCoord",
            "format": 21,
            "isNormalized": false
          },
          {
            "name": "a_tangent",
            "format": 44,
            "isNormalized": false
          },
          {
            "name": "a_joints",
            "format": 42,
            "isNormalized": false
          },
          {
            "name": "a_weights",
            "format": 44,
            "isNormalized": false
          },
          {
            "name": "a_color",
            "format": 44,
            "isNormalized": false
          },
          {
            "name": "a_texCoord1",
            "format": 21,
            "isNormalized": false
          }
        ]
      }
    ],
    "minPosition": {
      "__type__": "cc.Vec3",
      "x": -0.5042819976806641,
      "y": -0.13193976879119873,
      "z": 0.0020914124324917793
    },
    "maxPosition": {
      "__type__": "cc.Vec3",
      "x": 0.5042819976806641,
      "y": 0.21830254793167114,
      "z": 1.5876423120498657
    },
    "jointMaps": [
      [
        0,
        1,
        2,
        3,
        4,
        5,
        6,
        7,
        8,
        9,
        10,
        12,
        13,
        14,
        15,
        16,
        17,
        18,
        19,
        20,
        21,
        22,
        23,
        24,
        25,
        26,
        27,
        28,
        29,
        30
      ],
      [
        0,
        1,
        2,
        3,
        7,
        10,
        13,
        31,
        32,
        33,
        34,
        35,
        36,
        37,
        38,
        39,
        40,
        41,
        42,
        43,
        44,
        45,
        46,
        47,
        48,
        49,
        50,
        51
      ],
      [
        0,
        1,
        2,
        3,
        5,
        6,
        7,
        9,
        11,
        13,
        14,
        18,
        23,
        31,
        36,
        41,
        51,
        52,
        53,
        54,
        55,
        56,
        57,
        58,
        59,
        60,
        61,
        62
      ],
      [
        0,
        1,
        2,
        3,
        4,
        7,
        8,
        9,
        10,
        12,
        13,
        14,
        31,
        34,
        36,
        37,
        38,
        39,
        41,
        42,
        43,
        44,
        46,
        52,
        53,
        54,
        57,
        58,
        59
      ],
      [
        0,
        6,
        15,
        16,
        17,
        18,
        19,
        20,
        21,
        22,
        23,
        24,
        25,
        26,
        27,
        28,
        29,
        30,
        33,
        34,
        36,
        37,
        38,
        39,
        40,
        51
      ],
      [
        0,
        1,
        2,
        3,
        4,
        5,
        8,
        9,
        10,
        11,
        31,
        32,
        33,
        34,
        35,
        36,
        37,
        44,
        45,
        46,
        47,
        48,
        49,
        50,
        58,
        62,
        63,
        64,
        65
      ],
      [
        0,
        4,
        11,
        65,
        66,
        67
      ]
    ]
  },
  "_hash": 119969322
}